Date,Revenue,COGS,COGS_margin,Year,Covid_Decay_Shock
2012-07-04,5123547.94,3982991.19,0.7773892694366006,2012,0.0
2012-07-05,2751773.45,2150580.23,0.781525176064185,2012,0.0
2012-07-06,3054029.42,2517632.84,0.8243643049122952,2012,0.0
2012-07-07,2667930.94,2108246.62,0.7902178382473424,2012,0.0
2012-07-08,2360851.9,1808622.79,0.7660890503127282,2012,0.0
2012-07-09,3548386.46,2787841.68,0.7856646144456317,2012,0.0
2012-07-10,5234938.62,4044438.84,0.7725857232687094,2012,0.0
2012-07-11,5582884.78,4338313.07,0.7770737245987012,2012,0.0
2012-07-12,5734632.02,4458811.27,0.7775235192858982,2012,0.0
2012-07-13,5309511.71,4143402.78,0.7803736023778352,2012,0.0
2012-07-14,3820831.41,3075464.87,0.8049203275367756,2012,0.0
2012-07-15,3948841.28,3154482.05,0.7988373870524368,2012,0.0
2012-07-16,3503801.49,2708219.59,0.7729375073700308,2012,0.0
2012-07-17,4476729.49,3463061.65,0.7735695573600538,2012,0.0
2012-07-18,5184141.46,4072012.16,0.7854747389551365,2012,0.0
2012-07-19,6421487.11,5007270.91,0.7797681166722765,2012,0.0
2012-07-20,5171470.46,4213989.64,0.8148532748265954,2012,0.0
2012-07-21,3442157.02,2746075.45,0.797777508127738,2012,0.0
2012-07-22,3117550.57,2531656.38,0.8120658584858176,2012,0.0
2012-07-23,4730517.69,3685006.66,0.778985916866955,2012,0.0
2012-07-24,4096496.12,3248450.65,0.792982723489068,2012,0.0
2012-07-25,5246688.08,4140019.37,0.7890728983454264,2012,0.0
2012-07-26,5851965.06,4579171.74,0.7825015517095382,2012,0.0
2012-07-27,5156699.45,3989402.2,0.7736348101497363,2012,0.0
2012-07-28,4326956.84,3403662.59,0.7866181050236684,2012,0.0
2012-07-29,4804199.65,3819645.91,0.7950639416078389,2012,0.0
2012-07-30,6586130.95,5195109.56,0.7887953639913582,2012,0.0
2012-07-31,9151622.14,7142891.18,0.7805054744098077,2012,0.0
2012-08-01,9148357.3,7308514.33,0.7988881599541373,2012,0.0
2012-08-02,9692427.0,7537501.15,0.7776691173428493,2012,0.0
2012-08-03,9297269.95,7118808.46,0.7656880458763059,2012,0.0
2012-08-04,6384195.03,5087528.11,0.7968942186279043,2012,0.0
2012-08-05,2359224.19,1863413.11,0.7898414732683798,2012,0.0
2012-08-06,3630003.7,2922718.71,0.8051558487392175,2012,0.0
2012-08-07,2240253.44,1781265.84,0.7951180023631612,2012,0.0
2012-08-08,2617553.36,1997006.42,0.7629286380622247,2012,0.0
2012-08-09,4478691.52,3621672.71,0.8086452692325637,2012,0.0
2012-08-10,3412496.65,2699279.56,0.790998449771372,2012,0.0
2012-08-11,2732604.35,2168668.05,0.7936268014796946,2012,0.0
2012-08-12,3388181.83,2654275.25,0.7833922095025224,2012,0.0
2012-08-13,3928170.01,3189564.96,0.8119722292773168,2012,0.0
2012-08-14,4033912.16,3258198.58,0.8077019158493526,2012,0.0
2012-08-15,3780293.26,2886923.59,0.7636771518620225,2012,0.0
2012-08-16,5249978.18,4222455.97,0.80428067036271,2012,0.0
2012-08-17,4089284.05,3238908.92,0.792047918510332,2012,0.0
2012-08-18,3450015.71,2808916.94,0.8141751157417193,2012,0.0
2012-08-19,3904300.93,3006801.4,0.7701254216590318,2012,0.0
2012-08-20,3541027.32,2827038.81,0.7983668451335191,2012,0.0
2012-08-21,4147483.23,3364364.64,0.8111822166427421,2012,0.0
2012-08-22,4597682.81,3562468.33,0.7748399524759735,2012,0.0
2012-08-23,5478869.55,4195738.04,0.7658036026793155,2012,0.0
2012-08-24,4637850.57,3632210.67,0.7831668172957111,2012,0.0
2012-08-25,3589566.28,2784342.75,0.7756766508292473,2012,0.0
2012-08-26,4280204.53,3476942.48,0.8123309191488566,2012,0.0
2012-08-27,3038895.84,2365260.68,0.7783289735919348,2012,0.0
2012-08-28,9508676.62,7439851.59,0.7824276592130021,2012,0.0
2012-08-29,9260558.32,7336294.54,0.7922086645851392,2012,0.0
2012-08-30,10086534.1,7950911.72,0.7882699489411333,2012,0.0
2012-08-31,9104678.52,7277460.12,0.7993099486174939,2012,0.0
2012-09-01,8560208.92,6738335.17,0.787169475999191,2012,0.0
2012-09-02,2587099.44,1946097.28,0.7522313405935414,2012,0.0
2012-09-03,3865505.01,3063431.08,0.7925047495928611,2012,0.0
2012-09-04,3645749.44,2876968.79,0.7891295980011177,2012,0.0
2012-09-05,2398185.51,1966376.48,0.8199434413228526,2012,0.0
2012-09-06,2858227.37,2147909.96,0.7514832383681218,2012,0.0
2012-09-07,3282753.8,2580035.06,0.7859362039273248,2012,0.0
2012-09-08,3666204.89,2804001.32,0.76482395396074,2012,0.0
2012-09-09,4458501.42,3589475.8,0.8050857142039443,2012,0.0
2012-09-10,4548962.79,3517300.88,0.7732094198994316,2012,0.0
2012-09-11,4021565.55,3264364.41,0.8117148332942131,2012,0.0
2012-09-12,3335978.29,2673690.65,0.8014712379917796,2012,0.0
2012-09-13,2609609.29,2103806.97,0.8061769928785011,2012,0.0
2012-09-14,3729228.43,2835412.27,0.7603214239144905,2012,0.0
2012-09-15,3605125.64,2849539.9,0.7904134791818239,2012,0.0
2012-09-16,4452012.44,3561492.95,0.7999737193007483,2012,0.0
2012-09-17,4811788.67,3932069.23,0.8171741320468258,2012,0.0
2012-09-18,5078878.07,4123200.89,0.8118330137427379,2012,0.0
2012-09-19,3680241.62,3014323.76,0.8190559401368869,2012,0.0
2012-09-20,3763143.75,3080273.62,0.8185373253413453,2012,0.0
2012-09-21,3943768.14,2978697.93,0.7552923560054928,2012,0.0
2012-09-22,3872374.03,3011266.74,0.7776280691563259,2012,0.0
2012-09-23,4118299.54,3294951.2,0.8000756545260912,2012,0.0
2012-09-24,5733263.53,4585762.62,0.7998520556406379,2012,0.0
2012-09-25,5639897.53,4502395.62,0.798311599820857,2012,0.0
2012-09-26,4592282.59,3670417.04,0.7992576606658695,2012,0.0
2012-09-27,7556892.66,6017108.13,0.7962410478383055,2012,0.0
2012-09-28,4892631.14,3884590.92,0.7939676646051025,2012,0.0
2012-09-29,5304374.46,4170120.63,0.786166335247757,2012,0.0
2012-09-30,4694379.86,3812737.52,0.8121919473299717,2012,0.0
2012-10-01,4752532.1,3764447.04,0.7920929224233962,2012,0.0
2012-10-02,3233135.78,2566510.62,0.7938146723921382,2012,0.0
2012-10-03,3515132.03,2762823.63,0.7859800446812805,2012,0.0
2012-10-04,2398137.74,1902425.74,0.7932929407132385,2012,0.0
2012-10-05,2665953.06,2064899.19,0.7745444662855392,2012,0.0
2012-10-06,2205266.94,1755004.4,0.7958240193815267,2012,0.0
2012-10-07,3389598.07,2725469.75,0.8040687107188493,2012,0.0
2012-10-08,4037039.45,3285493.04,0.8138372390688429,2012,0.0
2012-10-09,4298675.76,3472700.63,0.8078535865193983,2012,0.0
2012-10-10,3548716.67,2839202.59,0.8000646019452434,2012,0.0
2012-10-11,3421490.39,2765374.16,0.808236716982274,2012,0.0
2012-10-12,2380119.87,1830898.15,0.7692461934700793,2012,0.0
2012-10-13,2798011.44,2256579.15,0.806493896965625,2012,0.0
2012-10-14,3055629.78,2516987.32,0.823721295189105,2012,0.0
2012-10-15,3234517.3,2632811.8,0.8139736337165363,2012,0.0
2012-10-16,3549298.21,2763325.25,0.7785553894047128,2012,0.0
2012-10-17,3818048.0,3108682.75,0.8142073515052718,2012,0.0
2012-10-18,2909728.89,2301277.14,0.7908905698771131,2012,0.0
2012-10-19,2877379.81,2352068.71,0.817434216305285,2012,0.0
2012-10-20,3242557.3,2647331.71,0.8164332855428647,2012,0.0
2012-10-21,2395609.91,1920246.47,0.8015689290582372,2012,0.0
2012-10-22,3596158.34,2873316.18,0.7989960141743926,2012,0.0
2012-10-23,3999141.88,3151858.27,0.7881336458110358,2012,0.0
2012-10-24,3829179.99,3037851.31,0.7933425218802524,2012,0.0
2012-10-25,3104460.52,2528526.7,0.8144818346731625,2012,0.0
2012-10-26,2138927.17,1671777.12,0.7815960933349592,2012,0.0
2012-10-27,2816872.34,2296869.06,0.8153969306255463,2012,0.0
2012-10-28,6259883.83,5044146.85,0.8057892106282106,2012,0.0
2012-10-29,5424539.1,4294440.71,0.7916692332441664,2012,0.0
2012-10-30,6347274.89,5049887.71,0.7955993394828376,2012,0.0
2012-10-31,4942677.89,3871571.88,0.783294393477055,2012,0.0
2012-11-01,5536748.35,4440955.34,0.802087264811304,2012,0.0
2012-11-02,1936831.08,1547786.14,0.7991332625661913,2012,0.0
2012-11-03,2911848.61,2151815.97,0.73898621055028,2012,0.0
2012-11-04,2658832.75,2131401.7,0.8016306027522793,2012,0.0
2012-11-05,3332448.46,2732792.99,0.8200555905971912,2012,0.0
2012-11-06,3439495.01,2809375.18,0.8167987369750539,2012,0.0
2012-11-07,1969815.91,1538155.1,0.7808623598740251,2012,0.0
2012-11-08,2197716.17,1723412.77,0.7841835053704865,2012,0.0
2012-11-09,2920310.06,2308918.6,0.7906415937217297,2012,0.0
2012-11-10,3124993.27,2475389.25,0.7921262659231263,2012,0.0
2012-11-11,3484874.3,2713727.18,0.7787159439294554,2012,0.0
2012-11-12,3806978.06,3077336.49,0.8083410099820749,2012,0.0
2012-11-13,3848498.06,3048755.92,0.7921937006251213,2012,0.0
2012-11-14,3213518.64,2550177.92,0.7935780699252455,2012,0.0
2012-11-15,2996358.37,2282178.26,0.7616506366025902,2012,0.0
2012-11-16,2851503.98,2255928.16,0.7911362480370798,2012,0.0
2012-11-17,3258479.4,2499839.57,0.7671797986508676,2012,0.0
2012-11-18,3292697.97,2632996.71,0.7996471993451618,2012,0.0
2012-11-19,4654711.93,3714724.53,0.7980568047741678,2012,0.0
2012-11-20,3532139.01,2841184.71,0.8043807737906669,2012,0.0
2012-11-21,3144567.59,2465022.82,0.7838988189787963,2012,0.0
2012-11-22,2661394.83,2082526.75,0.7824944748990889,2012,0.0
2012-11-23,3625609.77,2879673.14,0.7942589861235949,2012,0.0
2012-11-24,2283866.51,1759438.38,0.7703770655142187,2012,0.0
2012-11-25,2891169.43,2288045.69,0.7913910773468574,2012,0.0
2012-11-26,3626699.25,2942841.67,0.8114380231556283,2012,0.0
2012-11-27,4703189.22,3751057.26,0.7975561017296259,2012,0.0
2012-11-28,3980270.66,3143037.5,0.7896542141181926,2012,0.0
2012-11-29,3116036.61,2564940.27,0.8231418917764256,2012,0.0
2012-11-30,3184691.98,2466641.44,0.7745306156735446,2012,0.0
2012-12-01,3064822.76,2435991.34,0.794822908454256,2012,0.0
2012-12-02,1765509.34,1464812.23,0.8296825153017882,2012,0.0
2012-12-03,2315389.05,1807129.65,0.7804863938524716,2012,0.0
2012-12-04,2382954.42,1864688.02,0.7825109890268065,2012,0.0
2012-12-05,2286277.45,1849992.69,0.8091724344304755,2012,0.0
2012-12-06,2733678.5,2184618.1,0.7991496073879939,2012,0.0
2012-12-07,2065198.04,1633326.72,0.7908814013788237,2012,0.0
2012-12-08,2087384.34,1719369.91,0.8236958939722618,2012,0.0
2012-12-09,2430122.78,1883727.02,0.775157138356606,2012,0.0
2012-12-10,2542389.69,2015472.58,0.7927473069637881,2012,0.0
2012-12-11,3699430.17,3001083.16,0.8112284925221336,2012,0.0
2012-12-12,4386420.92,3545221.89,0.8082265597985522,2012,0.0
2012-12-13,2326824.81,1839144.84,0.7904096742031902,2012,0.0
2012-12-14,2659317.57,2101555.8,0.7902613150485822,2012,0.0
2012-12-15,3385542.75,2693057.28,0.7954580635556883,2012,0.0
2012-12-16,3484853.43,2706611.68,0.7766787712503593,2012,0.0
2012-12-17,4281691.85,3433745.61,0.8019600032636632,2012,0.0
2012-12-18,4394537.67,3473710.24,0.790460908712611,2012,0.0
2012-12-19,3785472.73,3004383.53,0.7936613850603541,2012,0.0
2012-12-20,3905985.95,3132486.67,0.8019707981796503,2012,0.0
2012-12-21,3966203.09,3174444.37,0.8003736313966717,2012,0.0
2012-12-22,3225123.87,2559516.54,0.7936180572189929,2012,0.0
2012-12-23,2151580.15,1770780.57,0.8230139927624821,2012,0.0
2012-12-24,3297376.6,2599138.83,0.7882444577304273,2012,0.0
2012-12-25,4917024.98,3856446.89,0.7843049213062977,2012,0.0
2012-12-26,3285221.25,2658633.45,0.8092707454634905,2012,0.0
2012-12-27,4994041.71,3924374.73,0.7858113643988769,2012,0.0
2012-12-28,8573663.31,6682336.48,0.7794027171799449,2012,0.0
2012-12-29,7842913.37,6260959.87,0.7982951710201027,2012,0.0
2012-12-30,6511908.92,5180121.12,0.7954842709931514,2012,0.0
2012-12-31,5573749.22,4432224.44,0.7951962431492389,2012,0.0
2013-01-01,5304546.99,4156070.2,0.7834920131417292,2013,0.0
2013-01-02,1606940.44,1237497.84,0.770095648348983,2013,0.0
2013-01-03,2281680.01,1832133.02,0.802975444396342,2013,0.0
2013-01-04,2376895.46,1940747.07,0.8165050178521525,2013,0.0
2013-01-05,2509462.77,1977027.71,0.7878290659000292,2013,0.0
2013-01-06,2603356.52,2060481.76,0.7914712196238108,2013,0.0
2013-01-07,3048100.39,2452517.39,0.8046051888730608,2013,0.0
2013-01-08,2449700.42,1973182.14,0.8054789573004196,2013,0.0
2013-01-09,2049715.7,1654806.5,0.8073346464585308,2013,0.0
2013-01-10,2794331.46,2122153.07,0.7594492995473057,2013,0.0
2013-01-11,2343077.25,1805692.13,0.770649849466124,2013,0.0
2013-01-12,2814596.53,2241879.07,0.7965188069069352,2013,0.0
2013-01-13,2919719.62,2279740.92,0.7808081654087045,2013,0.0
2013-01-14,3077677.28,2477490.97,0.8049872499952303,2013,0.0
2013-01-15,2536405.93,2094291.34,0.8256924947340744,2013,0.0
2013-01-16,1849789.43,1445623.48,0.7815070496970026,2013,0.0
2013-01-17,2173214.95,1763012.0,0.8112460297588142,2013,0.0
2013-01-18,2099249.56,1615535.57,0.7695776627910785,2013,0.0
2013-01-19,2477132.79,2033637.15,0.8209641236067929,2013,0.0
2013-01-20,2522776.58,2018671.04,0.8001782861009435,2013,0.0
2013-01-21,4100379.42,3250868.59,0.792821409195347,2013,0.0
2013-01-22,3538734.12,2801650.02,0.7917096693322639,2013,0.0
2013-01-23,2836455.88,2322088.98,0.8186585930608588,2013,0.0
2013-01-24,2522924.71,2102458.71,0.8333418360312465,2013,0.0
2013-01-25,2823082.71,2273250.41,0.8052369142241674,2013,0.0
2013-01-26,2312290.79,1869897.73,0.8086775841891408,2013,0.0
2013-01-27,3818881.29,3023842.24,0.7918136256076188,2013,0.0
2013-01-28,5008712.77,4035190.91,0.8056343206919411,2013,0.0
2013-01-29,4833870.43,4015854.7,0.8307741711645342,2013,0.0
2013-01-30,4296295.37,3414688.28,0.7947983054991863,2013,0.0
2013-01-31,3378679.46,2731823.14,0.8085475915492736,2013,0.0
2013-02-01,4073777.92,3289266.58,0.8074241268409644,2013,0.0
2013-02-02,2351969.75,1915236.16,0.814311561617661,2013,0.0
2013-02-03,2743224.75,2293960.05,0.8362275274747356,2013,0.0
2013-02-04,3599084.22,2986552.92,0.8298091229440582,2013,0.0
2013-02-05,3829186.14,3181079.49,0.8307455876250508,2013,0.0
2013-02-06,2313071.08,1919077.04,0.8296662634336338,2013,0.0
2013-02-07,2839296.13,2338660.54,0.8236761623029437,2013,0.0
2013-02-08,2648161.4,2136088.4,0.8066307438813963,2013,0.0
2013-02-09,2957587.36,2354253.06,0.7960045717804258,2013,0.0
2013-02-10,3380985.73,2832001.18,0.8376258896543761,2013,0.0
2013-02-11,4189315.44,3426089.62,0.8178161012387265,2013,0.0
2013-02-12,3967295.55,3276616.25,0.8259067691591568,2013,0.0
2013-02-13,3156812.35,2628245.52,0.832563113863895,2013,0.0
2013-02-14,3286622.13,2725794.93,0.8293606086075981,2013,0.0
2013-02-15,2860640.37,2293142.09,0.8016184467116361,2013,0.0
2013-02-16,3339909.75,2755975.45,0.8251646470387412,2013,0.0
2013-02-17,3433567.61,2907659.44,0.8468333145768462,2013,0.0
2013-02-18,4473211.04,3823113.82,0.8546687794993906,2013,0.0
2013-02-19,4318301.23,3421155.04,0.7922455747720035,2013,0.0
2013-02-20,3392471.04,2787089.48,0.821551443516523,2013,0.0
2013-02-21,3412803.18,2676550.95,0.7842675972893345,2013,0.0
2013-02-22,3535377.38,2908690.59,0.8227383606782029,2013,0.0
2013-02-23,4286140.45,3439856.85,0.8025534604214848,2013,0.0
2013-02-24,5419232.89,4431878.1,0.8178054329752195,2013,0.0
2013-02-25,9128225.25,7430696.94,0.8140352299040824,2013,0.0
2013-02-26,6762535.71,5653323.87,0.835976934160988,2013,0.0
2013-02-27,5716765.68,4880975.48,0.8538001648512556,2013,0.0
2013-02-28,4367566.41,3573846.75,0.8182695841366725,2013,0.0
2013-03-01,2693901.21,2256905.73,0.8377834055763315,2013,0.0
2013-03-02,279813.94,236576.31,0.8454772124648258,2013,0.0
2013-03-03,1959484.08,1505793.8,0.7684644215124218,2013,0.0
2013-03-04,1412869.43,1130489.5,0.8001372780781307,2013,0.0
2013-03-05,2440470.72,1954056.55,0.8006883811332921,2013,0.0
2013-03-06,3247761.18,2622451.1,0.8074642668153328,2013,0.0
2013-03-07,4017685.67,3191424.08,0.7943438940060237,2013,0.0
2013-03-08,3622255.55,2838056.23,0.7835052471656784,2013,0.0
2013-03-09,3263371.09,2560913.71,0.7847448663890689,2013,0.0
2013-03-10,3510986.19,2877727.07,0.8196349727026411,2013,0.0
2013-03-11,3242639.13,2568418.97,0.7920767211613833,2013,0.0
2013-03-12,3660190.99,2853606.73,0.7796332862947132,2013,0.0
2013-03-13,4335373.37,3463021.54,0.7987827678149898,2013,0.0
2013-03-14,6692797.3,5359353.2,0.8007643082213173,2013,0.0
2013-03-15,5330057.69,4206775.58,0.7892551684557846,2013,0.0
2013-03-16,3591734.21,2762570.88,0.7691468016504484,2013,0.0
2013-03-17,4401297.64,3565497.63,0.810101456805816,2013,0.0
2013-03-18,4567013.37,3743618.37,0.8197082133788455,2013,0.0
2013-03-19,4645433.62,3929520.42,0.8458888322248806,2013,0.0
2013-03-20,4992105.19,4308112.41,0.8629851026837037,2013,0.0
2013-03-21,7355693.45,6496769.78,0.883230088931996,2013,0.0
2013-03-22,6603332.26,6021167.98,0.911837802933757,2013,0.0
2013-03-23,6009508.61,5393148.03,0.8974357771990945,2013,0.0
2013-03-24,5088153.2,4610104.28,0.9060466732801992,2013,0.0
2013-03-25,4694308.82,4169990.65,0.8883076955299246,2013,0.0
2013-03-26,5731432.22,5192620.7,0.9059900738039262,2013,0.0
2013-03-27,6872130.59,6081507.57,0.8849522706756363,2013,0.0
2013-03-28,8099154.93,7239463.63,0.8938541974526718,2013,0.0
2013-03-29,8381683.44,7644413.84,0.9120380046230903,2013,0.0
2013-03-30,11636994.38,10600188.31,0.9109043077496098,2013,0.0
2013-03-31,9455023.8,8513517.85,0.9004226779418576,2013,0.0
2013-04-01,10313848.23,9188774.52,0.8909162046104686,2013,0.0
2013-04-02,8250013.05,7374699.1,0.8939015072224643,2013,0.0
2013-04-03,8740749.51,7769943.74,0.888933349606995,2013,0.0
2013-04-04,4270660.8,3779960.51,0.8850996805927551,2013,0.0
2013-04-05,3073716.42,2637291.44,0.858013908778221,2013,0.0
2013-04-06,3663196.56,3221790.63,0.8795025266129863,2013,0.0
2013-04-07,2924734.26,2598895.09,0.8885918715910963,2013,0.0
2013-04-08,4670874.28,4351446.44,0.9316128371581862,2013,0.0
2013-04-09,4293257.18,3845242.09,0.895646808188649,2013,0.0
2013-04-10,6011834.78,5327749.04,0.886210156294415,2013,0.0
2013-04-11,4244755.76,3794688.65,0.8939710231996952,2013,0.0
2013-04-12,4282161.81,3850989.97,0.8993097740974904,2013,0.0
2013-04-13,5214391.75,4691901.42,0.8997984127295384,2013,0.0
2013-04-14,4506492.03,3873550.82,0.8595490226574304,2013,0.0
2013-04-15,5167610.5,4514315.72,0.8735789433046472,2013,0.0
2013-04-16,5887221.88,4755791.57,0.8078159218283107,2013,0.0
2013-04-17,8104639.53,6617328.78,0.8164865020221325,2013,0.0
2013-04-18,6536742.64,5253454.75,0.8036808299370343,2013,0.0
2013-04-19,5871312.85,4657092.08,0.7931943330187218,2013,0.0
2013-04-20,6012115.71,4722140.67,0.785437422993311,2013,0.0
2013-04-21,6323547.99,5021941.78,0.794165204081894,2013,0.0
2013-04-22,7292352.56,5866886.82,0.8045259429969196,2013,0.0
2013-04-23,8757473.08,6907927.03,0.7888036842243996,2013,0.0
2013-04-24,9358565.61,7286897.36,0.7786339983783049,2013,0.0
2013-04-25,9127283.0,7206948.14,0.7896049832135149,2013,0.0
2013-04-26,6156392.84,4860244.05,0.7894629495410822,2013,0.0
2013-04-27,6420235.09,5103697.51,0.7949393501103088,2013,0.0
2013-04-28,9099343.31,7234100.22,0.7950134392720258,2013,0.0
2013-04-29,13160942.22,10423989.71,0.7920397746416062,2013,0.0
2013-04-30,11190466.86,8842281.65,0.7901619977631569,2013,0.0
2013-05-01,13051232.31,10395426.51,0.7965091926250448,2013,0.0
2013-05-02,11179665.29,8989067.99,0.8040551981498545,2013,0.0
2013-05-03,8173550.12,6507576.59,0.7961750395432823,2013,0.0
2013-05-04,3225175.57,2586608.79,0.8020055757770732,2013,0.0
2013-05-05,3906711.0,3268319.42,0.8365910403917771,2013,0.0
2013-05-06,4311626.38,3384442.35,0.7849572415873382,2013,0.0
2013-05-07,3763332.37,3079887.85,0.8183937923080655,2013,0.0
2013-05-08,5458168.5,4267785.48,0.7819079751751894,2013,0.0
2013-05-09,5815611.07,4647084.74,0.7990707569789395,2013,0.0
2013-05-10,4248246.45,3392369.6,0.7985340869289728,2013,0.0
2013-05-11,4388803.6,3347274.34,0.7626849239733581,2013,0.0
2013-05-12,4298069.68,3423974.02,0.7966306446665147,2013,0.0
2013-05-13,4663488.62,3677688.54,0.7886131691686212,2013,0.0
2013-05-14,5622176.45,4515976.68,0.803243498343066,2013,0.0
2013-05-15,6416011.44,5136196.06,0.8005278837221025,2013,0.0
2013-05-16,7727680.05,6101584.58,0.7895752076329817,2013,0.0
2013-05-17,6520355.77,5213542.1,0.7995793916625503,2013,0.0
2013-05-18,5126131.05,4165368.61,0.8125755212598398,2013,0.0
2013-05-19,5417543.03,4323889.4,0.7981273754645194,2013,0.0
2013-05-20,5837064.06,4872375.63,0.8347305391745179,2013,0.0
2013-05-21,5156527.79,4086850.49,0.7925586085128031,2013,0.0
2013-05-22,6977473.78,5617374.39,0.8050728053040422,2013,0.0
2013-05-23,9166919.02,7150676.62,0.7800523386755085,2013,0.0
2013-05-24,6670030.19,5242528.96,0.7859827932802804,2013,0.0
2013-05-25,5054594.94,3916382.21,0.7748162328512914,2013,0.0
2013-05-26,3649585.05,2889501.26,0.7917341890689737,2013,0.0
2013-05-27,4403026.04,3471897.02,0.788525207086897,2013,0.0
2013-05-28,6274027.61,4977411.59,0.7933359397505105,2013,0.0
2013-05-29,7359639.59,5841803.19,0.7937621290501266,2013,0.0
2013-05-30,12828293.48,10036927.65,0.7824055214864012,2013,0.0
2013-05-31,13809349.18,11231361.14,0.8133157467164576,2013,0.0
2013-06-01,13162597.88,10314262.16,0.7836038336833245,2013,0.0
2013-06-02,12079925.72,9610953.04,0.7956135875974574,2013,0.0
2013-06-03,9411997.25,7525850.2,0.7996018273379755,2013,0.0
2013-06-04,5397308.75,4297393.33,0.7962103946712331,2013,0.0
2013-06-05,6860958.96,5505167.85,0.8023904358116143,2013,0.0
2013-06-06,5692902.11,4632206.37,0.8136810154987892,2013,0.0
2013-06-07,3843507.28,2986865.05,0.7771196546296122,2013,0.0
2013-06-08,3646959.35,2897196.14,0.7944141576461499,2013,0.0
2013-06-09,3880132.51,3070545.08,0.7913505716844708,2013,0.0
2013-06-10,4476887.83,3582347.82,0.8001870844282466,2013,0.0
2013-06-11,5003847.86,3903592.44,0.780118130929744,2013,0.0
2013-06-12,7209020.15,5796177.46,0.8040173753710481,2013,0.0
2013-06-13,6845836.24,5559998.61,0.8121723066516122,2013,0.0
2013-06-14,4871516.57,3975403.65,0.816050524077351,2013,0.0
2013-06-15,5166292.57,4029821.84,0.7800219955409919,2013,0.0
2013-06-16,5794009.15,4551326.63,0.7855228585546848,2013,0.0
2013-06-17,5795298.96,4637293.92,0.800182001309558,2013,0.0
2013-06-18,6632615.61,5459331.17,0.8231038086647087,2013,0.0
2013-06-19,7437341.02,6031157.35,0.8109292465924871,2013,0.0
2013-06-20,7078652.68,5515676.8,0.7791986765481479,2013,0.0
2013-06-21,5526354.45,4396745.86,0.7955960660467589,2013,0.0
2013-06-22,5117274.96,4111300.17,0.8034159200231836,2013,0.0
2013-06-23,5844565.63,4855247.11,0.8307284779348094,2013,0.0
2013-06-24,5243774.5,4800223.91,0.9154138702951472,2013,0.0
2013-06-25,6728887.1,6142934.34,0.9129198110635561,2013,0.0
2013-06-26,8817278.13,8290194.65,0.9402215204931955,2013,0.0
2013-06-27,7748199.74,7462815.86,0.9631677177181289,2013,0.0
2013-06-28,6285354.21,6043485.1,0.9615186190119267,2013,0.0
2013-06-29,9546012.78,9167617.84,0.9603609434933106,2013,0.0
2013-06-30,7372318.59,7149429.97,0.9697668220276954,2013,0.0
2013-07-01,6359864.53,6248239.94,0.9824485899859254,2013,0.0
2013-07-02,7209130.33,6927420.38,0.9609231714361307,2013,0.0
2013-07-03,8038680.63,7869401.17,0.978941885143657,2013,0.0
2013-07-04,2521315.44,2408274.98,0.9551660779105053,2013,0.0
2013-07-05,2494107.65,2432073.97,0.9751279059666893,2013,0.0
2013-07-06,2452372.43,2331799.51,0.9508341724425599,2013,0.0
2013-07-07,2958215.01,2950992.63,0.9975585344623075,2013,0.0
2013-07-08,2571901.18,2450996.77,0.9529902583582157,2013,0.0
2013-07-09,4624825.33,4592718.95,0.9930578178181705,2013,0.0
2013-07-10,3855254.64,3797797.81,0.9850964889831505,2013,0.0
2013-07-11,5785320.61,5626075.87,0.9724743448574408,2013,0.0
2013-07-12,6053300.71,5886949.95,0.9725189994732643,2013,0.0
2013-07-13,4161301.31,3995435.41,0.9601408579567626,2013,0.0
2013-07-14,4482102.22,4419156.67,0.9859562439876707,2013,0.0
2013-07-15,4387240.36,4219310.04,0.9617230180659625,2013,0.0
2013-07-16,4411030.39,4135243.61,0.9374779233837924,2013,0.0
2013-07-17,4475453.64,4375610.63,0.9776909743612047,2013,0.0
2013-07-18,6265533.39,6163756.55,0.9837560773098043,2013,0.0
2013-07-19,6310739.5,5960928.51,0.9445689383946207,2013,0.0
2013-07-20,4157746.85,3978173.28,0.9568098836993887,2013,0.0
2013-07-21,4847680.2,4301699.27,0.8873727417084979,2013,0.0
2013-07-22,5926190.4,5032346.99,0.8491706560761193,2013,0.0
2013-07-23,4436778.28,3552350.42,0.8006598923397181,2013,0.0
2013-07-24,7329505.1,5924978.27,0.8083735790019437,2013,0.0
2013-07-25,6342757.31,4978292.65,0.7848783118583487,2013,0.0
2013-07-26,6941436.71,5543496.22,0.7986093443759138,2013,0.0
2013-07-27,4353958.13,3499528.32,0.8037579176260935,2013,0.0
2013-07-28,6017516.42,4917333.26,0.8171698948185006,2013,0.0
2013-07-29,8158241.16,6599164.67,0.808895513208879,2013,0.0
2013-07-30,7711378.77,7073525.07,0.9172840915970207,2013,0.0
2013-07-31,10104475.36,10851542.12,1.0739342453104859,2013,0.0
2013-08-01,10998208.4,12167214.07,1.1062905545597772,2013,0.0
2013-08-02,7422715.15,9601836.11,1.2935746443132738,2013,0.0
2013-08-03,5599602.67,7786528.35,1.3905501530879154,2013,0.0
2013-08-04,5021938.29,7089757.76,1.4117572440341555,2013,0.0
2013-08-05,2231563.34,3064145.21,1.3730935416782748,2013,0.0
2013-08-06,2493225.51,3592496.3,1.4409030733846455,2013,0.0
2013-08-07,2638845.23,3381813.66,1.2815505894599208,2013,0.0
2013-08-08,3065089.0,4223344.7,1.3778864822522283,2013,0.0
2013-08-09,2598855.08,3418548.13,1.3154054476942976,2013,0.0
2013-08-10,1776113.02,2320738.01,1.3066387014042606,2013,0.0
2013-08-11,2074476.53,2834815.33,1.3665208012741412,2013,0.0
2013-08-12,1933036.01,2566277.36,1.3275890085461988,2013,0.0
2013-08-13,2531884.21,3266499.42,1.2901456579643507,2013,0.0
2013-08-14,2791478.67,3740726.27,1.3400518908496621,2013,0.0
2013-08-15,3665019.45,4896607.22,1.336038535893718,2013,0.0
2013-08-16,3619170.1,4661015.06,1.2878684701777348,2013,0.0
2013-08-17,3066137.96,4129676.85,1.346865960982395,2013,0.0
2013-08-18,2385617.18,2947242.18,1.2354212589968019,2013,0.0
2013-08-19,2870843.18,3669528.41,1.2782058022409988,2013,0.0
2013-08-20,2730112.88,3528369.0,1.2923894194440781,2013,0.0
2013-08-21,2707776.73,3591906.04,1.3265148489550689,2013,0.0
2013-08-22,3821233.2,5275320.79,1.3805283566572173,2013,0.0
2013-08-23,3454696.96,4693020.59,1.358446383094626,2013,0.0
2013-08-24,2837188.07,4087795.83,1.4407912796559872,2013,0.0
2013-08-25,3018860.44,3945685.24,1.3070114761582023,2013,0.0
2013-08-26,3465971.03,4845153.03,1.3979208100882483,2013,0.0
2013-08-27,3008572.56,3950990.04,1.313244058836992,2013,0.0
2013-08-28,3749158.5,4845899.79,1.2925299877292464,2013,0.0
2013-08-29,6385124.62,8251851.88,1.2923556502175206,2013,0.0
2013-08-30,5499141.72,7247803.25,1.3179880823293277,2013,0.0
2013-08-31,6810100.27,8325085.12,1.2224614601746533,2013,0.0
2013-09-01,6018993.92,6937336.62,1.1525741198954393,2013,0.0
2013-09-02,5386759.65,5986639.99,1.111362002201082,2013,0.0
2013-09-03,4126941.12,3701795.41,0.8969828505815949,2013,0.0
2013-09-04,5401049.96,4808183.3,0.8902312208939464,2013,0.0
2013-09-05,3168900.6,2729766.04,0.8614236874454188,2013,0.0
2013-09-06,2705040.33,2367475.06,0.8752087847799297,2013,0.0
2013-09-07,2468479.29,2187848.67,0.8863143713067165,2013,0.0
2013-09-08,3056823.21,2611808.27,0.8544191438535956,2013,0.0
2013-09-09,3771227.87,3399993.99,0.9015615357127704,2013,0.0
2013-09-10,5357130.97,4737093.81,0.8842594733128206,2013,0.0
2013-09-11,4636476.74,4075727.91,0.8790571243111639,2013,0.0
2013-09-12,3865949.23,3502787.78,0.9060615056240663,2013,0.0
2013-09-13,3034568.95,2783517.1,0.9172693538566655,2013,0.0
2013-09-14,3664631.38,3289032.18,0.8975069628967703,2013,0.0
2013-09-15,3078369.62,2753095.6,0.8943356191255551,2013,0.0
2013-09-16,3927167.34,3489729.16,0.888612289182462,2013,0.0
2013-09-17,5410121.46,4728526.43,0.874014837737118,2013,0.0
2013-09-18,4460453.69,3992756.75,0.8951458814495616,2013,0.0
2013-09-19,2995364.48,2599191.98,0.8677381324893056,2013,0.0
2013-09-20,3316913.08,3045593.87,0.9182012903395105,2013,0.0
2013-09-21,3799564.88,3399323.86,0.8946613539600882,2013,0.0
2013-09-22,3243304.2,2980813.06,0.9190667529737112,2013,0.0
2013-09-23,4426354.9,3977701.82,0.8986405089207825,2013,0.0
2013-09-24,4673257.46,4051335.39,0.8669189370961813,2013,0.0
2013-09-25,4851490.55,4336304.71,0.8938087512094608,2013,0.0
2013-09-26,4120039.5,3761711.17,0.9130279382030196,2013,0.0
2013-09-27,4676571.41,4202205.54,0.8985654599466493,2013,0.0
2013-09-28,7035889.97,6246182.51,0.887760117999685,2013,0.0
2013-09-29,5087376.98,4359895.07,0.8570025549787348,2013,0.0
2013-09-30,5768935.23,5117966.77,0.8871596864851609,2013,0.0
2013-10-01,5389130.81,4591599.54,0.8520111501988203,2013,0.0
2013-10-02,5393969.29,4651419.05,0.862336954461971,2013,0.0
2013-10-03,2026611.74,1672946.51,0.8254894003525313,2013,0.0
2013-10-04,2912944.43,2284930.64,0.784405846011968,2013,0.0
2013-10-05,2463961.82,1952842.64,0.792562053579223,2013,0.0
2013-10-06,2875234.12,2170808.86,0.7550024691554508,2013,0.0
2013-10-07,2084519.3,1674894.34,0.803491884196035,2013,0.0
2013-10-08,2982770.86,2404722.52,0.8062042419175304,2013,0.0
2013-10-09,3524600.98,2822967.5,0.800932507259304,2013,0.0
2013-10-10,4018321.34,3267316.51,0.8131048349657372,2013,0.0
2013-10-11,1938342.36,1556262.82,0.8028833564778515,2013,0.0
2013-10-12,3170838.37,2562812.71,0.8082445116872986,2013,0.0
2013-10-13,3719451.39,2946745.46,0.7922527144520632,2013,0.0
2013-10-14,3097590.81,2398025.79,0.7741583498564163,2013,0.0
2013-10-15,4062456.23,3281418.54,0.8077424972034715,2013,0.0
2013-10-16,4801027.51,3944302.72,0.8215538677469483,2013,0.0
2013-10-17,3348412.32,2713865.33,0.8104931742695297,2013,0.0
2013-10-18,3238854.55,2560313.88,0.790499801851244,2013,0.0
2013-10-19,3376648.2,2769325.22,0.8201402858609909,2013,0.0
2013-10-20,2888479.98,2302148.44,0.7970103500596185,2013,0.0
2013-10-21,3409990.75,2751364.44,0.8068539306155009,2013,0.0
2013-10-22,3932052.89,3189287.97,0.8110999671726186,2013,0.0
2013-10-23,4895108.72,3861527.06,0.7888541972975832,2013,0.0
2013-10-24,4333852.18,3403031.49,0.7852209417073381,2013,0.0
2013-10-25,3503713.92,2743366.59,0.7829881812953495,2013,0.0
2013-10-26,2923604.47,2331573.03,0.7974994750230354,2013,0.0
2013-10-27,2949737.88,2365410.99,0.8019054865986941,2013,0.0
2013-10-28,3235799.73,2588267.2,0.7998848556675046,2013,0.0
2013-10-29,5981959.98,4833162.34,0.8079563146793235,2013,0.0
2013-10-30,6960811.52,5563340.73,0.7992373754145264,2013,0.0
2013-10-31,5649038.29,4525813.51,0.8011653095026198,2013,0.0
2013-11-01,4823330.61,3780905.84,0.7838786402410843,2013,0.0
2013-11-02,4871579.51,3874376.58,0.7953019286756956,2013,0.0
2013-11-03,2310551.56,1894570.42,0.8199645715761478,2013,0.0
2013-11-04,2638652.15,2128739.96,0.806752780960537,2013,0.0
2013-11-05,3529966.51,2818098.89,0.7983358714641178,2013,0.0
2013-11-06,2440647.75,1890461.99,0.7745738769554107,2013,0.0
2013-11-07,2145217.46,1755584.37,0.8183712853055001,2013,0.0
2013-11-08,2200221.02,1790704.8,0.8138749624344558,2013,0.0
2013-11-09,2018930.67,1594615.53,0.7898317429592567,2013,0.0
2013-11-10,2722218.97,2099682.78,0.7713129631155277,2013,0.0
2013-11-11,3495969.18,2676318.51,0.765544080111141,2013,0.0
2013-11-12,5162437.56,3979066.87,0.7707728807861843,2013,0.0
2013-11-13,4681263.25,3622930.35,0.7739215157361637,2013,0.0
2013-11-14,3118904.74,2460188.52,0.788798865335015,2013,0.0
2013-11-15,3370811.62,2719077.99,0.8066537963340711,2013,0.0
2013-11-16,3365890.12,2733920.22,0.8122428607384249,2013,0.0
2013-11-17,2416530.15,1906202.04,0.7888178179775659,2013,0.0
2013-11-18,2109164.6,1778409.36,0.8431818739988335,2013,0.0
2013-11-19,3237660.32,2746026.34,0.8481514638941493,2013,0.0
2013-11-20,3321114.32,2983892.23,0.8984611616741938,2013,0.0
2013-11-21,2595234.4,2362389.95,0.9102799924353655,2013,0.0
2013-11-22,2550262.64,2542345.82,0.9968956844382113,2013,0.0
2013-11-23,2054330.57,2011741.48,0.9792686286121907,2013,0.0
2013-11-24,2519706.85,2537974.67,1.007249978306008,2013,0.0
2013-11-25,2406331.38,2358037.25,0.9799303909671826,2013,0.0
2013-11-26,3107204.99,3083734.78,0.9924465202406872,2013,0.0
2013-11-27,3123410.59,3027393.58,0.9692589215431968,2013,0.0
2013-11-28,3580033.44,3514991.8,0.9818321138363445,2013,0.0
2013-11-29,1768057.43,1773822.57,1.0032607198737884,2013,0.0
2013-11-30,2685677.46,2672025.29,0.9949166755117348,2013,0.0
2013-12-01,2391698.09,2420438.06,1.0120165543135087,2013,0.0
2013-12-02,2263746.75,2226485.61,0.9835400580917454,2013,0.0
2013-12-03,1933337.47,1904782.57,0.9852302557400908,2013,0.0
2013-12-04,2924599.17,2877557.67,0.9839152317067777,2013,0.0
2013-12-05,2231578.75,2246889.53,1.006860963342656,2013,0.0
2013-12-06,1718341.54,1744505.5,1.015226286154963,2013,0.0
2013-12-07,1444180.43,1408359.66,0.9751964718148133,2013,0.0
2013-12-08,1714762.98,1677034.75,0.9779979913025647,2013,0.0
2013-12-09,1959405.6,1928205.78,0.9840768955646548,2013,0.0
2013-12-10,2256213.74,2198430.55,0.9743893102964614,2013,0.0
2013-12-11,3016597.65,3024225.14,1.0025285075720987,2013,0.0
2013-12-12,2988571.87,2946591.17,0.9859529227249267,2013,0.0
2013-12-13,2131538.29,2083673.81,0.9775446304555946,2013,0.0
2013-12-14,2245758.87,2305729.18,1.0267038063619003,2013,0.0
2013-12-15,2154695.59,2095032.07,0.9723100004117056,2013,0.0
2013-12-16,2694197.04,2720062.14,1.0096003000582319,2013,0.0
2013-12-17,3167410.81,3021649.06,0.9539807878599745,2013,0.0
2013-12-18,3189533.36,3219583.56,1.009421503589478,2013,0.0
2013-12-19,3062553.19,2981811.67,0.9736358799371579,2013,0.0
2013-12-20,2500743.7,2516358.41,1.0062440265269887,2013,0.0
2013-12-21,3213344.27,3159953.94,0.9833848086249407,2013,0.0
2013-12-22,3476225.97,3458589.82,0.9949266387880992,2013,0.0
2013-12-23,2932660.62,2856672.71,0.9740890884264678,2013,0.0
2013-12-24,2629786.52,2542278.8,0.9667244016445866,2013,0.0
2013-12-25,3807864.44,3711704.9,0.9747471209873217,2013,0.0
2013-12-26,3278628.42,3269160.78,0.9971123168632815,2013,0.0
2013-12-27,1853472.36,1854636.14,1.0006278917480051,2013,0.0
2013-12-28,3547336.16,3487806.62,0.9832185230508292,2013,0.0
2013-12-29,6516622.75,6506519.56,0.9984496279150116,2013,0.0
2013-12-30,5792994.45,5695206.04,0.9831195401887534,2013,0.0
2013-12-31,6247467.59,6080338.22,0.9732484614618064,2013,0.0
2014-01-01,5743739.48,5563113.31,0.968552513457661,2014,0.0
2014-01-02,3787850.5,3666330.68,0.9679185279355667,2014,0.0
2014-01-03,2354832.6,1871645.41,0.7948103869464012,2014,0.0
2014-01-04,2243604.06,1747621.88,0.7789350675359359,2014,0.0
2014-01-05,2361866.5,1851453.14,0.7838940685258883,2014,0.0
2014-01-06,2639202.87,2146455.69,0.8132969672013125,2014,0.0
2014-01-07,3437125.39,2809411.95,0.8173725515437189,2014,0.0
2014-01-08,2250519.73,1808614.16,0.8036428811934921,2014,0.0
2014-01-09,2214274.18,1884156.18,0.8509136750174271,2014,0.0
2014-01-10,1886360.71,1560748.05,0.8273857919782479,2014,0.0
2014-01-11,2550841.93,2031865.95,0.7965471815809456,2014,0.0
2014-01-12,2172729.29,1773388.32,0.8162030714834244,2014,0.0
2014-01-13,2467719.52,1991302.84,0.8069405067558083,2014,0.0
2014-01-14,3356963.59,2731972.75,0.8138225741078116,2014,0.0
2014-01-15,3637788.72,2842296.43,0.7813253184203617,2014,0.0
2014-01-16,2005770.41,1635446.76,0.8153708678950947,2014,0.0
2014-01-17,2464459.86,2002144.2,0.8124069020138149,2014,0.0
2014-01-18,1718246.3,1332157.65,0.7753007528664545,2014,0.0
2014-01-19,2453121.94,1918965.99,0.7822546277499764,2014,0.0
2014-01-20,3133739.97,2422846.03,0.7731483955894399,2014,0.0
2014-01-21,3590697.9,2848601.86,0.7933281883725166,2014,0.0
2014-01-22,3244854.06,2563525.38,0.7900279435063405,2014,0.0
2014-01-23,3187811.81,2528375.63,0.7931382969561179,2014,0.0
2014-01-24,1812010.8,1397879.36,0.7714520023832088,2014,0.0
2014-01-25,2221742.74,1777122.99,0.7998779327619182,2014,0.0
2014-01-26,2002533.83,1553846.68,0.7759402896079912,2014,0.0
2014-01-27,2983790.31,2360438.19,0.7910871558531202,2014,0.0
2014-01-28,5411096.61,4320849.3,0.7985163842787127,2014,0.0
2014-01-29,4892083.36,3928929.64,0.8031199288476556,2014,0.0
2014-01-30,3844256.32,3007196.76,0.7822570894544305,2014,0.0
2014-01-31,3732079.59,2938223.15,0.7872884484759877,2014,0.0
2014-02-01,3825094.63,3049434.19,0.7972179736635692,2014,0.0
2014-02-02,2382294.19,1885054.33,0.7912768867559552,2014,0.0
2014-02-03,2051412.93,1563684.31,0.7622474671640098,2014,0.0
2014-02-04,2787111.54,2197609.21,0.7884898679010169,2014,0.0
2014-02-05,2599325.56,2019260.92,0.7768403277656377,2014,0.0
2014-02-06,2415914.42,1966150.9,0.8138330082073023,2014,0.0
2014-02-07,3381887.13,2654650.93,0.7849614218201304,2014,0.0
2014-02-08,2907660.51,2328115.15,0.8006832785303398,2014,0.0
2014-02-09,2947940.87,2410207.36,0.8175901302932171,2014,0.0
2014-02-10,3705563.44,2772562.54,0.7482161849049331,2014,0.0
2014-02-11,4637151.61,3649526.8,0.7870190813105633,2014,0.0
2014-02-12,3457342.17,2728834.4,0.7892867601241794,2014,0.0
2014-02-13,3190217.92,2601375.48,0.8154225025480392,2014,0.0
2014-02-14,2632487.0,2058838.35,0.7820887054712901,2014,0.0
2014-02-15,2873057.42,2155414.19,0.7502161895532182,2014,0.0
2014-02-16,3990264.22,3220526.51,0.8070960549073614,2014,0.0
2014-02-17,3757742.25,3005221.34,0.7997412116278065,2014,0.0
2014-02-18,4902775.35,3900047.01,0.7954774044460349,2014,0.0
2014-02-19,4469573.84,3530912.16,0.7899885506757844,2014,0.0
2014-02-20,3050037.65,2452045.97,0.803939574319681,2014,0.0
2014-02-21,3394380.68,2732646.22,0.8050500157807875,2014,0.0
2014-02-22,4262143.74,3402076.06,0.798207725392199,2014,0.0
2014-02-23,3997442.72,3186343.91,0.79709557664406,2014,0.0
2014-02-24,4743111.4,3834496.32,0.8084348008355864,2014,0.0
2014-02-25,6869199.08,5572490.58,0.8112285748457301,2014,0.0
2014-02-26,7766238.39,6157127.45,0.7928069086738401,2014,0.0
2014-02-27,5932389.78,4717814.02,0.795263661856015,2014,0.0
2014-02-28,5511196.67,4511480.57,0.8186027173659184,2014,0.0
2014-03-01,4400079.49,3611872.46,0.8208652748680229,2014,0.0
2014-03-02,4943352.33,3968450.0,0.8027851820143275,2014,0.0
2014-03-03,3637156.46,2881941.03,0.7923610275484272,2014,0.0
2014-03-04,4742209.79,3846248.96,0.8110668085816591,2014,0.0
2014-03-05,5310211.41,4366670.54,0.8223157616242627,2014,0.0
2014-03-06,5506734.13,4454685.13,0.8089522800331745,2014,0.0
2014-03-07,3167820.98,2582186.62,0.8151302224155357,2014,0.0
2014-03-08,3577664.95,2914921.51,0.8147553084868944,2014,0.0
2014-03-09,3828277.38,3070464.44,0.8020485809207483,2014,0.0
2014-03-10,4725035.68,3759283.28,0.7956095010905823,2014,0.0
2014-03-11,5775004.59,4559934.88,0.789598485842935,2014,0.0
2014-03-12,6930320.53,5534691.64,0.7986198641233697,2014,0.0
2014-03-13,5304893.97,4244468.26,0.8001042591997366,2014,0.0
2014-03-14,4544809.4,3647946.39,0.8026621292413274,2014,0.0
2014-03-15,4691387.16,3744464.98,0.7981573151596382,2014,0.0
2014-03-16,5553669.8,4426899.92,0.7971125542969804,2014,0.0
2014-03-17,6623777.28,5406586.76,0.8162392138885443,2014,0.0
2014-03-18,5707570.51,4657479.17,0.8160178068479088,2014,0.0
2014-03-19,7282983.0,6147005.74,0.8440230795540784,2014,0.0
2014-03-20,6459634.76,5394910.61,0.8351727010026803,2014,0.0
2014-03-21,4506741.28,3883392.78,0.8616853151153153,2014,0.0
2014-03-22,4682426.76,4390336.24,0.9376198422375325,2014,0.0
2014-03-23,5239607.0,4727286.58,0.9022215941004735,2014,0.0
2014-03-24,5516390.06,5135733.73,0.9309953926644557,2014,0.0
2014-03-25,6858764.17,6248964.6,0.9110919175983273,2014,0.0
2014-03-26,7966063.19,7366934.0,0.9247898019749451,2014,0.0
2014-03-27,8330175.47,7600114.49,0.9123594715826557,2014,0.0
2014-03-28,5747360.19,5214181.96,0.9072307611888163,2014,0.0
2014-03-29,6857129.34,6302802.0,0.9191604368950113,2014,0.0
2014-03-30,12784107.1,11757805.12,0.9197204801264532,2014,0.0
2014-03-31,12312523.89,11321960.71,0.9195483242225815,2014,0.0
2014-04-01,12163891.23,11150883.99,0.9167201333154308,2014,0.0
2014-04-02,13046471.25,11843249.22,0.9077741400763828,2014,0.0
2014-04-03,9642469.77,8683847.27,0.9005833025287254,2014,0.0
2014-04-04,3027057.03,2762337.1,0.9125487470581287,2014,0.0
2014-04-05,4578612.03,4277766.79,0.9342933539621175,2014,0.0
2014-04-06,4749333.13,4416528.48,0.9299260252144075,2014,0.0
2014-04-07,4614814.59,4275798.75,0.9265374949765859,2014,0.0
2014-04-08,6392830.04,5806623.81,0.9083025473331682,2014,0.0
2014-04-09,6139037.72,5584747.6,0.9097105857170071,2014,0.0
2014-04-10,5203589.72,4738923.88,0.9107028291999931,2014,0.0
2014-04-11,5105964.56,4552400.07,0.8915847371255551,2014,0.0
2014-04-12,5687376.75,5248378.46,0.9228118147791071,2014,0.0
2014-04-13,4945405.38,4494711.75,0.9088661908642159,2014,0.0
2014-04-14,6921493.59,6054527.76,0.8747429555880004,2014,0.0
2014-04-15,7871571.71,6776042.49,0.860824590010627,2014,0.0
2014-04-16,7912857.96,6785359.76,0.8575106231276265,2014,0.0
2014-04-17,5557754.18,4737292.06,0.8523752412525737,2014,0.0
2014-04-18,5700339.67,4462371.41,0.7828255276584246,2014,0.0
2014-04-19,6624958.05,5350753.37,0.8076660002398053,2014,0.0
2014-04-20,6418388.34,5065177.85,0.7891666227849342,2014,0.0
2014-04-21,8414591.83,6893636.69,0.819247900465304,2014,0.0
2014-04-22,10131097.46,8109722.27,0.8004781616225809,2014,0.0
2014-04-23,8191044.84,6573636.73,0.8025394633293206,2014,0.0
2014-04-24,6761050.63,5427294.9,0.8027295160190215,2014,0.0
2014-04-25,7297129.72,5878423.04,0.805580175433691,2014,0.0
2014-04-26,7473782.26,5884034.36,0.787290043421736,2014,0.0
2014-04-27,9019804.81,7060147.55,0.7827383960873096,2014,0.0
2014-04-28,11814441.72,9367036.91,0.7928463428062854,2014,0.0
2014-04-29,17347427.27,13752034.86,0.792742038687331,2014,0.0
2014-04-30,13811054.06,10868835.13,0.7869663736585215,2014,0.0
2014-05-01,13289875.45,10604429.39,0.7979329399960631,2014,0.0
2014-05-02,9037359.63,7277515.81,0.8052701350781588,2014,0.0
2014-05-03,8214103.42,6577016.62,0.800698053543621,2014,0.0
2014-05-04,2887053.22,2293661.95,0.7944647276020772,2014,0.0
2014-05-05,4251113.98,3397014.1,0.7990879839923746,2014,0.0
2014-05-06,5130961.6,4130431.51,0.8050014465124822,2014,0.0
2014-05-07,6175024.0,5012292.24,0.811704090542806,2014,0.0
2014-05-08,6845994.59,5424944.1,0.7924259986889648,2014,0.0
2014-05-09,3896896.85,3172234.57,0.8140411953680529,2014,0.0
2014-05-10,5476367.67,4341371.17,0.7927464756945364,2014,0.0
2014-05-11,5960839.36,4817268.38,0.8081526927778171,2014,0.0
2014-05-12,6171798.51,4876269.62,0.7900889201258128,2014,0.0
2014-05-13,6357034.06,5124302.35,0.8060838280297022,2014,0.0
2014-05-14,8953168.22,7238881.78,0.8085273952330586,2014,0.0
2014-05-15,7521179.22,5970183.39,0.7937828916673522,2014,0.0
2014-05-16,7254155.54,5828882.18,0.8035231872075353,2014,0.0
2014-05-17,6473741.19,5173264.38,0.7991151064227205,2014,0.0
2014-05-18,7502869.16,6017924.93,0.8020831500145739,2014,0.0
2014-05-19,6717427.22,5373895.24,0.7999930723477195,2014,0.0
2014-05-20,6998009.98,5565704.32,0.7953267194397456,2014,0.0
2014-05-21,9232803.8,7257287.25,0.7860328679355235,2014,0.0
2014-05-22,8682669.79,6984588.89,0.8044287136249598,2014,0.0
2014-05-23,6481511.11,5117307.95,0.7895239031689325,2014,0.0
2014-05-24,5624884.34,4535522.53,0.806331696057594,2014,0.0
2014-05-25,7834743.41,6254562.47,0.7983110795966705,2014,0.0
2014-05-26,7196331.6,5750840.38,0.7991349898328755,2014,0.0
2014-05-27,11197544.52,8926851.08,0.7972150558594073,2014,0.0
2014-05-28,14237002.33,11276884.86,0.7920828134050042,2014,0.0
2014-05-29,12708438.64,10157319.36,0.7992578512382855,2014,0.0
2014-05-30,13573669.01,10729950.95,0.7904974655043544,2014,0.0
2014-05-31,12424970.9,9985304.33,0.8036481059283608,2014,0.0
2014-06-01,11536710.05,9170211.02,0.7948722799009756,2014,0.0
2014-06-02,10120772.07,8076952.84,0.7980569845991996,2014,0.0
2014-06-03,7433951.35,5784897.37,0.7781726161013954,2014,0.0
2014-06-04,6422990.57,5214120.6,0.8117901689524043,2014,0.0
2014-06-05,4701261.04,3843536.1,0.8175542832652407,2014,0.0
2014-06-06,4455750.46,3475184.85,0.7799325570848956,2014,0.0
2014-06-07,5291724.53,4145797.41,0.783449211404812,2014,0.0
2014-06-08,5672479.42,4555972.93,0.8031713458380427,2014,0.0
2014-06-09,5745736.68,4655455.78,0.8102452373435255,2014,0.0
2014-06-10,8176131.42,6751336.8,0.8257373142859781,2014,0.0
2014-06-11,6815089.25,5416132.65,0.794726591438256,2014,0.0
2014-06-12,6198469.27,4930278.7,0.7954026204279303,2014,0.0
2014-06-13,5808360.57,4689299.84,0.8073362153548259,2014,0.0
2014-06-14,6159350.48,4887308.6,0.7934779187950999,2014,0.0
2014-06-15,6251988.62,5001362.67,0.7999634954549869,2014,0.0
2014-06-16,7506669.47,5993922.63,0.7984796258786122,2014,0.0
2014-06-17,7985873.38,6364228.97,0.796935872529449,2014,0.0
2014-06-18,6928139.58,5573372.83,0.8044544665481466,2014,0.0
2014-06-19,5160401.64,4101123.87,0.7947295881411278,2014,0.0
2014-06-20,5726955.46,4649863.18,0.8119258500396997,2014,0.0
2014-06-21,5534870.9,4397465.45,0.7945019006676379,2014,0.0
2014-06-22,6871043.81,5449439.25,0.7931020963756598,2014,0.0
2014-06-23,7520898.79,6115811.37,0.8131755978596277,2014,0.0
2014-06-24,8318751.36,7165579.48,0.8613768064345657,2014,0.0
2014-06-25,7464560.81,6650267.82,0.8909121365976254,2014,0.0
2014-06-26,5465498.81,5160550.9,0.9442049261007891,2014,0.0
2014-06-27,6215342.27,5942103.5,0.9560380171951497,2014,0.0
2014-06-28,6715989.51,6489880.35,0.9663327109633916,2014,0.0
2014-06-29,10967240.25,10676762.03,0.973514009597811,2014,0.0
2014-06-30,8960784.4,8779889.34,0.9798125864963338,2014,0.0
2014-07-01,9836345.7,9652958.13,0.9813561280181523,2014,0.0
2014-07-02,8037264.4,7829854.35,0.9741939496229587,2014,0.0
2014-07-03,6599126.14,6280312.35,0.9516884837118752,2014,0.0
2014-07-04,1539342.27,1546984.48,1.0049645943913434,2014,0.0
2014-07-05,2247607.0,2088267.2,0.9291069123739158,2014,0.0
2014-07-06,2992177.47,2950653.66,0.9861225443957373,2014,0.0
2014-07-07,3321041.63,3237780.91,0.9749293356494301,2014,0.0
2014-07-08,4389991.98,4344681.53,0.9896786941282749,2014,0.0
2014-07-09,5089459.45,5002533.36,0.9829203688812178,2014,0.0
2014-07-10,5277348.24,5193788.09,0.9841662618800384,2014,0.0
2014-07-11,3680744.54,3649066.92,0.9913936923207389,2014,0.0
2014-07-12,3635150.5,3488161.59,0.9595645599817669,2014,0.0
2014-07-13,4538183.38,4461396.49,0.9830798177221302,2014,0.0
2014-07-14,4180514.48,4093927.18,0.9792878842031902,2014,0.0
2014-07-15,4729914.86,4685468.3,0.9906030951263253,2014,0.0
2014-07-16,5725200.44,5688906.29,0.9936606324301895,2014,0.0
2014-07-17,5475110.93,5378778.65,0.9824054195007882,2014,0.0
2014-07-18,4518235.32,4447047.74,0.9842443841548297,2014,0.0
2014-07-19,4203668.56,3770693.84,0.8970007473662481,2014,0.0
2014-07-20,4322625.55,3600969.69,0.8330514980646427,2014,0.0
2014-07-21,4796649.21,3768111.9,0.785571705378055,2014,0.0
2014-07-22,6208113.76,5011530.91,0.8072550059069794,2014,0.0
2014-07-23,7566031.17,5950276.5,0.7864462049262216,2014,0.0
2014-07-24,5905615.09,4674430.56,0.7915230655508231,2014,0.0
2014-07-25,4437108.92,3571085.86,0.8048226726875121,2014,0.0
2014-07-26,4875867.56,3838617.04,0.7872685204763848,2014,0.0
2014-07-27,4695097.96,3728682.43,0.7941649911815685,2014,0.0
2014-07-28,5659848.32,4577648.87,0.808793559683239,2014,0.0
2014-07-29,8325936.32,6673852.31,0.8015737874392005,2014,0.0
2014-07-30,9849002.97,7950504.57,0.8072395342165278,2014,0.0
2014-07-31,12499623.55,10113088.37,0.8090714355953543,2014,0.0
2014-08-01,10268362.3,8266400.63,0.8050359335295366,2014,0.0
2014-08-02,9437585.35,7486465.1,0.7932606511473828,2014,0.0
2014-08-03,8311634.97,6613684.99,0.7957140819912596,2014,0.0
2014-08-04,7920532.02,6253439.86,0.7895227043094513,2014,0.0
2014-08-05,4783590.74,3865614.98,0.8080990181028739,2014,0.0
2014-08-06,5768372.14,4433911.0,0.7686589721307405,2014,0.0
2014-08-07,4368310.48,3451434.03,0.7901073071161369,2014,0.0
2014-08-08,2772020.29,2220747.24,0.8011295039979668,2014,0.0
2014-08-09,3001539.63,2354553.12,0.7844484532093285,2014,0.0
2014-08-10,3823485.27,3003127.77,0.7854424845214586,2014,0.0
2014-08-11,4332284.65,3523421.42,0.813294071062482,2014,0.0
2014-08-12,4968367.41,3950793.43,0.7951894664730522,2014,0.0
2014-08-13,5893608.69,4708354.21,0.798891554844643,2014,0.0
2014-08-14,5049141.59,3986642.15,0.7895683016486769,2014,0.0
2014-08-15,4964547.64,3886890.99,0.7829295379669275,2014,0.0
2014-08-16,4183136.08,3312917.75,0.7919698729953819,2014,0.0
2014-08-17,4553293.21,3569236.73,0.7838802742070722,2014,0.0
2014-08-18,3852897.93,3032853.62,0.7871616832579834,2014,0.0
2014-08-19,5491853.95,4329773.16,0.7883991816643267,2014,0.0
2014-08-20,6252896.94,5003338.92,0.8001633431687425,2014,0.0
2014-08-21,5420386.94,4272987.79,0.7883178520830839,2014,0.0
2014-08-22,3980335.94,3221586.25,0.8093754644237391,2014,0.0
2014-08-23,3604919.44,2824202.4,0.7834301007292412,2014,0.0
2014-08-24,3975022.95,3208598.81,0.807190008802339,2014,0.0
2014-08-25,4982068.72,3931111.8,0.7890521028381158,2014,0.0
2014-08-26,5315751.01,4151656.84,0.7810104032694338,2014,0.0
2014-08-27,7880420.55,6267001.76,0.795262349291752,2014,0.0
2014-08-28,13900846.53,11188888.43,0.80490698216492,2014,0.0
2014-08-29,12683009.27,10136587.4,0.799225734540522,2014,0.0
2014-08-30,11574198.37,9088009.4,0.7851955798127557,2014,0.0
2014-08-31,11951398.65,9415326.58,0.7878012319503709,2014,0.0
2014-09-01,10306541.25,8432677.93,0.8181869868322702,2014,0.0
2014-09-02,1980913.22,1699049.31,0.8577101171549555,2014,0.0
2014-09-03,2013419.84,1783705.47,0.8859083607718894,2014,0.0
2014-09-04,2079554.62,1858190.69,0.893552240527349,2014,0.0
2014-09-05,3009749.32,2650108.54,0.8805080617145883,2014,0.0
2014-09-06,2651615.67,2379303.77,0.8973034052103034,2014,0.0
2014-09-07,3257294.39,2733813.81,0.839289754832384,2014,0.0
2014-09-08,3789247.34,3234658.91,0.8536415334661158,2014,0.0
2014-09-09,3050893.58,2636295.62,0.8641060564295396,2014,0.0
2014-09-10,2734213.18,2344334.17,0.8574072377194816,2014,0.0
2014-09-11,3603376.76,3063452.95,0.850161710539533,2014,0.0
2014-09-12,3387921.49,2941397.85,0.8682013023861423,2014,0.0
2014-09-13,4488375.88,3882301.0,0.8649678867804628,2014,0.0
2014-09-14,4664595.04,4241668.09,0.9093325473329834,2014,0.0
2014-09-15,3434401.74,2989155.15,0.8703568703642689,2014,0.0
2014-09-16,3499018.93,3094674.95,0.8844407566551805,2014,0.0
2014-09-17,2159581.94,1891350.86,0.8757949050083278,2014,0.0
2014-09-18,3245614.46,2827312.43,0.8711177697920413,2014,0.0
2014-09-19,3152106.06,2800614.8,0.8884900275214723,2014,0.0
2014-09-20,3934660.56,3508771.25,0.8917595803994843,2014,0.0
2014-09-21,4973677.98,4472971.42,0.8993287136775991,2014,0.0
2014-09-22,4691002.44,4096769.99,0.873325060559977,2014,0.0
2014-09-23,3267077.04,2950868.62,0.9032136628158607,2014,0.0
2014-09-24,3651189.03,3193891.83,0.874753896267047,2014,0.0
2014-09-25,3991936.34,3513164.66,0.8800653018429648,2014,0.0
2014-09-26,4802241.84,4364819.46,0.9089128797395177,2014,0.0
2014-09-27,5922266.1,5104748.73,0.8619586901034387,2014,0.0
2014-09-28,6894981.49,6104020.61,0.8852845535340226,2014,0.0
2014-09-29,6358369.55,5385912.36,0.8470587180639729,2014,0.0
2014-09-30,5625701.93,4992117.65,0.8873768486344247,2014,0.0
2014-10-01,4131059.59,3367707.8,0.8152164660495734,2014,0.0
2014-10-02,2166020.29,1638411.83,0.7564157351453066,2014,0.0
2014-10-03,2713373.58,2209685.83,0.8143684475618724,2014,0.0
2014-10-04,3061013.56,2383424.37,0.778638945330252,2014,0.0
2014-10-05,3514973.01,2703049.67,0.7690100784017115,2014,0.0
2014-10-06,4584954.57,3714150.0,0.8100734572818242,2014,0.0
2014-10-07,3826571.36,3029706.85,0.7917549589353536,2014,0.0
2014-10-08,3298742.48,2595357.42,0.7867717579457733,2014,0.0
2014-10-09,2480246.09,1949299.28,0.7859297865075962,2014,0.0
2014-10-10,3324677.65,2616526.38,0.7870015247944413,2014,0.0
2014-10-11,3249272.4,2455378.82,0.755670352538002,2014,0.0
2014-10-12,3964814.61,3263898.52,0.8232159233291365,2014,0.0
2014-10-13,5257692.13,4155288.51,0.7903255662860579,2014,0.0
2014-10-14,5353820.23,4242284.88,0.7923846333555357,2014,0.0
2014-10-15,3174858.73,2517101.9,0.7928232762659018,2014,0.0
2014-10-16,3035433.21,2343522.12,0.7720552414987909,2014,0.0
2014-10-17,3041887.24,2405340.07,0.7907393930880882,2014,0.0
2014-10-18,3295901.64,2641429.14,0.8014283885000889,2014,0.0
2014-10-19,3906454.96,3097527.04,0.7929253176388856,2014,0.0
2014-10-20,4406719.83,3563304.85,0.8086070790663359,2014,0.0
2014-10-21,4158469.93,3334418.16,0.8018377470869436,2014,0.0
2014-10-22,3185076.38,2622321.88,0.8233152261171206,2014,0.0
2014-10-23,3397945.31,2701811.9,0.7951310729012292,2014,0.0
2014-10-24,2910624.78,2393219.16,0.82223554765448,2014,0.0
2014-10-25,3710088.5,3052761.25,0.8228270700281138,2014,0.0
2014-10-26,3332635.64,2620840.72,0.7864168193316207,2014,0.0
2014-10-27,5247620.14,4151809.58,0.7911795193315956,2014,0.0
2014-10-28,6122484.1,4933576.08,0.8058128039891521,2014,0.0
2014-10-29,6191276.35,4949513.22,0.799433418926616,2014,0.0
2014-10-30,6250389.79,4894988.48,0.7831493145965862,2014,0.0
2014-10-31,4687679.79,3734196.88,0.7965981140533491,2014,0.0
2014-11-01,4474322.51,3463929.06,0.7741795662378392,2014,0.0
2014-11-02,3503909.61,2759213.27,0.787467023157598,2014,0.0
2014-11-03,2511155.37,1925980.79,0.766969982426854,2014,0.0
2014-11-04,1758772.81,1413005.18,0.8034040394336094,2014,0.0
2014-11-05,2080412.08,1649512.63,0.7928778369716061,2014,0.0
2014-11-06,2338580.92,1815525.82,0.7763365400244522,2014,0.0
2014-11-07,2391118.65,1914802.56,0.800797802317338,2014,0.0
2014-11-08,2603594.99,2058134.47,0.7904971694541476,2014,0.0
2014-11-09,3896973.5,2948324.76,0.7565678237226914,2014,0.0
2014-11-10,3578790.21,2955883.0,0.8259447541072825,2014,0.0
2014-11-11,3265211.84,2544268.23,0.7792046441923964,2014,0.0
2014-11-12,2687977.35,2131053.41,0.7928092883669574,2014,0.0
2014-11-13,3661668.42,2973473.14,0.8120541782972256,2014,0.0
2014-11-14,4104922.66,3206387.48,0.7811078905929983,2014,0.0
2014-11-15,3332537.35,2666922.09,0.8002677269318527,2014,0.0
2014-11-16,3926705.12,3165100.53,0.8060448730614128,2014,0.0
2014-11-17,3901928.25,3135379.39,0.8035461415775649,2014,0.0
2014-11-18,2299920.21,1777742.22,0.7729582149286822,2014,0.0
2014-11-19,2365334.24,2037392.28,0.8613549178571904,2014,0.0
2014-11-20,2712056.74,2364468.06,0.8718357640260874,2014,0.0
2014-11-21,2642726.69,2469983.77,0.9346345875819645,2014,0.0
2014-11-22,2355839.63,2373102.5,1.0073276931842767,2014,0.0
2014-11-23,2702782.41,2732923.6,1.0111519114111742,2014,0.0
2014-11-24,2994851.12,2989623.83,0.9982545743375717,2014,0.0
2014-11-25,1951300.95,1961306.08,1.005127415122716,2014,0.0
2014-11-26,3005133.94,3070985.43,1.0219129966633036,2014,0.0
2014-11-27,4582936.62,4552287.3,0.9933122967779554,2014,0.0
2014-11-28,3803816.23,3776489.22,0.9928158963662659,2014,0.0
2014-11-29,3693923.36,3714680.69,1.0056193179925639,2014,0.0
2014-11-30,4164373.0,4139199.1,0.9939549363133418,2014,0.0
2014-12-01,3293606.72,3371041.49,1.0235106303159351,2014,0.0
2014-12-02,1913468.28,1934027.84,1.0107446568176193,2014,0.0
2014-12-03,1725054.96,1639460.56,0.950381638855147,2014,0.0
2014-12-04,1490172.71,1377244.92,0.9242183209756941,2014,0.0
2014-12-05,1855814.16,1814623.65,0.9778046148758774,2014,0.0
2014-12-06,2498471.96,2457252.11,0.9835019761438507,2014,0.0
2014-12-07,2209128.82,2214964.0,1.0026413941763705,2014,0.0
2014-12-08,3029845.63,2938276.72,0.9697776978822517,2014,0.0
2014-12-09,3265900.4,3069037.78,0.9397217931079588,2014,0.0
2014-12-10,2659858.85,2559688.79,0.9623400843243993,2014,0.0
2014-12-11,2499031.03,2479880.93,0.9923369899092451,2014,0.0
2014-12-12,2451281.84,2348048.7,0.9578860585039868,2014,0.0
2014-12-13,2618181.33,2655502.75,1.0142547116856875,2014,0.0
2014-12-14,2868448.18,2822169.24,0.9838662101959256,2014,0.0
2014-12-15,3675108.42,3622573.69,0.9857052570982382,2014,0.0
2014-12-16,3587166.39,3452397.12,0.962430159254475,2014,0.0
2014-12-17,2950563.8,2911687.56,0.9868241317134034,2014,0.0
2014-12-18,2684991.91,2614938.98,0.973909444665701,2014,0.0
2014-12-19,3424258.6,3465424.79,1.0120219278999547,2014,0.0
2014-12-20,3898670.99,3764085.99,0.965479261947159,2014,0.0
2014-12-21,4372128.59,4286124.01,0.9803288997042057,2014,0.0
2014-12-22,3430574.36,3435107.36,1.001321353080946,2014,0.0
2014-12-23,2791569.02,2665014.26,0.9546653659310204,2014,0.0
2014-12-24,2610156.84,2591612.44,0.9928952928361194,2014,0.0
2014-12-25,2573745.23,2584515.85,1.004184804258967,2014,0.0
2014-12-26,2922497.3,2877653.62,0.9846556983987633,2014,0.0
2014-12-27,3575283.76,3538078.72,0.989593821778219,2014,0.0
2014-12-28,8484445.21,8405135.96,0.9906523941121661,2014,0.0
2014-12-29,7063840.79,6908131.26,0.9779568177385266,2014,0.0
2014-12-30,5708142.92,5488862.89,0.9615846987236962,2014,0.0
2014-12-31,5625288.94,5528179.38,0.9827369649744604,2014,0.0
2015-01-01,4576460.18,4315048.16,0.9428789916839176,2015,0.0
2015-01-02,1625420.31,1281805.11,0.788599171619801,2015,0.0
2015-01-03,1176312.94,876576.96,0.7451902722416707,2015,0.0
2015-01-04,2651400.23,2169221.09,0.8181416994144259,2015,0.0
2015-01-05,2457539.39,1930809.0,0.7856675697067871,2015,0.0
2015-01-06,1621284.62,1301383.65,0.8026867299832893,2015,0.0
2015-01-07,1981408.07,1560596.56,0.7876199676525997,2015,0.0
2015-01-08,1318438.15,1057739.56,0.8022671067277598,2015,0.0
2015-01-09,2144901.8,1679915.91,0.7832134366244646,2015,0.0
2015-01-10,1830727.22,1385986.39,0.7570687619972133,2015,0.0
2015-01-11,3254430.17,2604455.39,0.8002800041642928,2015,0.0
2015-01-12,2427966.79,1902989.93,0.7837792254151877,2015,0.0
2015-01-13,2138729.21,1742327.89,0.8146556758347168,2015,0.0
2015-01-14,2835456.9,2191456.13,0.772875838811022,2015,0.0
2015-01-15,2047933.05,1631831.77,0.7968189047976935,2015,0.0
2015-01-16,2569213.44,2030636.7,0.7903729088385899,2015,0.0
2015-01-17,2588700.22,2035239.72,0.7862013933772524,2015,0.0
2015-01-18,3021302.7,2433685.6,0.8055086966294374,2015,0.0
2015-01-19,2851705.68,2258471.9,0.7919722977863549,2015,0.0
2015-01-20,2455411.13,1957537.38,0.7972340583142995,2015,0.0
2015-01-21,2603856.87,2019373.54,0.7755316980998268,2015,0.0
2015-01-22,2683523.21,2190572.01,0.8163044768299208,2015,0.0
2015-01-23,2703262.73,2149537.87,0.7951642458371038,2015,0.0
2015-01-24,4004609.82,3181968.24,0.7945763465165754,2015,0.0
2015-01-25,4665645.74,3747345.78,0.8031783784767164,2015,0.0
2015-01-26,4084367.08,3209020.3,0.785683616860412,2015,0.0
2015-01-27,3116141.82,2455632.77,0.788036267874355,2015,0.0
2015-01-28,4612174.41,3603868.33,0.7813816238575418,2015,0.0
2015-01-29,5300109.93,4295752.25,0.8105024814079659,2015,0.0
2015-01-30,4336302.07,3457573.62,0.7973553419907391,2015,0.0
2015-01-31,4195901.17,3269383.7,0.7791851064976347,2015,0.0
2015-02-01,4977201.37,4063980.38,0.8165191797333287,2015,0.0
2015-02-02,2901454.29,2325361.53,0.8014468944123878,2015,0.0
2015-02-03,1779457.49,1427675.21,0.8023092532544849,2015,0.0
2015-02-04,2496729.14,2129083.48,0.85274908114382,2015,0.0
2015-02-05,2500351.24,2064567.04,0.8257108069344689,2015,0.0
2015-02-06,3457294.9,2699578.13,0.7808353664016339,2015,0.0
2015-02-07,3570886.94,2952636.69,0.8268636726986377,2015,0.0
2015-02-08,4197082.23,3455113.24,0.8232179048824593,2015,0.0
2015-02-09,4490187.64,3675813.84,0.8186325683262538,2015,0.0
2015-02-10,2813867.9,2247526.75,0.7987321473051383,2015,0.0
2015-02-11,3311241.3,2623112.64,0.7921840791246474,2015,0.0
2015-02-12,3468141.29,2797170.91,0.8065331473274551,2015,0.0
2015-02-13,4164849.99,3458801.88,0.8304745400926192,2015,0.0
2015-02-14,4312422.12,3541992.72,0.82134647802057,2015,0.0
2015-02-15,4757224.49,3925128.98,0.8250880294278481,2015,0.0
2015-02-16,4817928.66,3988291.36,0.8278020787464295,2015,0.0
2015-02-17,4293160.67,3537248.79,0.8239264872423235,2015,0.0
2015-02-18,3209407.04,2685036.44,0.8366144918782256,2015,0.0
2015-02-19,3793775.02,3109300.19,0.8195794884009753,2015,0.0
2015-02-20,4760336.65,3942085.3,0.8281106127231568,2015,0.0
2015-02-21,4368539.08,3544819.23,0.811442719198474,2015,0.0
2015-02-22,5784606.22,4804964.15,0.8306467142719355,2015,0.0
2015-02-23,7360399.98,5966271.62,0.8105906793396844,2015,0.0
2015-02-24,5473140.47,4450268.77,0.8131106435863138,2015,0.0
2015-02-25,8502202.85,7083827.01,0.8331754881618709,2015,0.0
2015-02-26,6528340.52,5386905.64,0.8251569634728552,2015,0.0
2015-02-27,4695415.58,3896449.69,0.829841283186269,2015,0.0
2015-02-28,3896812.17,3287398.94,0.8436123673879822,2015,0.0
2015-03-01,4612623.19,3760240.57,0.8152065354378101,2015,0.0
2015-03-02,1204115.66,996728.16,0.8277677910110397,2015,0.0
2015-03-03,2971078.12,2450231.82,0.8246945119033086,2015,0.0
2015-03-04,3275231.73,2540097.74,0.7755474877498211,2015,0.0
2015-03-05,3623778.02,2818823.69,0.7778687531197068,2015,0.0
2015-03-06,4126698.63,3333077.32,0.8076861478978415,2015,0.0
2015-03-07,3652751.16,2946148.77,0.8065561109834812,2015,0.0
2015-03-08,3679065.16,2903799.07,0.7892763361657883,2015,0.0
2015-03-09,4520902.2,3610296.4,0.7985787438622317,2015,0.0
2015-03-10,5042080.93,3980962.03,0.7895474279902128,2015,0.0
2015-03-11,6098020.8,4928286.75,0.8081780813210739,2015,0.0
2015-03-12,4869770.72,3760439.95,0.7722006160487163,2015,0.0
2015-03-13,3474969.89,2712283.16,0.7805199025767674,2015,0.0
2015-03-14,4711284.42,3671123.8,0.7792193110684665,2015,0.0
2015-03-15,5040735.75,4008157.53,0.7951532730117821,2015,0.0
2015-03-16,5602879.7,4422966.9,0.7894095780782158,2015,0.0
2015-03-17,5692241.74,4623906.32,0.8123172787106544,2015,0.0
2015-03-18,6793794.72,5583548.33,0.8218600296477607,2015,0.0
2015-03-19,6012381.06,5053767.27,0.8405600409498994,2015,0.0
2015-03-20,4887915.96,4122124.89,0.8433297388361808,2015,0.0
2015-03-21,4566270.71,4002288.11,0.876489451498157,2015,0.0
2015-03-22,5271032.0,4721422.49,0.8957301890787231,2015,0.0
2015-03-23,5172623.98,4663072.48,0.9014907130365196,2015,0.0
2015-03-24,6187718.83,5662250.07,0.9150787593236521,2015,0.0
2015-03-25,6763449.95,6062883.43,0.8964187618480122,2015,0.0
2015-03-26,6983791.47,6190732.25,0.8864428837248773,2015,0.0
2015-03-27,5007891.27,4516109.24,0.9017985807826855,2015,0.0
2015-03-28,5941997.22,5296480.62,0.8913636987531274,2015,0.0
2015-03-29,6087900.7,5431213.47,0.8921324012397245,2015,0.0
2015-03-30,14251354.04,12890205.46,0.9044898768089268,2015,0.0
2015-03-31,14813965.34,13306811.36,0.8982612726971588,2015,0.0
2015-04-01,13697879.88,12323133.99,0.8996380533306297,2015,0.0
2015-04-02,11638587.41,10494545.99,0.9017027256231261,2015,0.0
2015-04-03,10239965.04,9205352.56,0.8989632800543235,2015,0.0
2015-04-04,4214414.51,3835706.41,0.9101398072967437,2015,0.0
2015-04-05,4549233.48,4060392.25,0.8925442644020987,2015,0.0
2015-04-06,5947351.85,5501604.96,0.9250511990475223,2015,0.0
2015-04-07,6969771.13,6115686.29,0.8774586964091603,2015,0.0
2015-04-08,6923568.08,6092200.11,0.8799220343623746,2015,0.0
2015-04-09,5334934.77,4630574.68,0.8679721270518928,2015,0.0
2015-04-10,5286341.9,4755107.84,0.8995081910990281,2015,0.0
2015-04-11,7223512.23,6692976.84,0.9265543722904446,2015,0.0
2015-04-12,6941143.47,6173613.48,0.8894231197903767,2015,0.0
2015-04-13,8008850.6,7198672.06,0.8988395987808787,2015,0.0
2015-04-14,9764966.49,8525033.47,0.8730222964646344,2015,0.0
2015-04-15,8464241.45,7283839.1,0.8605424529802372,2015,0.0
2015-04-16,6025485.77,5033699.98,0.8354015214942581,2015,0.0
2015-04-17,6481493.13,5294636.04,0.816885235208141,2015,0.0
2015-04-18,7432727.07,5745887.3,0.7730523730908364,2015,0.0
2015-04-19,6854069.17,5371424.19,0.7836839776158839,2015,0.0
2015-04-20,8942873.22,6952833.82,0.7774720326405342,2015,0.0
2015-04-21,11246554.8,8986101.87,0.7990092992744764,2015,0.0
2015-04-22,9099886.14,7216624.95,0.7930456314478678,2015,0.0
2015-04-23,7548994.85,5939101.06,0.7867406426962922,2015,0.0
2015-04-24,6578500.68,5143109.11,0.7818056666979019,2015,0.0
2015-04-25,9981817.81,7741342.2,0.7755443294351212,2015,0.0
2015-04-26,8486257.42,6790371.72,0.8001609406753065,2015,0.0
2015-04-27,11233528.64,8990933.6,0.800365930255019,2015,0.0
2015-04-28,14371525.01,11368208.46,0.7910231135589139,2015,0.0
2015-04-29,15294818.22,12456433.34,0.8144217970313347,2015,0.0
2015-04-30,14911130.64,11744026.43,0.7876013371176526,2015,0.0
2015-05-01,11462217.29,9026019.09,0.7874583827576349,2015,0.0
2015-05-02,8951414.69,7003240.14,0.7823612671887062,2015,0.0
2015-05-03,7902349.85,6325430.88,0.8004493600090358,2015,0.0
2015-05-04,4063632.19,3220456.05,0.7925067770466696,2015,0.0
2015-05-05,4993358.48,3895803.59,0.7801970568714305,2015,0.0
2015-05-06,5912157.02,4721080.32,0.7985377086618719,2015,0.0
2015-05-07,6417545.13,5062352.65,0.7888300818228917,2015,0.0
2015-05-08,4654167.53,3561342.38,0.7651942816935943,2015,0.0
2015-05-09,4178643.57,3269969.19,0.7825432189230727,2015,0.0
2015-05-10,5135747.06,3949880.44,0.769095594828613,2015,0.0
2015-05-11,6740124.2,5364204.35,0.7958613507448423,2015,0.0
2015-05-12,6877097.83,5464941.46,0.7946580948958232,2015,0.0
2015-05-13,8472230.27,6752088.25,0.7969670364023286,2015,0.0
2015-05-14,8373161.73,6566657.69,0.7842506691913618,2015,0.0
2015-05-15,6454103.0,5103049.75,0.7906675412524405,2015,0.0
2015-05-16,6409003.84,5140481.43,0.802071828685314,2015,0.0
2015-05-17,6593507.34,5168476.45,0.7838736174061801,2015,0.0
2015-05-18,7049312.68,5707463.8,0.8096482677230314,2015,0.0
2015-05-19,8167385.27,6584434.28,0.8061863206313519,2015,0.0
2015-05-20,10886447.11,8610088.68,0.7908997851182322,2015,0.0
2015-05-21,9585349.34,7629673.54,0.7959724021910296,2015,0.0
2015-05-22,6849849.55,5526949.11,0.8068716063990049,2015,0.0
2015-05-23,5769728.11,4699867.99,0.8145735640218928,2015,0.0
2015-05-24,7759286.87,6115304.75,0.7881271632891697,2015,0.0
2015-05-25,6648911.62,5479719.27,0.8241528212703179,2015,0.0
2015-05-26,7250067.07,5753775.74,0.7936168982227084,2015,0.0
2015-05-27,11264269.11,8911794.91,0.7911560726197885,2015,0.0
2015-05-28,10886440.76,8702126.28,0.7993545798709697,2015,0.0
2015-05-29,7443400.33,6010039.49,0.8074319831726692,2015,0.0
2015-05-30,14386454.27,11671007.33,0.8112497430543044,2015,0.0
2015-05-31,12847323.1,10142347.13,0.7894521723361967,2015,0.0
2015-06-01,12707400.56,9938849.85,0.7821308380948684,2015,0.0
2015-06-02,10370270.22,8221123.6,0.7927588602411557,2015,0.0
2015-06-03,12915899.82,10182209.97,0.7883469299005449,2015,0.0
2015-06-04,4389371.3,3612066.24,0.8229119828618737,2015,0.0
2015-06-05,4689415.18,3666593.72,0.781887203256761,2015,0.0
2015-06-06,4504545.31,3683127.75,0.817646953583424,2015,0.0
2015-06-07,4737477.49,3636812.14,0.7676684792015761,2015,0.0
2015-06-08,5997977.12,4767036.54,0.7947740454201666,2015,0.0
2015-06-09,7149148.38,5741574.05,0.8031130065872265,2015,0.0
2015-06-10,7033422.25,5437275.2,0.7730625301218053,2015,0.0
2015-06-11,5174085.58,4188520.67,0.8095190164983703,2015,0.0
2015-06-12,6351066.12,4900508.38,0.7716040562966143,2015,0.0
2015-06-13,5087923.97,3913528.15,0.76917976233045,2015,0.0
2015-06-14,7257781.25,5645520.63,0.7778576448553062,2015,0.0
2015-06-15,7185781.7,5677039.63,0.7900378646348246,2015,0.0
2015-06-16,7904688.49,6283325.81,0.7948859487567231,2015,0.0
2015-06-17,8476249.0,6775868.17,0.7993946579436257,2015,0.0
2015-06-18,6561476.72,5174441.56,0.7886092995236597,2015,0.0
2015-06-19,5300940.37,4147889.8,0.782481882549454,2015,0.0
2015-06-20,5709630.01,4391167.7,0.7690809548620823,2015,0.0
2015-06-21,5755437.59,4546815.45,0.7900034322151341,2015,0.0
2015-06-22,8091120.75,6486078.97,0.8016292390643163,2015,0.0
2015-06-23,8014615.36,6549729.21,0.8172231499329246,2015,0.0
2015-06-24,8106694.48,6848465.28,0.8447913384297171,2015,0.0
2015-06-25,6395417.81,5471074.95,0.8554679479181675,2015,0.0
2015-06-26,5791488.27,5164656.66,0.8917667478932838,2015,0.0
2015-06-27,5907901.77,5761761.16,0.9752635342141107,2015,0.0
2015-06-28,7048110.81,6755443.51,0.9584757805474968,2015,0.0
2015-06-29,10266326.47,10003747.48,0.9744232768393541,2015,0.0
2015-06-30,10954727.42,10628217.87,0.9701946440580627,2015,0.0
2015-07-01,9503954.04,9190648.76,0.9670342176865158,2015,0.0
2015-07-02,8552727.69,8154787.16,0.9534720916620228,2015,0.0
2015-07-03,6047919.06,5867150.51,0.9701106201642851,2015,0.0
2015-07-04,1184319.43,1068025.58,0.9018053347313572,2015,0.0
2015-07-05,2966146.59,2810871.75,0.9476509891576196,2015,0.0
2015-07-06,2490899.57,2437063.72,0.9783869849076253,2015,0.0
2015-07-07,4185006.32,3947428.34,0.9432311538301333,2015,0.0
2015-07-08,4333446.86,4256271.94,0.9821908696487396,2015,0.0
2015-07-09,6011409.46,5756814.71,0.9576480770950512,2015,0.0
2015-07-10,3936544.23,3750891.91,0.952838756748835,2015,0.0
2015-07-11,3965266.87,3859812.43,0.973405462114584,2015,0.0
2015-07-12,4444033.83,4308843.11,0.9695792774826829,2015,0.0
2015-07-13,4008119.02,3879117.89,0.9678150450731875,2015,0.0
2015-07-14,4541662.42,4427340.58,0.9748281951788041,2015,0.0
2015-07-15,6195528.74,5945270.24,0.9596065952556617,2015,0.0
2015-07-16,5351713.45,5204783.4,0.9725452322190382,2015,0.0
2015-07-17,3953465.4,3879500.64,0.9812911578788575,2015,0.0
2015-07-18,4352743.94,4230281.82,0.9718655354672666,2015,0.0
2015-07-19,4734057.3,4244345.55,0.8965555930216561,2015,0.0
2015-07-20,4593431.52,3967198.09,0.8636676246781186,2015,0.0
2015-07-21,6205610.6,5212906.4,0.8400311808156317,2015,0.0
2015-07-22,7003315.42,5699625.87,0.8138468037185737,2015,0.0
2015-07-23,6241579.84,5041557.0,0.8077373244015092,2015,0.0
2015-07-24,4815209.73,3864863.25,0.8026365343799884,2015,0.0
2015-07-25,4869837.46,3980424.09,0.8173628222080331,2015,0.0
2015-07-26,5323996.74,4436550.96,0.8333121105554997,2015,0.0
2015-07-27,5603376.79,4431670.86,0.7908928894285548,2015,0.0
2015-07-28,6826651.55,5538901.92,0.8113643825866578,2015,0.0
2015-07-29,9470985.24,7602775.68,0.802743905448215,2015,0.0
2015-07-30,10296776.67,9762134.91,0.9480767839164953,2015,0.0
2015-07-31,8227312.7,8001039.19,0.972497276054671,2015,0.0
2015-08-01,7969399.16,8307674.69,1.042446804735026,2015,0.0
2015-08-02,5808782.79,6999844.19,1.205044919574278,2015,0.0
2015-08-03,4720575.96,6451104.36,1.3665926392592145,2015,0.0
2015-08-04,2658117.34,3894709.67,1.4652135973801668,2015,0.0
2015-08-05,2978173.12,4001425.35,1.3435838645941443,2015,0.0
2015-08-06,2558707.18,3656184.22,1.4289185759817973,2015,0.0
2015-08-07,1981109.04,2648627.83,1.3369419736734935,2015,0.0
2015-08-08,1709563.14,2428463.02,1.4205167175048008,2015,0.0
2015-08-09,2122689.02,2864218.57,1.3493349911425083,2015,0.0
2015-08-10,2341717.61,3233525.06,1.380834754024846,2015,0.0
2015-08-11,2434219.28,3451194.49,1.4177829082020912,2015,0.0
2015-08-12,3555473.95,4878289.67,1.3720504603893946,2015,0.0
2015-08-13,2921138.79,3979730.24,1.362389987639033,2015,0.0
2015-08-14,2842163.51,3979723.24,1.4002442948822464,2015,0.0
2015-08-15,2655077.08,3723026.61,1.4022292000652574,2015,0.0
2015-08-16,2851597.29,3843042.72,1.347680730893106,2015,0.0
2015-08-17,2804909.03,3580539.39,1.2765260305073067,2015,0.0
2015-08-18,3797369.86,5081331.41,1.3381186445715352,2015,0.0
2015-08-19,3996506.07,5388360.8,1.3482678884058346,2015,0.0
2015-08-20,3542649.14,4967122.51,1.402092703428147,2015,0.0
2015-08-21,2826694.43,4029608.29,1.4255549688121045,2015,0.0
2015-08-22,2330134.4,3196044.6,1.3716138433903213,2015,0.0
2015-08-23,2980880.01,4035327.45,1.3537369623945381,2015,0.0
2015-08-24,2905862.72,4140352.34,1.42482723340764,2015,0.0
2015-08-25,3470416.25,4713031.14,1.3580593221346287,2015,0.0
2015-08-26,4027164.09,5549423.27,1.377997803412078,2015,0.0
2015-08-27,3564052.29,4867784.09,1.3658004131022443,2015,0.0
2015-08-28,8506950.72,11044258.41,1.2982628880210556,2015,0.0
2015-08-29,7794439.44,10361751.16,1.32937733877627,2015,0.0
2015-08-30,7344062.69,9260104.74,1.260896744877868,2015,0.0
2015-08-31,7854391.23,10070785.58,1.2821853769563245,2015,0.0
2015-09-01,6760812.85,8154672.78,1.206167506914498,2015,0.0
2015-09-02,2200298.26,2129220.78,0.967696434027994,2015,0.0
2015-09-03,2827263.54,2604249.38,0.9211201372476228,2015,0.0
2015-09-04,3174821.93,2868467.84,0.9035051109149922,2015,0.0
2015-09-05,4060108.04,3677521.7,0.9057694188847251,2015,0.0
2015-09-06,5806076.99,5165364.57,0.8896479634866158,2015,0.0
2015-09-07,5427754.58,4736445.82,0.8726344845164316,2015,0.0
2015-09-08,4280040.71,3769505.38,0.880717178972814,2015,0.0
2015-09-09,3647303.9,3266493.41,0.8955912365843713,2015,0.0
2015-09-10,3721441.58,3354394.08,0.9013695386291675,2015,0.0
2015-09-11,5440903.55,4839456.19,0.8894581838341906,2015,0.0
2015-09-12,4950740.04,4404176.85,0.8895996991189219,2015,0.0
2015-09-13,6063850.75,5333297.85,0.879523271577883,2015,0.0
2015-09-14,5951627.11,5241870.86,0.8807458469957806,2015,0.0
2015-09-15,4289955.17,3759560.12,0.8763634982227565,2015,0.0
2015-09-16,4578098.38,4047593.29,0.8841210812948935,2015,0.0
2015-09-17,4322042.75,3890293.3,0.9001052338040848,2015,0.0
2015-09-18,4626830.39,4125549.97,0.8916579217851988,2015,0.0
2015-09-19,4866373.41,4338177.32,0.8914600164231952,2015,0.0
2015-09-20,5970375.19,5199616.34,0.8709027782222175,2015,0.0
2015-09-21,5429549.96,4922952.43,0.9066962209147809,2015,0.0
2015-09-22,3989413.65,3510644.34,0.8799900556814909,2015,0.0
2015-09-23,4492195.74,4136948.97,0.9209191249533575,2015,0.0
2015-09-24,4990183.49,4532817.65,0.9083468892643866,2015,0.0
2015-09-25,5455949.84,4738294.51,0.8684637228996225,2015,0.0
2015-09-26,6622087.86,5772363.74,0.871683351540431,2015,0.0
2015-09-27,9527329.68,8445286.43,0.8864274370318631,2015,0.0
2015-09-28,8161672.8,7449690.47,0.9127651466253339,2015,0.0
2015-09-29,7149980.42,6330231.0,0.885349417502321,2015,0.0
2015-09-30,6245594.21,5509034.08,0.8820672452877787,2015,0.0
2015-10-01,5328206.77,4579676.64,0.8595155626815136,2015,0.0
2015-10-02,2171539.56,1796561.55,0.8273215846917382,2015,0.0
2015-10-03,4071748.88,3247591.03,0.797591188875086,2015,0.0
2015-10-04,3492367.73,2871726.8,0.8222864892867395,2015,0.0
2015-10-05,4507541.9,3678096.41,0.8159871813948085,2015,0.0
2015-10-06,4188998.54,3415837.46,0.8154305682808856,2015,0.0
2015-10-07,3426493.43,2803278.62,0.8181187786488766,2015,0.0
2015-10-08,3233949.18,2641121.98,0.8166862968452707,2015,0.0
2015-10-09,3267999.74,2663149.73,0.8149173628759223,2015,0.0
2015-10-10,3378102.79,2705337.11,0.8008451128273689,2015,0.0
2015-10-11,3286486.34,2566855.85,0.7810334760131697,2015,0.0
2015-10-12,4956524.37,4081540.58,0.8234682764204789,2015,0.0
2015-10-13,5498991.17,4432958.2,0.8061402651788583,2015,0.0
2015-10-14,3411355.27,2666618.8,0.78168897371982,2015,0.0
2015-10-15,3768908.71,2948986.13,0.782450931267051,2015,0.0
2015-10-16,3821540.36,2987369.39,0.7817186549352576,2015,0.0
2015-10-17,3662021.88,2894880.7,0.790514310089267,2015,0.0
2015-10-18,4235369.07,3332133.13,0.7867397326958332,2015,0.0
2015-10-19,6150586.07,4953145.42,0.8053127561549593,2015,0.0
2015-10-20,5151254.9,4073078.24,0.7906963097477471,2015,0.0
2015-10-21,3861128.76,3112793.66,0.8061874787102413,2015,0.0
2015-10-22,3503062.58,2822517.81,0.8057286290329418,2015,0.0
2015-10-23,4220053.16,3535441.18,0.8377717166008402,2015,0.0
2015-10-24,3836294.44,2963519.26,0.7724952571680082,2015,0.0
2015-10-25,4371735.18,3592252.8,0.8216995431091048,2015,0.0
2015-10-26,5670407.54,4548016.77,0.8020617103651777,2015,0.0
2015-10-27,5227347.01,4220293.85,0.8073490896867013,2015,0.0
2015-10-28,7029977.95,5631491.38,0.8010681427528517,2015,0.0
2015-10-29,7420192.54,6015934.85,0.8107518528083908,2015,0.0
2015-10-30,7246849.63,5898873.81,0.813991473699172,2015,0.0
2015-10-31,5833943.99,4766615.28,0.8170485160931413,2015,0.0
2015-11-01,5794071.48,4691433.96,0.8096955614361872,2015,0.0
2015-11-02,2770297.66,2300656.83,0.830472791144039,2015,0.0
2015-11-03,2095237.3,1642341.12,0.7838449229593231,2015,0.0
2015-11-04,2658412.16,2230527.42,0.8390449959422394,2015,0.0
2015-11-05,2550367.78,2095931.27,0.8218153030462141,2015,0.0
2015-11-06,3113759.4,2524846.93,0.8108677022380085,2015,0.0
2015-11-07,2523233.52,2111797.74,0.8369410612458891,2015,0.0
2015-11-08,4183206.42,3467217.26,0.8288420201841247,2015,0.0
2015-11-09,3409517.01,2730600.71,0.8008761070823929,2015,0.0
2015-11-10,3237404.66,2600539.96,0.8032792415885384,2015,0.0
2015-11-11,2928494.89,2445001.94,0.8349005314467186,2015,0.0
2015-11-12,3900732.76,3072175.13,0.7875892349005729,2015,0.0
2015-11-13,3144926.75,2547598.28,0.8100660150510659,2015,0.0
2015-11-14,4369752.69,3445998.98,0.7886027481340139,2015,0.0
2015-11-15,4297274.47,3488973.66,0.8119038437868271,2015,0.0
2015-11-16,4316238.63,3541079.15,0.8204085671695126,2015,0.0
2015-11-17,3035948.85,2418023.08,0.7964637085371185,2015,0.0
2015-11-18,3208924.12,2787131.03,0.8685562281229634,2015,0.0
2015-11-19,2934934.24,2722267.8,0.9275396235112919,2015,0.0
2015-11-20,3389498.76,3170548.9,0.9354034695088663,2015,0.0
2015-11-21,2291920.41,2320486.62,1.0124638752180752,2015,0.0
2015-11-22,3070301.17,3152837.2,1.026882063169067,2015,0.0
2015-11-23,2329823.55,2370762.85,1.0175718457305492,2015,0.0
2015-11-24,1994420.05,2017128.44,1.01138596154807,2015,0.0
2015-11-25,1994246.64,2069297.94,1.037633910718285,2015,0.0
2015-11-26,3361942.92,3392781.25,1.0091727702503646,2015,0.0
2015-11-27,5242225.8,5137790.23,0.9800780099933888,2015,0.0
2015-11-28,5114979.4,5281806.7,1.032615439272346,2015,0.0
2015-11-29,5018236.03,4955536.7,0.9875057032739849,2015,0.0
2015-11-30,4031497.64,4065929.95,1.0085408235536013,2015,0.0
2015-12-01,3221463.05,3262618.05,1.0127752512945942,2015,0.0
2015-12-02,953639.35,978207.15,1.0257621500203407,2015,0.0
2015-12-03,1852279.15,1907081.99,1.0295867067337017,2015,0.0
2015-12-04,2076429.7,2095572.96,1.0092193152505957,2015,0.0
2015-12-05,2287846.3,2292826.58,1.0021768420369848,2015,0.0
2015-12-06,2028034.94,2013778.51,0.9929703232824973,2015,0.0
2015-12-07,2286683.02,2364273.69,1.0339315372184816,2015,0.0
2015-12-08,2785090.6,2715044.46,0.9748496009429639,2015,0.0
2015-12-09,1648123.41,1664248.89,1.0097841459578565,2015,0.0
2015-12-10,2450848.03,2579079.6,1.052321306107258,2015,0.0
2015-12-11,2027594.98,1955884.16,0.9646325717377737,2015,0.0
2015-12-12,2888573.7,2824587.14,0.9778483893279233,2015,0.0
2015-12-13,3442735.4,3382073.59,0.9823797640678398,2015,0.0
2015-12-14,3272227.86,3176504.37,0.9707466918272618,2015,0.0
2015-12-15,3089177.63,3106617.67,1.005645528386142,2015,0.0
2015-12-16,2310884.14,2367574.49,1.024531887609043,2015,0.0
2015-12-17,2671287.02,2646046.82,0.9905512961314056,2015,0.0
2015-12-18,2923802.97,2954646.8,1.0105492163174044,2015,0.0
2015-12-19,2965218.72,3081409.43,1.0391845327349074,2015,0.0
2015-12-20,3613917.61,3711607.1,1.0270314657228725,2015,0.0
2015-12-21,5050481.76,5131271.18,1.0159963789276214,2015,0.0
2015-12-22,3719442.83,3727031.54,1.0020402813934366,2015,0.0
2015-12-23,3656481.63,3646146.76,0.9971735479496994,2015,0.0
2015-12-24,2398336.72,2262884.17,0.943522296568932,2015,0.0
2015-12-25,3229207.58,3048061.85,0.9439039685395512,2015,0.0
2015-12-26,3645783.09,3633106.61,0.9965229747115866,2015,0.0
2015-12-27,5096354.17,5095420.51,0.9998167984467218,2015,0.0
2015-12-28,8179976.67,8163764.62,0.9980180811444784,2015,0.0
2015-12-29,7760149.23,7689336.24,0.9908747901746214,2015,0.0
2015-12-30,5941753.52,5888436.34,0.9910266927396881,2015,0.0
2015-12-31,6375571.66,6217888.06,0.9752675354604985,2015,0.0
2016-01-01,5846204.33,5354701.23,0.915927827312187,2016,0.0
2016-01-02,2558616.91,2072521.54,0.8100163537182281,2016,0.0
2016-01-03,2744446.82,2169775.39,0.790605733070827,2016,0.0
2016-01-04,2387838.0,1861702.6,0.7796603454673223,2016,0.0
2016-01-05,1557710.07,1249444.02,0.8021030640188389,2016,0.0
2016-01-06,2337143.16,1917221.35,0.8203268771948057,2016,0.0
2016-01-07,2503287.51,2024858.69,0.8088797958329605,2016,0.0
2016-01-08,2738103.45,2202044.96,0.8042227038572994,2016,0.0
2016-01-09,3026961.32,2446095.09,0.8081025263976614,2016,0.0
2016-01-10,4122392.05,3201417.67,0.7765922384795982,2016,0.0
2016-01-11,3434076.67,2780091.13,0.8095600061253146,2016,0.0
2016-01-12,2627637.47,2110300.27,0.803116980212647,2016,0.0
2016-01-13,2268324.18,1914275.35,0.8439161240171588,2016,0.0
2016-01-14,3247398.41,2705497.94,0.8331278144587131,2016,0.0
2016-01-15,3532606.36,3003599.85,0.8502503658516881,2016,0.0
2016-01-16,3856871.3,3138016.53,0.8136171227699509,2016,0.0
2016-01-17,4229318.34,3477169.21,0.8221583079035852,2016,0.0
2016-01-18,4105149.52,3409714.29,0.8305944213208585,2016,0.0
2016-01-19,2818234.03,2313238.83,0.8208114746240575,2016,0.0
2016-01-20,2842888.66,2294689.37,0.8071682167109563,2016,0.0
2016-01-21,3981191.66,3293021.93,0.8271447875985956,2016,0.0
2016-01-22,3322730.4,2667153.86,0.8026994486221332,2016,0.0
2016-01-23,3998813.29,3324513.23,0.8313749577440261,2016,0.0
2016-01-24,4734624.57,3904936.72,0.8247616389149097,2016,0.0
2016-01-25,5007306.32,4047871.63,0.8083930503376913,2016,0.0
2016-01-26,3544741.3,2876880.62,0.8115911364251039,2016,0.0
2016-01-27,4728554.45,3994526.08,0.8447668568139254,2016,0.0
2016-01-28,6717660.92,5529962.06,0.8231975572830788,2016,0.0
2016-01-29,5013253.01,4078543.96,0.8135523884121699,2016,0.0
2016-01-30,6920879.78,5546795.93,0.8014582114298768,2016,0.0
2016-01-31,6449751.32,5251383.47,0.814199371333281,2016,0.0
2016-02-01,5200767.32,4131331.82,0.7943696700509185,2016,0.0
2016-02-02,2966994.87,2413250.92,0.8133653834056005,2016,0.0
2016-02-03,2273911.2,1841992.31,0.8100546362584431,2016,0.0
2016-02-04,2819439.59,2305544.16,0.8177313563224812,2016,0.0
2016-02-05,3680939.41,2987435.62,0.8115959778865255,2016,0.0
2016-02-06,4735761.79,3973322.09,0.8390037899266888,2016,0.0
2016-02-07,4032333.88,3144310.26,0.7797742829767856,2016,0.0
2016-02-08,3848593.44,3120549.68,0.8108286127515719,2016,0.0
2016-02-09,3979641.11,3286349.1,0.8257903185646809,2016,0.0
2016-02-10,3448601.24,2764263.83,0.8015608757363898,2016,0.0
2016-02-11,3717348.88,3000678.76,0.8072093464630632,2016,0.0
2016-02-12,4035900.93,3269439.67,0.8100891787747624,2016,0.0
2016-02-13,4701818.64,3727060.93,0.7926849620044044,2016,0.0
2016-02-14,4925684.12,4030980.54,0.8183595297215283,2016,0.0
2016-02-15,4588032.77,3702428.02,0.8069750600321018,2016,0.0
2016-02-16,3941056.12,3209642.29,0.814411719161208,2016,0.0
2016-02-17,2962078.99,2374063.71,0.8014856180455876,2016,0.0
2016-02-18,4009498.5,3301336.9,0.8233790086216518,2016,0.0
2016-02-19,4571419.08,3665043.13,0.8017298492790995,2016,0.0
2016-02-20,5176883.79,4193086.14,0.8099633505584254,2016,0.0
2016-02-21,4758472.96,3843027.26,0.8076177572731231,2016,0.0
2016-02-22,4721935.01,3825599.58,0.8101762459454096,2016,0.0
2016-02-23,4550216.22,3722357.32,0.8180616348820452,2016,0.0
2016-02-24,5790273.07,4665515.38,0.8057504928692422,2016,0.0
2016-02-25,7677182.49,6237906.21,0.8125254568489487,2016,0.0
2016-02-26,7096236.89,5762106.77,0.8119947035759117,2016,0.0
2016-02-27,6837275.28,5301081.64,0.7753207853874796,2016,0.0
2016-02-28,5117740.12,4142676.19,0.8094737311514755,2016,0.0
2016-02-29,3529083.59,2843903.05,0.8058474608134742,2016,0.0
2016-03-01,709982.79,623398.17,0.8780468749108693,2016,0.0
2016-03-02,1479744.0,1243049.71,0.8400437575688767,2016,0.0
2016-03-03,2251060.05,1853979.92,0.8236030487058753,2016,0.0
2016-03-04,2778579.79,2305820.78,0.829855881158626,2016,0.0
2016-03-05,3472294.22,2819038.04,0.8118661211837054,2016,0.0
2016-03-06,3501407.51,2754054.05,0.7865562754790573,2016,0.0
2016-03-07,4275566.76,3544887.63,0.8291035619333892,2016,0.0
2016-03-08,4693887.34,3819333.06,0.8136823028223766,2016,0.0
2016-03-09,5050829.68,4101613.27,0.8120672305069689,2016,0.0
2016-03-10,7374516.48,5983967.59,0.8114386354995303,2016,0.0
2016-03-11,6281759.31,5065973.55,0.8064577612732508,2016,0.0
2016-03-12,4673863.75,3853834.05,0.8245499347301255,2016,0.0
2016-03-13,4655322.31,3707033.48,0.7963000697152589,2016,0.0
2016-03-14,5214530.57,4150309.08,0.7959123116234794,2016,0.0
2016-03-15,5319085.92,4384259.36,0.8242505246089351,2016,0.0
2016-03-16,6412758.35,5219744.05,0.8139623801667187,2016,0.0
2016-03-17,8569336.81,6809198.69,0.794600427194552,2016,0.0
2016-03-18,6917674.02,5792586.92,0.8373604918723823,2016,0.0
2016-03-19,5852909.53,4990341.15,0.8526257110965458,2016,0.0
2016-03-20,4759469.17,3951071.76,0.830149669821267,2016,0.0
2016-03-21,5534732.74,4759221.87,0.8598828694301145,2016,0.0
2016-03-22,5449314.63,4970365.56,0.9121083838023865,2016,0.0
2016-03-23,6046593.49,5532819.27,0.9150307986059105,2016,0.0
2016-03-24,7933448.72,7157854.93,0.9022374988011519,2016,0.0
2016-03-25,7008643.3,6273523.88,0.8951124506507557,2016,0.0
2016-03-26,5197781.65,4790136.82,0.9215733061814938,2016,0.0
2016-03-27,6141114.6,5639995.87,0.9183993846980156,2016,0.0
2016-03-28,5291170.65,4853169.6,0.9172203886487765,2016,0.0
2016-03-29,7521778.94,6878616.36,0.9144932887378899,2016,0.0
2016-03-30,14545392.64,13412468.3,0.9221111201299272,2016,0.0
2016-03-31,14231299.73,12932629.87,0.9087455197600562,2016,0.0
2016-04-01,12298083.49,11254792.81,0.9151664012650154,2016,0.0
2016-04-02,13123488.4,12292938.79,0.9367127409507977,2016,0.0
2016-04-03,10576481.39,9627706.26,0.9102938779907407,2016,0.0
2016-04-04,4230255.21,3886345.44,0.9187023588583915,2016,0.0
2016-04-05,4598444.87,4315060.71,0.9383739137879454,2016,0.0
2016-04-06,5873076.02,5465466.98,0.9305970093675037,2016,0.0
2016-04-07,5504606.21,5121344.12,0.9303742946582186,2016,0.0
2016-04-08,4323869.8,3902265.35,0.9024937221745206,2016,0.0
2016-04-09,4537873.44,4208365.26,0.9273870934575908,2016,0.0
2016-04-10,4898415.28,4517178.31,0.9221713660014549,2016,0.0
2016-04-11,6193751.24,5553289.41,0.8965954870993494,2016,0.0
2016-04-12,5962850.28,5477134.6,0.9185430360998431,2016,0.0
2016-04-13,8636899.06,7772805.93,0.8999533137996404,2016,0.0
2016-04-14,7184576.35,6220003.38,0.8657439321387406,2016,0.0
2016-04-15,5910167.4,5244820.29,0.8874233054718551,2016,0.0
2016-04-16,7075518.69,5997253.75,0.8476062339395785,2016,0.0
2016-04-17,9065525.85,7747445.67,0.854605215206573,2016,0.0
2016-04-18,7930420.94,6496267.7,0.819157992892115,2016,0.0
2016-04-19,9299472.01,7665794.67,0.8243257963201289,2016,0.0
2016-04-20,11470503.55,9220652.39,0.8038576815574936,2016,0.0
2016-04-21,9681621.65,7780628.47,0.8036493008379437,2016,0.0
2016-04-22,6442191.99,5276646.93,0.8190763234300937,2016,0.0
2016-04-23,8225755.2,6488166.41,0.7887623995909823,2016,0.0
2016-04-24,8005992.5,6468446.01,0.8079505457942909,2016,0.0
2016-04-25,11068078.01,8923524.58,0.8062397619476122,2016,0.0
2016-04-26,11387120.36,9133066.32,0.8020523215054522,2016,0.0
2016-04-27,16379722.53,13128158.81,0.8014884736878385,2016,0.0
2016-04-28,17388183.19,13978683.94,0.8039186030682713,2016,0.0
2016-04-29,16966030.5,13610990.42,0.8022495550741819,2016,0.0
2016-04-30,12874790.56,10476104.29,0.8136912395722885,2016,0.0
2016-05-01,11553720.73,9387796.08,0.8125344466414154,2016,0.0
2016-05-02,8891959.72,7094979.67,0.7979095602560826,2016,0.0
2016-05-03,6609488.85,5263847.33,0.796407626892358,2016,0.0
2016-05-04,6041365.35,4874007.55,0.8067725203872995,2016,0.0
2016-05-05,6026491.95,4682705.07,0.7770200489523594,2016,0.0
2016-05-06,5884185.84,4692160.58,0.7974188286344132,2016,0.0
2016-05-07,5016235.82,3962154.52,0.7898660793024679,2016,0.0
2016-05-08,4730903.12,3759762.75,0.7947241054473336,2016,0.0
2016-05-09,7307039.01,5990848.79,0.8198736563197847,2016,0.0
2016-05-10,6636687.87,5216849.07,0.7860621400596319,2016,0.0
2016-05-11,8452886.26,6878143.05,0.813703489960363,2016,0.0
2016-05-12,10736290.28,8789857.02,0.8187052315802326,2016,0.0
2016-05-13,9817523.43,7817935.3,0.7963245879414214,2016,0.0
2016-05-14,7446413.22,6064015.7,0.8143539071553164,2016,0.0
2016-05-15,6413929.56,4998345.42,0.7792953404371344,2016,0.0
2016-05-16,7701732.93,5993216.92,0.7781647292202328,2016,0.0
2016-05-17,8631034.09,6848845.3,0.7935138743033281,2016,0.0
2016-05-18,8416389.92,6811181.17,0.8092758575519989,2016,0.0
2016-05-19,11212790.37,9063577.59,0.8083248942430733,2016,0.0
2016-05-20,10058131.11,8217262.68,0.8169770894943127,2016,0.0
2016-05-21,7447083.47,5895652.1,0.7916726224098573,2016,0.0
2016-05-22,7687940.04,6156525.22,0.8008029703623963,2016,0.0
2016-05-23,8645211.05,7045764.67,0.8149904761434366,2016,0.0
2016-05-24,8183351.87,6580079.91,0.8040812633417901,2016,0.0
2016-05-25,9916196.12,7860116.29,0.7926543802564486,2016,0.0
2016-05-26,12748857.56,10440320.85,0.8189220721044749,2016,0.0
2016-05-27,10645860.16,8560911.95,0.8041540863148064,2016,0.0
2016-05-28,7818417.53,6306590.85,0.8066326498682144,2016,0.0
2016-05-29,6277386.71,4980964.03,0.793477327446663,2016,0.0
2016-05-30,15902645.06,12868500.26,0.8092050229032779,2016,0.0
2016-05-31,15273734.62,12146387.51,0.7952467299055377,2016,0.0
2016-06-01,15027967.48,12020718.26,0.7998898238233344,2016,0.0
2016-06-02,15450407.81,12454831.83,0.8061167046955765,2016,0.0
2016-06-03,14905219.23,12099283.96,0.8117481382392254,2016,0.0
2016-06-04,3543917.94,2852864.04,0.8050028494734277,2016,0.0
2016-06-05,5281645.29,4151357.66,0.785997058125045,2016,0.0
2016-06-06,5164395.26,4100125.08,0.793921625588356,2016,0.0
2016-06-07,6484605.21,5302528.24,0.8177102642768287,2016,0.0
2016-06-08,8622987.0,7158408.04,0.8301541032127266,2016,0.0
2016-06-09,6719422.7,5484927.09,0.8162795131194827,2016,0.0
2016-06-10,5856690.47,4774033.93,0.8151419226360447,2016,0.0
2016-06-11,5949391.29,4761365.56,0.8003113810992922,2016,0.0
2016-06-12,6087764.33,4901187.37,0.8050882235778007,2016,0.0
2016-06-13,6889883.95,5491827.46,0.7970856258036102,2016,0.0
2016-06-14,9141001.7,7338757.88,0.8028395706348026,2016,0.0
2016-06-15,9864183.86,7853426.55,0.796155734874958,2016,0.0
2016-06-16,10058421.18,8220535.81,0.817278940987834,2016,0.0
2016-06-17,5423957.08,4250810.07,0.7837101229421971,2016,0.0
2016-06-18,7882351.1,6322388.46,0.8020942457130589,2016,0.0
2016-06-19,7908073.31,6297385.32,0.7963235889627838,2016,0.0
2016-06-20,7266335.58,5841977.09,0.8039784325512805,2016,0.0
2016-06-21,8500049.69,6752198.15,0.794371609138205,2016,0.0
2016-06-22,10283795.21,8167871.69,0.7942468245631273,2016,0.0
2016-06-23,9872888.2,7950198.34,0.8052555826571601,2016,0.0
2016-06-24,7881916.83,6508523.99,0.8257539543207791,2016,0.0
2016-06-25,6886227.09,6096912.54,0.8853777925583921,2016,0.0
2016-06-26,6698524.32,6144242.3,0.9172531152353866,2016,0.0
2016-06-27,6871506.56,6833479.69,0.9944660068839403,2016,0.0
2016-06-28,8247984.99,8163713.72,0.98978280512123,2016,0.0
2016-06-29,13343751.12,13303063.47,0.9969508086868456,2016,0.0
2016-06-30,11824115.33,11686500.64,0.9883615233648098,2016,0.0
2016-07-01,10173764.85,10138330.52,0.9965170877720847,2016,0.0
2016-07-02,8800553.93,8597989.65,0.9769827806736707,2016,0.0
2016-07-03,6426683.62,6344095.57,0.9871491962443921,2016,0.0
2016-07-04,1386571.93,1325944.63,0.9562754021711661,2016,0.0
2016-07-05,2748779.52,2677876.06,0.9742054757451045,2016,0.0
2016-07-06,2703265.31,2729115.94,1.0095627424745817,2016,0.0
2016-07-07,4517288.27,4518370.11,1.0002394888117248,2016,0.0
2016-07-08,3773827.56,3763622.72,0.9972958912833845,2016,0.0
2016-07-09,4051086.89,3956559.68,0.9766662101883478,2016,0.0
2016-07-10,4008532.54,3789183.06,0.9452793565198301,2016,0.0
2016-07-11,4094198.38,3954521.72,0.9658842471624446,2016,0.0
2016-07-12,4373623.08,4271906.38,0.9767431490689865,2016,0.0
2016-07-13,3978100.94,3903887.84,0.9813445910198548,2016,0.0
2016-07-14,5834657.65,5776926.66,0.990105505161901,2016,0.0
2016-07-15,5538171.41,5410397.02,0.9769284154388423,2016,0.0
2016-07-16,4146739.21,3932641.54,0.9483696323405879,2016,0.0
2016-07-17,4362617.65,4257377.15,0.9758767537191805,2016,0.0
2016-07-18,4037086.77,4032049.3,0.9987522017021199,2016,0.0
2016-07-19,4972014.76,4468539.05,0.8987380902304482,2016,0.0
2016-07-20,5743038.13,4989427.8,0.8687784561165711,2016,0.0
2016-07-21,6234589.1,5454135.01,0.8748186805125617,2016,0.0
2016-07-22,6429688.49,5405412.2,0.8406958141762167,2016,0.0
2016-07-23,5794840.19,4693760.16,0.8099895779869642,2016,0.0
2016-07-24,4992598.4,3988427.93,0.7988681665242692,2016,0.0
2016-07-25,6602810.86,5210533.01,0.7891386139144988,2016,0.0
2016-07-26,7851989.46,6298482.2,0.802151127696496,2016,0.0
2016-07-27,7880563.86,6294203.51,0.7986996389875076,2016,0.0
2016-07-28,10561338.25,8364736.75,0.7920148519057232,2016,0.0
2016-07-29,9786083.49,8009568.05,0.8184651253164406,2016,0.0
2016-07-30,6346290.87,5035247.55,0.7934158161269402,2016,0.0
2016-07-31,11015269.56,8901256.98,0.8080834455766146,2016,0.0
2016-08-01,10793582.2,8684114.27,0.8045627585992721,2016,0.0
2016-08-02,9744357.22,7715286.95,0.7917697161352629,2016,0.0
2016-08-03,9904285.99,7903743.51,0.7980124481441796,2016,0.0
2016-08-04,9495153.07,7445312.45,0.7841171590507071,2016,0.0
2016-08-05,5608281.75,4405172.77,0.7854763662685099,2016,0.0
2016-08-06,3417126.9,2778007.61,0.812965889560613,2016,0.0
2016-08-07,4427581.45,3417549.23,0.771877213009825,2016,0.0
2016-08-08,4350104.4,3457274.61,0.794756698253035,2016,0.0
2016-08-09,5367433.58,4307308.14,0.8024893230257727,2016,0.0
2016-08-10,6219835.93,4989664.4,0.8022180096316465,2016,0.0
2016-08-11,6515630.05,5260377.53,0.8073474843772016,2016,0.0
2016-08-12,6119372.31,4890673.79,0.7992116743751453,2016,0.0
2016-08-13,4911652.24,4032826.41,0.8210732789990848,2016,0.0
2016-08-14,4133214.74,3276890.85,0.7928189208964255,2016,0.0
2016-08-15,5605211.59,4497185.08,0.8023220903958775,2016,0.0
2016-08-16,5622571.31,4439845.57,0.7896468226385199,2016,0.0
2016-08-17,5481191.48,4224740.02,0.7707703763707958,2016,0.0
2016-08-18,9528740.46,7920089.68,0.8311790748470023,2016,0.0
2016-08-19,6546299.57,5278113.04,0.8062742903163534,2016,0.0
2016-08-20,5781551.94,4564247.81,0.7894502820984775,2016,0.0
2016-08-21,6521389.47,5328696.02,0.817110532121002,2016,0.0
2016-08-22,5219998.72,4287522.68,0.8213646994917271,2016,0.0
2016-08-23,4815121.42,3868404.84,0.8033867690090357,2016,0.0
2016-08-24,6292751.73,5100249.41,0.8104958893714371,2016,0.0
2016-08-25,8794928.73,6977759.11,0.7933843836844827,2016,0.0
2016-08-26,5680360.34,4488665.83,0.7902079377591036,2016,0.0
2016-08-27,4561647.77,3662367.33,0.8028606141153245,2016,0.0
2016-08-28,15158669.18,12249721.23,0.8081000439116385,2016,0.0
2016-08-29,14043471.1,11328872.12,0.8067002836642003,2016,0.0
2016-08-30,13812380.3,11037531.68,0.7991042412870719,2016,0.0
2016-08-31,12534594.92,10091516.93,0.8050931836575058,2016,0.0
2016-09-01,12403544.62,10116739.78,0.8156329573473168,2016,0.0
2016-09-02,2363186.38,2197302.32,0.9298049187301087,2016,0.0
2016-09-03,2854708.14,2576390.08,0.902505599048735,2016,0.0
2016-09-04,2911393.7,2610346.46,0.8965968635571341,2016,0.0
2016-09-05,4157930.98,3683805.93,0.8859709186418482,2016,0.0
2016-09-06,4457820.99,4021959.96,0.9022255422598294,2016,0.0
2016-09-07,2727504.52,2482230.36,0.9100737842223631,2016,0.0
2016-09-08,2950156.73,2710099.28,0.9186289163694702,2016,0.0
2016-09-09,4080455.52,3550531.35,0.8701311244779848,2016,0.0
2016-09-10,3383667.97,3081087.79,0.9105762791495171,2016,0.0
2016-09-11,4791697.67,4209772.35,0.8785555016036727,2016,0.0
2016-09-12,5675073.45,5130706.55,0.9040775586789982,2016,0.0
2016-09-13,5639925.61,5076124.78,0.9000339953065445,2016,0.0
2016-09-14,4385149.48,3911967.05,0.8920943442958755,2016,0.0
2016-09-15,3714513.35,3311188.02,0.8914190657034521,2016,0.0
2016-09-16,4018602.31,3556568.41,0.8850262194767912,2016,0.0
2016-09-17,4431680.09,3843688.85,0.8673209193671739,2016,0.0
2016-09-18,4942620.63,4382989.7,0.8867744518761498,2016,0.0
2016-09-19,5350877.2,4783146.79,0.8938995628604596,2016,0.0
2016-09-20,4950112.24,4381290.5,0.8850891227468409,2016,0.0
2016-09-21,4415854.52,4042078.78,0.9153559660294244,2016,0.0
2016-09-22,3570383.96,3326231.28,0.9316172482468804,2016,0.0
2016-09-23,4188287.62,3857859.5,0.921106631163024,2016,0.0
2016-09-24,3669054.98,3149906.57,0.8585062331227318,2016,0.0
2016-09-25,5830714.93,5221915.5,0.8955875158863238,2016,0.0
2016-09-26,6888617.97,6121949.95,0.8887051040805505,2016,0.0
2016-09-27,8489123.16,7795904.94,0.9183404213916482,2016,0.0
2016-09-28,7567886.85,6824968.63,0.9018328055472975,2016,0.0
2016-09-29,5432931.71,4892504.82,0.9005275753778985,2016,0.0
2016-09-30,4909635.76,4205412.15,0.8565629622186067,2016,0.0
2016-10-01,4366699.03,3701260.21,0.8476105599611247,2016,0.0
2016-10-02,2596796.4,1974164.43,0.7602307327597959,2016,0.0
2016-10-03,2548741.44,2097911.33,0.8231165770977539,2016,0.0
2016-10-04,3461082.31,2850191.25,0.8234971014023645,2016,0.0
2016-10-05,3424882.78,2746226.47,0.8018453904574219,2016,0.0
2016-10-06,2895028.23,2454432.63,0.8478095669554144,2016,0.0
2016-10-07,3222934.99,2477341.55,0.7686601056759136,2016,0.0
2016-10-08,3101070.27,2574361.13,0.8301524653938267,2016,0.0
2016-10-09,3313712.48,2583489.11,0.7796358693135621,2016,0.0
2016-10-10,4264616.83,3371581.16,0.7905941598978308,2016,0.0
2016-10-11,4422185.53,3581266.99,0.8098409634115916,2016,0.0
2016-10-12,4541598.24,3524730.02,0.7760990368888288,2016,0.0
2016-10-13,3317032.06,2649214.4,0.7986701219885104,2016,0.0
2016-10-14,3511630.87,2718591.77,0.7741678640614069,2016,0.0
2016-10-15,3943248.97,3043533.56,0.7718339833865473,2016,0.0
2016-10-16,4376304.87,3413503.15,0.7799966527469097,2016,0.0
2016-10-17,3037287.93,2453991.87,0.8079549672460589,2016,0.0
2016-10-18,4508859.09,3657069.31,0.8110852960809649,2016,0.0
2016-10-19,4228189.57,3396000.86,0.8031808422440244,2016,0.0
2016-10-20,2846518.01,2260628.69,0.7941733310867055,2016,0.0
2016-10-21,3272036.28,2634207.2,0.8050666235277808,2016,0.0
2016-10-22,3948044.16,3231763.1,0.8185731894143757,2016,0.0
2016-10-23,3383059.2,2666084.61,0.7880691564605194,2016,0.0
2016-10-24,4380387.44,3526727.23,0.8051176473102114,2016,0.0
2016-10-25,4299274.8,3249930.02,0.7559251667281189,2016,0.0
2016-10-26,4706906.11,3751859.51,0.7970967387747616,2016,0.0
2016-10-27,4202633.76,3430770.86,0.8163382906817938,2016,0.0
2016-10-28,7095459.64,5821255.79,0.8204198297715919,2016,0.0
2016-10-29,7748034.04,6291672.94,0.8120347571420841,2016,0.0
2016-10-30,6231866.09,5021019.4,0.8057007848832003,2016,0.0
2016-10-31,6154479.92,4923620.6,0.8000059572864768,2016,0.0
2016-11-01,7719179.86,6108632.49,0.7913577090818039,2016,0.0
2016-11-02,2019573.39,1671538.84,0.827669273261716,2016,0.0
2016-11-03,2167731.38,1630172.24,0.7520176415954268,2016,0.0
2016-11-04,2921457.72,2325634.63,0.7960528109234454,2016,0.0
2016-11-05,3331729.51,2510325.05,0.7534600400378841,2016,0.0
2016-11-06,3177194.93,2614531.12,0.8229054803382807,2016,0.0
2016-11-07,4013690.76,3164694.75,0.7884749820636406,2016,0.0
2016-11-08,2902668.64,2275142.13,0.7838104903355416,2016,0.0
2016-11-09,3088936.2,2415653.4,0.7820340866865427,2016,0.0
2016-11-10,3524443.54,2787453.25,0.7908917303864654,2016,0.0
2016-11-11,3242466.89,2622416.39,0.8087719871828822,2016,0.0
2016-11-12,4067309.35,3215859.82,0.7906602481564378,2016,0.0
2016-11-13,4108240.53,3298120.47,0.8028060786401912,2016,0.0
2016-11-14,5384564.17,4287246.16,0.7962104312706149,2016,0.0
2016-11-15,4067351.79,3266049.08,0.8029915405964921,2016,0.0
2016-11-16,2666254.64,2184170.77,0.8191906118914433,2016,0.0
2016-11-17,3253737.52,2657687.82,0.8168107610597919,2016,0.0
2016-11-18,2750384.49,2341586.51,0.8513669701504168,2016,0.0
2016-11-19,3049656.36,2797715.85,0.9173872462141932,2016,0.0
2016-11-20,2422645.76,2208447.77,0.9115850969478922,2016,0.0
2016-11-21,2849528.18,2622825.33,0.9204419694491317,2016,0.0
2016-11-22,2953802.19,3010640.25,1.019242337957641,2016,0.0
2016-11-23,1781135.32,1682846.05,0.9448165061372203,2016,0.0
2016-11-24,1693041.1,1727778.84,1.0205179543485388,2016,0.0
2016-11-25,3314537.94,3343367.28,1.0086978458300586,2016,0.0
2016-11-26,3392192.14,3360164.37,0.9905583856461622,2016,0.0
2016-11-27,5299633.2,5281944.59,0.9966622954207471,2016,0.0
2016-11-28,5196318.58,5131257.93,0.9874794724383507,2016,0.0
2016-11-29,4921786.18,4962698.8,1.0083125553414432,2016,0.0
2016-11-30,3832887.02,3897608.89,1.0168859321086903,2016,0.0
2016-12-01,2358573.02,2341309.79,0.9926806463681163,2016,0.0
2016-12-02,907573.74,925477.21,1.0197267386780053,2016,0.0
2016-12-03,1333890.05,1218185.92,0.9132581204875169,2016,0.0
2016-12-04,2237557.76,2224630.3,0.9942225133888835,2016,0.0
2016-12-05,1925286.27,1939563.58,1.0074156816170512,2016,0.0
2016-12-06,2605334.49,2510982.32,0.9637850071220604,2016,0.0
2016-12-07,2299467.49,2274139.79,0.9889854063559732,2016,0.0
2016-12-08,2075549.34,2136761.21,1.0294918886389854,2016,0.0
2016-12-09,2553283.93,2600587.96,1.0185267409723602,2016,0.0
2016-12-10,2913080.54,2889190.43,0.9917990218011618,2016,0.0
2016-12-11,2853330.5,2812545.24,0.985706086273567,2016,0.0
2016-12-12,3248145.42,3217430.0,0.9905437053985102,2016,0.0
2016-12-13,3823629.31,3830277.56,1.0017387276487846,2016,0.0
2016-12-14,2792734.55,2831410.87,1.013848906620932,2016,0.0
2016-12-15,2707101.38,2742933.88,1.0132364824844498,2016,0.0
2016-12-16,2646651.72,2651717.38,1.0019139881389454,2016,0.0
2016-12-17,3238132.58,3280502.46,1.0130846649892267,2016,0.0
2016-12-18,3271429.4,3285398.32,1.0042699744643733,2016,0.0
2016-12-19,4135316.35,4095588.8,0.9903931049918345,2016,0.0
2016-12-20,4293749.29,4224108.67,0.983780930069161,2016,0.0
2016-12-21,4279775.59,4100591.43,0.9581323468411109,2016,0.0
2016-12-22,3117384.48,3057416.11,0.9807632422677616,2016,0.0
2016-12-23,2500798.47,2509747.01,1.0035782731424974,2016,0.0
2016-12-24,2034069.49,2007308.18,0.9868434632486425,2016,0.0
2016-12-25,3488378.94,3406046.44,0.9763980629925486,2016,0.0
2016-12-26,3839559.68,3806837.33,0.9914775774497142,2016,0.0
2016-12-27,5844260.6,5750792.35,0.984006830564674,2016,0.0
2016-12-28,7554359.22,7421332.69,0.9823907592787202,2016,0.0
2016-12-29,7928143.58,7951767.41,1.0029797429576823,2016,0.0
2016-12-30,5840732.73,5741938.39,0.9830852832055541,2016,0.0
2016-12-31,4969730.15,4920694.41,0.9901331181935502,2016,0.0
2017-01-01,3998895.08,3583814.01,0.8962010601188366,2017,0.0
2017-01-02,1748553.87,1374452.07,0.7860507437497479,2017,0.0
2017-01-03,1891837.91,1573537.28,0.8317505805769587,2017,0.0
2017-01-04,847466.28,682698.81,0.8055763705430262,2017,0.0
2017-01-05,1464435.52,1145400.53,0.782144733828909,2017,0.0
2017-01-06,2311449.24,1842665.52,0.797190562575365,2017,0.0
2017-01-07,2148635.45,1767280.58,0.82251299539901,2017,0.0
2017-01-08,2907768.3,2272946.44,0.7816807274499828,2017,0.0
2017-01-09,3437216.12,2814472.11,0.8188231440041075,2017,0.0
2017-01-10,3014515.71,2440786.22,0.8096777243201032,2017,0.0
2017-01-11,2227157.79,1674420.56,0.7518194568513262,2017,0.0
2017-01-12,2704158.21,2101198.8,0.7770250986905088,2017,0.0
2017-01-13,3136819.59,2599219.64,0.8286162354654257,2017,0.0
2017-01-14,2056300.58,1704845.73,0.82908391243074,2017,0.0
2017-01-15,2415343.55,1994964.86,0.8259549081537491,2017,0.0
2017-01-16,3848368.92,3102404.56,0.8061609020582153,2017,0.0
2017-01-17,2829843.68,2229864.7,0.7879815820780602,2017,0.0
2017-01-18,2138817.82,1652537.47,0.7726405935779982,2017,0.0
2017-01-19,2663777.41,2187863.56,0.8213387319025278,2017,0.0
2017-01-20,2871845.05,2318588.01,0.8073513611049454,2017,0.0
2017-01-21,2790303.1,2232164.85,0.7999721786496958,2017,0.0
2017-01-22,2438538.62,2064760.98,0.8467206395935611,2017,0.0
2017-01-23,3466339.69,2719480.1,0.7845394113696919,2017,0.0
2017-01-24,2856042.21,2288079.89,0.8011365805409438,2017,0.0
2017-01-25,2345949.16,1953862.54,0.832866531515116,2017,0.0
2017-01-26,3398297.86,2689465.29,0.7914154087717314,2017,0.0
2017-01-27,3893498.97,3118864.85,0.8010442211571973,2017,0.0
2017-01-28,5454445.79,4466542.85,0.8188811516265889,2017,0.0
2017-01-29,6530902.38,5313138.23,0.8135381484602746,2017,0.0
2017-01-30,5647441.37,4545794.61,0.8049299341375898,2017,0.0
2017-01-31,5786663.6,4731579.01,0.8176696170829768,2017,0.0
2017-02-01,3754242.39,3007642.45,0.8011316632115488,2017,0.0
2017-02-02,2084558.98,1704689.79,0.8177699966061887,2017,0.0
2017-02-03,2527455.7,2118774.82,0.8383034448437612,2017,0.0
2017-02-04,2511052.37,2067059.03,0.8231843567643314,2017,0.0
2017-02-05,2436308.96,2039899.33,0.8372909033671986,2017,0.0
2017-02-06,2567404.94,2085607.67,0.8123407560320423,2017,0.0
2017-02-07,2738634.88,2219123.05,0.810302631506687,2017,0.0
2017-02-08,1933130.03,1586818.66,0.820854590935096,2017,0.0
2017-02-09,2516914.69,2076822.36,0.8251461077530602,2017,0.0
2017-02-10,2588464.94,2130151.17,0.8229399352034492,2017,0.0
2017-02-11,3014037.02,2552520.25,0.8468775376886379,2017,0.0
2017-02-12,3603536.48,2886850.52,0.8011159415264196,2017,0.0
2017-02-13,4440040.43,3602625.97,0.8113948570508851,2017,0.0
2017-02-14,3875527.43,3254271.21,0.8396976331038379,2017,0.0
2017-02-15,2042667.61,1725509.05,0.844733152644448,2017,0.0
2017-02-16,3533527.8,2858753.36,0.8090366120792937,2017,0.0
2017-02-17,3023518.61,2507056.83,0.8291851823594366,2017,0.0
2017-02-18,3277433.63,2800726.99,0.8545488043948583,2017,0.0
2017-02-19,4520643.56,3744775.49,0.8283722085799661,2017,0.0
2017-02-20,5623470.83,4661358.55,0.8289113060092106,2017,0.0
2017-02-21,5243661.46,4397106.06,0.8385564349533732,2017,0.0
2017-02-22,4461426.24,3673004.77,0.8232803978846011,2017,0.0
2017-02-23,5005082.74,4050645.07,0.8093063152838108,2017,0.0
2017-02-24,5197080.94,4291124.12,0.8256796785620198,2017,0.0
2017-02-25,7193655.77,5984598.22,0.8319272441361203,2017,0.0
2017-02-26,6951383.99,5568547.06,0.8010702714755367,2017,0.0
2017-02-27,7418488.93,6084966.92,0.8202434454532508,2017,0.0
2017-02-28,5900508.14,4852701.48,0.822420944918822,2017,0.0
2017-03-01,4138759.12,3461752.84,0.8364228841614729,2017,0.0
2017-03-02,1084768.59,894235.96,0.8243564279456136,2017,0.0
2017-03-03,1291387.67,1088338.93,0.8427670135645634,2017,0.0
2017-03-04,1414852.54,1091358.11,0.771358201046167,2017,0.0
2017-03-05,2359240.19,1784452.73,0.7563675532333145,2017,0.0
2017-03-06,3890607.23,3160109.06,0.8122405766464378,2017,0.0
2017-03-07,3220221.21,2644266.94,0.8211445014362848,2017,0.0
2017-03-08,4553707.12,3607122.81,0.7921288556651839,2017,0.0
2017-03-09,4967983.41,4034647.4,0.8121298054012623,2017,0.0
2017-03-10,6057343.95,4929376.63,0.8137851623895321,2017,0.0
2017-03-11,4368486.87,3465509.34,0.7932974146720967,2017,0.0
2017-03-12,3116003.75,2481856.51,0.7964870100044006,2017,0.0
2017-03-13,4924647.72,4152542.23,0.8432160970896818,2017,0.0
2017-03-14,5669415.23,4519981.15,0.7972570303339732,2017,0.0
2017-03-15,7298281.44,5862653.36,0.8032923104154778,2017,0.0
2017-03-16,7437742.79,6020449.52,0.8094457807944713,2017,0.0
2017-03-17,7834618.24,6274517.1,0.8008708156276418,2017,0.0
2017-03-18,5974783.9,4875618.15,0.8160325514032399,2017,0.0
2017-03-19,5122059.27,4468071.53,0.872319372829124,2017,0.0
2017-03-20,5574811.65,4750949.98,0.8522171291652517,2017,0.0
2017-03-21,6395400.59,5699224.23,0.8911442136887316,2017,0.0
2017-03-22,6704488.72,5884865.16,0.8777500277455907,2017,0.0
2017-03-23,8227253.04,7586583.97,0.9221284349849047,2017,0.0
2017-03-24,8043513.7,7275137.93,0.9044726224560293,2017,0.0
2017-03-25,5949599.34,5438511.57,0.9140971112854803,2017,0.0
2017-03-26,5631526.96,5140078.21,0.9127325939322148,2017,0.0
2017-03-27,6690279.11,5981854.17,0.8941113026299435,2017,0.0
2017-03-28,7528150.84,6808020.58,0.9043416802737709,2017,0.0
2017-03-29,8839810.76,8216778.38,0.9295197151935412,2017,0.0
2017-03-30,17516038.82,16224964.49,0.926291877788839,2017,0.0
2017-03-31,16556662.03,15209810.1,0.9186519645349069,2017,0.0
2017-04-01,15808755.61,14645912.76,0.9264431130009733,2017,0.0
2017-04-02,14750037.65,13407725.54,0.9089960214440537,2017,0.0
2017-04-03,11986923.68,10898039.76,0.9091606863388322,2017,0.0
2017-04-04,3822590.98,3438348.87,0.8994812387696264,2017,0.0
2017-04-05,4629254.97,4199168.99,0.9070939097571462,2017,0.0
2017-04-06,3991728.43,3603945.57,0.9028533962667394,2017,0.0
2017-04-07,3428956.51,3033332.62,0.8846226574043076,2017,0.0
2017-04-08,3512061.04,3104040.68,0.883823101206692,2017,0.0
2017-04-09,5195329.1,4683867.18,0.9015535089009087,2017,0.0
2017-04-10,4956146.85,4458418.44,0.8995735144530677,2017,0.0
2017-04-11,6400896.15,5775011.4,0.9022191994163192,2017,0.0
2017-04-12,6346191.53,5932271.71,0.9347766580880359,2017,0.0
2017-04-13,6080699.31,5675033.32,0.9332862933490459,2017,0.0
2017-04-14,5046450.29,4501125.15,0.8919388662005427,2017,0.0
2017-04-15,5118767.2,4382670.97,0.8561965799108816,2017,0.0
2017-04-16,5550880.17,4613246.21,0.8310837324380577,2017,0.0
2017-04-17,6659045.31,5533903.49,0.8310355662679821,2017,0.0
2017-04-18,8056843.67,6512827.94,0.8083597258130739,2017,0.0
2017-04-19,8628781.58,6869166.87,0.7960761095079196,2017,0.0
2017-04-20,7240460.1,5704449.86,0.7878573711082256,2017,0.0
2017-04-21,5516371.41,4399591.55,0.7975517279392179,2017,0.0
2017-04-22,5307716.56,4273571.86,0.8051620337465798,2017,0.0
2017-04-23,7933547.43,6292750.65,0.7931824578503844,2017,0.0
2017-04-24,7075130.23,5783275.04,0.8174089878201436,2017,0.0
2017-04-25,8289377.68,6751931.23,0.8145281214886086,2017,0.0
2017-04-26,11677117.94,9490915.85,0.8127789664167766,2017,0.0
2017-04-27,10910842.34,8767860.5,0.8035915309541536,2017,0.0
2017-04-28,8873238.46,7052027.5,0.7947523930287792,2017,0.0
2017-04-29,13969061.08,11193381.32,0.8012980440056892,2017,0.0
2017-04-30,12763691.95,10213945.04,0.8002343741929622,2017,0.0
2017-05-01,10437173.89,8248934.13,0.7903417358891967,2017,0.0
2017-05-02,10668293.77,8545428.77,0.8010117601026654,2017,0.0
2017-05-03,11066087.91,8850240.81,0.7997623805249529,2017,0.0
2017-05-04,5096072.55,4205229.55,0.8251902830543494,2017,0.0
2017-05-05,5663567.39,4486107.35,0.7920992267031186,2017,0.0
2017-05-06,3743378.15,2996412.53,0.8004568093127327,2017,0.0
2017-05-07,4893557.72,3947883.38,0.8067511626285672,2017,0.0
2017-05-08,5867384.27,4768855.8,0.8127737302605544,2017,0.0
2017-05-09,6383091.75,5203605.53,0.815217097576578,2017,0.0
2017-05-10,7501996.22,6032076.17,0.8040628111646796,2017,0.0
2017-05-11,10239562.28,8268973.88,0.8075515001408831,2017,0.0
2017-05-12,8320439.9,6726540.41,0.8084356705707351,2017,0.0
2017-05-13,7357524.23,5896933.82,0.8014834386756753,2017,0.0
2017-05-14,6662133.39,5287890.68,0.7937233271157904,2017,0.0
2017-05-15,7541584.53,6196974.67,0.8217072480390271,2017,0.0
2017-05-16,6978902.38,5556954.23,0.7962504599469695,2017,0.0
2017-05-17,7526190.32,5942140.35,0.7895283134429159,2017,0.0
2017-05-18,10554187.11,8417567.55,0.7975571649686246,2017,0.0
2017-05-19,8723026.23,6978931.62,0.8000585388587098,2017,0.0
2017-05-20,6210104.92,4916762.05,0.7917357457464663,2017,0.0
2017-05-21,7924193.43,6410830.66,0.8090199610384827,2017,0.0
2017-05-22,7701304.95,6167091.35,0.8007852422465104,2017,0.0
2017-05-23,8875094.41,7259320.81,0.8179429394937557,2017,0.0
2017-05-24,9809118.2,7989958.15,0.8145439770518823,2017,0.0
2017-05-25,12997641.6,10345551.33,0.7959560394402628,2017,0.0
2017-05-26,10924584.92,8936147.49,0.8179850818533433,2017,0.0
2017-05-27,6842735.97,5377732.71,0.7859038743533459,2017,0.0
2017-05-28,6133951.19,4817050.8,0.7853096072647424,2017,0.0
2017-05-29,7513494.18,5975112.76,0.7952508668876084,2017,0.0
2017-05-30,15437626.24,12468271.46,0.8076547045616257,2017,0.0
2017-05-31,17314841.86,13846685.08,0.7997003490969221,2017,0.0
2017-06-01,17639270.88,14102311.81,0.7994838282113848,2017,0.0
2017-06-02,17528852.88,14154253.77,0.8074831745635599,2017,0.0
2017-06-03,15308256.14,12312510.57,0.8043052361678082,2017,0.0
2017-06-04,4982217.86,4015671.63,0.8060008098481666,2017,0.0
2017-06-05,6879970.92,5535512.4,0.8045836914671146,2017,0.0
2017-06-06,5342823.74,4216558.08,0.7892002965458111,2017,0.0
2017-06-07,7640608.49,6119021.16,0.8008552156557364,2017,0.0
2017-06-08,7229728.05,5870597.71,0.8120080962104792,2017,0.0
2017-06-09,6070420.59,4805414.43,0.7916114474697378,2017,0.0
2017-06-10,6331260.25,5062026.02,0.7995289752936628,2017,0.0
2017-06-11,6522568.24,5237226.84,0.8029393710107048,2017,0.0
2017-06-12,6628740.01,5335810.64,0.8049509608086137,2017,0.0
2017-06-13,9097973.24,7325847.9,0.805217569534201,2017,0.0
2017-06-14,10026676.46,8103723.85,0.808216349887089,2017,0.0
2017-06-15,7940593.56,6369139.96,0.8020987237130419,2017,0.0
2017-06-16,7143718.68,5840484.65,0.8175692397226371,2017,0.0
2017-06-17,7455304.37,6136710.77,0.8231334987065054,2017,0.0
2017-06-18,7827068.5,6257008.19,0.7994063409563875,2017,0.0
2017-06-19,7342525.83,5820728.91,0.7927420406500634,2017,0.0
2017-06-20,8225238.75,6368214.24,0.7742284976226375,2017,0.0
2017-06-21,10655514.59,8609715.32,0.8080055868986428,2017,0.0
2017-06-22,9198620.13,7431185.52,0.8078587239149312,2017,0.0
2017-06-23,6526283.84,5230359.86,0.8014300309684356,2017,0.0
2017-06-24,7602436.11,6685562.91,0.8793974475110715,2017,0.0
2017-06-25,7066545.51,6587328.34,0.9321850868544113,2017,0.0
2017-06-26,7983541.46,7671373.55,0.9608985671880008,2017,0.0
2017-06-27,9250037.34,9101777.72,0.9839719976741198,2017,0.0
2017-06-28,11067229.74,10779722.88,0.9740217862324778,2017,0.0
2017-06-29,14575854.67,14163551.21,0.9717132566607842,2017,0.0
2017-06-30,10343460.86,10016805.64,0.9684191563712266,2017,0.0
2017-07-01,9399552.7,9077728.29,0.9657617314066445,2017,0.0
2017-07-02,8465410.55,8425628.54,0.9953006402034451,2017,0.0
2017-07-03,7335280.55,7353625.52,1.002500922749301,2017,0.0
2017-07-04,1548331.57,1505172.52,0.9721254472645029,2017,0.0
2017-07-05,2498941.43,2468637.84,0.987873429270409,2017,0.0
2017-07-06,3806545.74,3785638.98,0.994507681917412,2017,0.0
2017-07-07,3910669.38,3735165.73,0.9551218390136575,2017,0.0
2017-07-08,2775904.89,2709365.34,0.9760296002072317,2017,0.0
2017-07-09,4305575.04,4091213.73,0.9502130823389389,2017,0.0
2017-07-10,4406742.02,4296558.78,0.974996666584989,2017,0.0
2017-07-11,4944810.32,4863855.67,0.9836283608953477,2017,0.0
2017-07-12,4751983.65,4543652.2,0.9561590558081992,2017,0.0
2017-07-13,6163660.52,5965250.9,0.9678097748316614,2017,0.0
2017-07-14,4470547.96,4429144.59,0.9907386364332841,2017,0.0
2017-07-15,4914470.82,4964833.31,1.0102477951023827,2017,0.0
2017-07-16,5679726.46,5555676.19,0.978159111909062,2017,0.0
2017-07-17,5903451.12,5721733.07,0.969218335799484,2017,0.0
2017-07-18,5722567.0,5454385.63,0.9531361764746485,2017,0.0
2017-07-19,5823778.88,5343161.22,0.9174732300275796,2017,0.0
2017-07-20,7767875.77,6983084.24,0.8989696085214298,2017,0.0
2017-07-21,7742137.96,6801188.17,0.8784638306806922,2017,0.0
2017-07-22,5031209.52,4280297.37,0.8507491792947633,2017,0.0
2017-07-23,5822844.6,4618045.67,0.7930910040085906,2017,0.0
2017-07-24,5657508.49,4478937.41,0.7916801924233613,2017,0.0
2017-07-25,7277905.64,5735726.58,0.7881012565587482,2017,0.0
2017-07-26,8323356.74,6749350.5,0.8108928537886987,2017,0.0
2017-07-27,10162217.48,8082143.68,0.7953130009179846,2017,0.0
2017-07-28,8483149.48,6878556.14,0.8108493379984623,2017,0.0
2017-07-29,7623158.15,6127361.47,0.8037825464764888,2017,0.0
2017-07-30,8808543.18,8256517.97,0.9373307028506841,2017,0.0
2017-07-31,9466549.72,11128407.08,1.1755504813426363,2017,0.0
2017-08-01,7103485.92,8893176.14,1.2519453462927397,2017,0.0
2017-08-02,6242432.38,8556480.36,1.3706965232677457,2017,0.0
2017-08-03,6560878.74,8998020.07,1.3714656872320126,2017,0.0
2017-08-04,5472043.99,7638550.59,1.3959227308770228,2017,0.0
2017-08-05,1626028.13,2192300.16,1.3482547562076925,2017,0.0
2017-08-06,2056024.63,2936220.92,1.4281059074666824,2017,0.0
2017-08-07,2070918.21,2673620.96,1.291031653055965,2017,0.0
2017-08-08,2631383.27,3603508.2,1.369434943621877,2017,0.0
2017-08-09,2635632.31,3591835.02,1.3627982197562298,2017,0.0
2017-08-10,3124252.01,4079777.28,1.3058412915928637,2017,0.0
2017-08-11,3164344.57,4365179.69,1.3794893676828628,2017,0.0
2017-08-12,2404905.33,3325606.06,1.3828428165195177,2017,0.0
2017-08-13,2375693.54,3146463.17,1.3244398391553482,2017,0.0
2017-08-14,3038574.28,4128458.45,1.3586827470941407,2017,0.0
2017-08-15,2570726.93,3709393.15,1.4429355007379177,2017,0.0
2017-08-16,3226436.89,4462853.41,1.3832142273825787,2017,0.0
2017-08-17,4035498.92,5750566.25,1.4249951155977512,2017,0.0
2017-08-18,3226338.29,4356894.77,1.350414735957524,2017,0.0
2017-08-19,2594209.32,3620782.22,1.3957170657300701,2017,0.0
2017-08-20,2793076.6,3941814.02,1.411280313615459,2017,0.0
2017-08-21,2634922.72,3676913.21,1.3954539091757499,2017,0.0
2017-08-22,3146373.54,4106696.92,1.3052159471185993,2017,0.0
2017-08-23,3476965.73,4769850.97,1.3718429632034366,2017,0.0
2017-08-24,4910360.99,6796852.79,1.3841859700013623,2017,0.0
2017-08-25,3349335.96,4548124.98,1.357918415565574,2017,0.0
2017-08-26,2646726.51,3741666.75,1.413696026341611,2017,0.0
2017-08-27,2383553.18,3067888.41,1.2871071792071365,2017,0.0
2017-08-28,3635080.01,5161278.75,1.4198528604051277,2017,0.0
2017-08-29,7306573.99,9554867.54,1.3077083121415156,2017,0.0
2017-08-30,6946636.36,9396255.8,1.3526338954641928,2017,0.0
2017-08-31,7907948.51,10017576.0,1.2667730432655535,2017,0.0
2017-09-01,5962206.68,7605277.51,1.2755809917679675,2017,0.0
2017-09-02,6245530.26,7453975.27,1.193489577296516,2017,0.0
2017-09-03,2366258.16,2028274.79,0.8571654709053386,2017,0.0
2017-09-04,3110959.61,2696832.33,0.8668811775412283,2017,0.0
2017-09-05,4156708.13,3697301.2,0.8894781842669335,2017,0.0
2017-09-06,3962558.61,3470517.33,0.8758273811374616,2017,0.0
2017-09-07,3177169.11,2911789.0,0.9164727778685977,2017,0.0
2017-09-08,2758623.23,2466116.27,0.8939663246437608,2017,0.0
2017-09-09,3407389.12,3057748.67,0.8973875780879408,2017,0.0
2017-09-10,2833078.04,2447241.71,0.8638102005831085,2017,0.0
2017-09-11,4351501.62,3874079.03,0.8902855538865684,2017,0.0
2017-09-12,5272757.92,4657582.93,0.883329559343775,2017,0.0
2017-09-13,4375381.18,3897483.92,0.8907758569277386,2017,0.0
2017-09-14,2944995.39,2598454.0,0.8823287156317077,2017,0.0
2017-09-15,4050240.35,3493814.51,0.8626190566690689,2017,0.0
2017-09-16,3998480.39,3572766.48,0.8935310746891021,2017,0.0
2017-09-17,3646297.83,3324722.05,0.9118075936216103,2017,0.0
2017-09-18,4708998.08,4108242.1,0.8724238214172302,2017,0.0
2017-09-19,5863767.93,5193156.23,0.885634679270126,2017,0.0
2017-09-20,4348094.84,3813888.37,0.8771401062631836,2017,0.0
2017-09-21,3941062.22,3437534.89,0.8722356304235156,2017,0.0
2017-09-22,4296469.47,3871217.73,0.9010229810849791,2017,0.0
2017-09-23,4068464.64,3622953.87,0.8904965854637488,2017,0.0
2017-09-24,3893369.27,3496467.09,0.8980568878841538,2017,0.0
2017-09-25,5274815.56,4684517.64,0.888091268161801,2017,0.0
2017-09-26,5803004.55,5062124.41,0.8723281821310997,2017,0.0
2017-09-27,7446035.82,6568633.22,0.8821651384427532,2017,0.0
2017-09-28,7777371.32,7033425.19,0.9043447844534701,2017,0.0
2017-09-29,5297992.65,4816175.26,0.9090566141121391,2017,0.0
2017-09-30,5604370.48,4849617.32,0.865327753992452,2017,0.0
2017-10-01,4057941.88,3476480.87,0.8567103652061178,2017,0.0
2017-10-02,2879522.46,2342981.57,0.8136701840485036,2017,0.0
2017-10-03,2733645.95,2251158.64,0.8235004390382009,2017,0.0
2017-10-04,3991921.57,3166198.46,0.7931514696567549,2017,0.0
2017-10-05,3219806.7,2540926.63,0.7891550228776155,2017,0.0
2017-10-06,2919860.88,2393697.54,0.8197984898513384,2017,0.0
2017-10-07,3614512.4,2790501.3,0.7720270374504732,2017,0.0
2017-10-08,3915909.65,3064193.34,0.78249847771641,2017,0.0
2017-10-09,3295589.64,2601027.16,0.7892448527056299,2017,0.0
2017-10-10,3865996.54,3056078.01,0.7905020033980682,2017,0.0
2017-10-11,5115944.9,4157714.79,0.8126973357355745,2017,0.0
2017-10-12,4480692.67,3480805.66,0.7768454380514341,2017,0.0
2017-10-13,3073492.71,2485145.78,0.808573832602323,2017,0.0
2017-10-14,3790006.69,2996354.65,0.7905934989259874,2017,0.0
2017-10-15,3744243.63,2920145.88,0.7799027436684188,2017,0.0
2017-10-16,4113305.99,3202804.6,0.7786448680906426,2017,0.0
2017-10-17,4345077.6,3330124.96,0.7664132304564596,2017,0.0
2017-10-18,6078621.94,4769081.72,0.7845662663468752,2017,0.0
2017-10-19,3916465.28,3063562.45,0.7822263778628469,2017,0.0
2017-10-20,3454637.53,2776840.51,0.8038008288528029,2017,0.0
2017-10-21,3395571.6,2700303.7,0.7952427508817661,2017,0.0
2017-10-22,3560322.33,2849008.19,0.8002107466488856,2017,0.0
2017-10-23,3915143.5,3019168.91,0.7711515325044919,2017,0.0
2017-10-24,3172297.01,2492929.42,0.785843637005477,2017,0.0
2017-10-25,6656072.71,5320570.98,0.7993558982621151,2017,0.0
2017-10-26,5244501.34,4208554.22,0.8024698531204875,2017,0.0
2017-10-27,3452345.34,2711681.12,0.7854605646143152,2017,0.0
2017-10-28,3658997.27,2958790.37,0.8086342108694714,2017,0.0
2017-10-29,7644126.36,6130363.53,0.8019704595778032,2017,0.0
2017-10-30,7135440.35,5691818.99,0.7976829334716533,2017,0.0
2017-10-31,7280919.6,5711548.55,0.7844542810224138,2017,0.0
2017-11-01,7083914.55,5591633.48,0.7893423107425823,2017,0.0
2017-11-02,5199936.08,4288675.49,0.8247554246859127,2017,0.0
2017-11-03,1577128.76,1289906.6,0.8178828721632089,2017,0.0
2017-11-04,1931786.56,1566251.33,0.8107786659412312,2017,0.0
2017-11-05,2523519.9,2073018.57,0.8214789865536627,2017,0.0
2017-11-06,3018330.58,2360833.81,0.7821654213899923,2017,0.0
2017-11-07,4095990.43,3338509.96,0.8150678125485756,2017,0.0
2017-11-08,4277782.67,3348300.89,0.7827187934257539,2017,0.0
2017-11-09,2792998.33,2205753.88,0.7897440740682433,2017,0.0
2017-11-10,3541249.75,2843011.6,0.8028271939870946,2017,0.0
2017-11-11,2921904.65,2403613.27,0.8226186538975527,2017,0.0
2017-11-12,3084484.33,2422146.93,0.7852680289025816,2017,0.0
2017-11-13,3746234.93,2946152.31,0.7864302066074644,2017,0.0
2017-11-14,4154076.39,3314644.14,0.797925658752751,2017,0.0
2017-11-15,3854132.18,3119546.66,0.8094031326138897,2017,0.0
2017-11-16,3066706.38,2516030.25,0.820434022118544,2017,0.0
2017-11-17,2781968.82,2191402.04,0.7877162476608922,2017,0.0
2017-11-18,2774765.8,2218818.06,0.7996415625419631,2017,0.0
2017-11-19,3132539.58,2911417.5,0.9294112414694533,2017,0.0
2017-11-20,2995966.89,2760945.71,0.9215541464144819,2017,0.0
2017-11-21,2297213.47,2128140.16,0.9264006971019546,2017,0.0
2017-11-22,2248567.69,2263677.12,1.0067195797872557,2017,0.0
2017-11-23,1749357.29,1656734.06,0.9470529945314945,2017,0.0
2017-11-24,1620958.87,1618303.7,0.9983619757113269,2017,0.0
2017-11-25,2674533.14,2727514.77,1.0198096741474663,2017,0.0
2017-11-26,2940959.43,2955583.74,1.004972632349437,2017,0.0
2017-11-27,3888410.38,3813390.96,0.980706918079979,2017,0.0
2017-11-28,5847881.51,5752351.51,0.9836641696934793,2017,0.0
2017-11-29,4871438.96,4803864.88,0.9861285175581878,2017,0.0
2017-11-30,4264134.96,4156136.15,0.9746727505078779,2017,0.0
2017-12-01,2565213.32,2510402.2,0.978632919308247,2017,0.0
2017-12-02,2798541.49,2818052.3,1.0069717780028338,2017,0.0
2017-12-03,1410398.63,1318304.86,0.9347037298242414,2017,0.0
2017-12-04,1209471.35,1144863.17,0.9465814713180265,2017,0.0
2017-12-05,1723297.16,1680632.44,0.9752423894205222,2017,0.0
2017-12-06,1875094.15,1865514.43,0.9948910725362777,2017,0.0
2017-12-07,2133387.42,2193351.43,1.0281074170766415,2017,0.0
2017-12-08,1553493.17,1488945.36,0.9584498913503432,2017,0.0
2017-12-09,1605808.62,1631952.74,1.0162809687744732,2017,0.0
2017-12-10,1836022.63,1769756.1,0.9639075636012178,2017,0.0
2017-12-11,2040261.84,2142116.71,1.0499224501498297,2017,0.0
2017-12-12,2636835.06,2612267.82,0.9906830577411997,2017,0.0
2017-12-13,2887343.12,2845278.71,0.985431447440857,2017,0.0
2017-12-14,2544808.4,2511218.15,0.9868004797532105,2017,0.0
2017-12-15,2615767.25,2602096.36,0.9947736596212832,2017,0.0
2017-12-16,1895310.17,1824600.76,0.9626924336083735,2017,0.0
2017-12-17,2997880.85,2962168.44,0.9880874485055001,2017,0.0
2017-12-18,2575839.99,2572642.87,0.9987588048898953,2017,0.0
2017-12-19,2830509.48,2835294.19,1.0016904059264977,2017,0.0
2017-12-20,3950305.28,3962113.72,1.002989247453807,2017,0.0
2017-12-21,2446276.92,2392977.63,0.9782120782956985,2017,0.0
2017-12-22,2423079.28,2383321.92,0.9835922165947456,2017,0.0
2017-12-23,2343205.29,2302420.5,0.982594444381781,2017,0.0
2017-12-24,1582944.12,1537881.36,0.9715323115764819,2017,0.0
2017-12-25,1888197.46,1829750.85,0.9690463464557357,2017,0.0
2017-12-26,2701416.56,2654070.12,0.9824734768043326,2017,0.0
2017-12-27,4103218.35,4112542.69,1.0022724454817278,2017,0.0
2017-12-28,3545279.44,3453711.8,0.9741719541295171,2017,0.0
2017-12-29,6520226.98,6483039.79,0.9942966418018778,2017,0.0
2017-12-30,5342810.18,5371586.26,1.0053859446677929,2017,0.0
2017-12-31,5157535.61,5013423.96,0.9720580407199553,2017,0.0
2018-01-01,4076479.77,3905605.37,0.9580828534321415,2018,0.0
2018-01-02,3624718.09,3245091.67,0.8952673254653026,2018,0.0
2018-01-03,1228388.32,997328.86,0.8119003117841432,2018,0.0
2018-01-04,1209588.0,943742.57,0.7802181982625489,2018,0.0
2018-01-05,1515574.79,1226621.86,0.809344328035438,2018,0.0
2018-01-06,1836672.15,1424469.16,0.7755707299204161,2018,0.0
2018-01-07,1476050.73,1224918.4,0.8298619926159313,2018,0.0
2018-01-08,2536686.97,2085102.3,0.8219785589074871,2018,0.0
2018-01-09,2729162.63,2140605.04,0.7843449915624853,2018,0.0
2018-01-10,2434343.96,1884221.76,0.7740162404987339,2018,0.0
2018-01-11,2183840.91,1845305.97,0.844981867291789,2018,0.0
2018-01-12,2862550.24,2341061.28,0.817823648048881,2018,0.0
2018-01-13,2753366.32,2271479.73,0.8249827542017729,2018,0.0
2018-01-14,2226116.52,1762940.79,0.7919355407326117,2018,0.0
2018-01-15,3128561.64,2520530.26,0.8056514622483192,2018,0.0
2018-01-16,3770286.85,3022848.85,0.8017556674766007,2018,0.0
2018-01-17,3240996.79,2645347.64,0.8162142116777599,2018,0.0
2018-01-18,2110305.53,1667911.37,0.7903648766915757,2018,0.0
2018-01-19,2086549.59,1700643.75,0.8150507220870796,2018,0.0
2018-01-20,2418121.84,2008335.01,0.8305350775873229,2018,0.0
2018-01-21,2484308.01,1971853.24,0.7937233354571038,2018,0.0
2018-01-22,3315490.36,2730843.03,0.8236618820993947,2018,0.0
2018-01-23,4611238.46,3755442.15,0.8144107450908101,2018,0.0
2018-01-24,3270861.1,2653232.42,0.8111724524162766,2018,0.0
2018-01-25,2275701.54,1820602.61,0.800018182524937,2018,0.0
2018-01-26,2897617.42,2400983.47,0.8286061001110354,2018,0.0
2018-01-27,3617772.88,2965865.28,0.8198041663687854,2018,0.0
2018-01-28,3128272.36,2453931.52,0.7844366594729623,2018,0.0
2018-01-29,5197360.04,4086899.16,0.7863413595645378,2018,0.0
2018-01-30,5706924.49,4618954.53,0.8093596714120884,2018,0.0
2018-01-31,5009601.43,4199624.93,0.8383151810941574,2018,0.0
2018-02-01,3670728.79,3012405.31,0.8206559193930533,2018,0.0
2018-02-02,4258063.02,3505527.95,0.8232682169180296,2018,0.0
2018-02-03,1981564.16,1568068.11,0.7913284574141672,2018,0.0
2018-02-04,2874335.62,2202119.84,0.7661317713482603,2018,0.0
2018-02-05,3130745.66,2498095.83,0.7979235943426972,2018,0.0
2018-02-06,3339473.15,2568216.59,0.7690484320857618,2018,0.0
2018-02-07,2805812.6,2202832.26,0.7850960039170113,2018,0.0
2018-02-08,2150875.76,1718669.78,0.7990558134329433,2018,0.0
2018-02-09,2144621.01,1686060.42,0.786181060494227,2018,0.0
2018-02-10,2584198.15,2095864.1,0.8110307253335044,2018,0.0
2018-02-11,2962791.58,2320546.01,0.7832295817446597,2018,0.0
2018-02-12,3622566.63,2796978.04,0.7720984389457594,2018,0.0
2018-02-13,4418784.14,3538184.9,0.800714582993864,2018,0.0
2018-02-14,4218153.95,3395697.77,0.8050198760526509,2018,0.0
2018-02-15,3128927.36,2501462.4,0.7994632384179094,2018,0.0
2018-02-16,3463265.1,2649618.11,0.7650636129472156,2018,0.0
2018-02-17,4206774.3,3318989.93,0.788963156402282,2018,0.0
2018-02-18,3926304.19,3167573.08,0.8067569211951456,2018,0.0
2018-02-19,4186201.52,3338454.11,0.7974900620646662,2018,0.0
2018-02-20,5091061.73,4033905.61,0.7923505594578598,2018,0.0
2018-02-21,3907743.08,3150049.7,0.806104607061322,2018,0.0
2018-02-22,3063440.84,2341066.15,0.7641949925822625,2018,0.0
2018-02-23,3544367.16,2804587.84,0.7912802803420624,2018,0.0
2018-02-24,3364498.21,2679591.94,0.7964313763151029,2018,0.0
2018-02-25,4015454.83,3238625.9,0.8065402394278707,2018,0.0
2018-02-26,7426597.23,5998758.22,0.8077398079120011,2018,0.0
2018-02-27,8416365.51,6844455.72,0.8132317580394628,2018,0.0
2018-02-28,8409092.75,6627677.09,0.7881560219442222,2018,0.0
2018-03-01,6963830.59,5570058.79,0.7998555849417928,2018,0.0
2018-03-02,5613671.87,4371797.12,0.7787767474196884,2018,0.0
2018-03-03,1177076.3,967531.27,0.8219783798212571,2018,0.0
2018-03-04,2218712.31,1781519.01,0.8029517851280141,2018,0.0
2018-03-05,2742871.53,2230053.99,0.8130362525582816,2018,0.0
2018-03-06,3203122.41,2519131.06,0.7864610644087123,2018,0.0
2018-03-07,4507553.37,3470623.71,0.7699573194404573,2018,0.0
2018-03-08,3419972.83,2864363.46,0.8375398292272398,2018,0.0
2018-03-09,3250890.44,2689334.35,0.8272608381105578,2018,0.0
2018-03-10,3479853.91,2832299.24,0.813913259939122,2018,0.0
2018-03-11,4342360.28,3337146.36,0.7685097838081735,2018,0.0
2018-03-12,3648185.26,2790754.99,0.7649707432895007,2018,0.0
2018-03-13,5344808.38,4343953.93,0.8127426880736929,2018,0.0
2018-03-14,6867137.98,5489756.33,0.7994242064144457,2018,0.0
2018-03-15,6357153.0,4930724.06,0.7756182775528605,2018,0.0
2018-03-16,4667689.08,3716263.52,0.796167751601827,2018,0.0
2018-03-17,6875294.96,5458868.53,0.7939831762505212,2018,0.0
2018-03-18,5615859.9,4613908.21,0.8215853479535697,2018,0.0
2018-03-19,5314373.17,4472182.88,0.8415259404901745,2018,0.0
2018-03-20,6054738.37,5116787.38,0.845088105764015,2018,0.0
2018-03-21,6826815.9,5913005.8,0.8661440247714897,2018,0.0
2018-03-22,5512035.33,4925778.06,0.8936405093760529,2018,0.0
2018-03-23,4008326.65,3711085.6,0.9258441050456804,2018,0.0
2018-03-24,5227586.74,4619965.13,0.8837663265631437,2018,0.0
2018-03-25,4970364.06,4473153.96,0.8999650540688966,2018,0.0
2018-03-26,6133670.91,5616024.38,0.9156057542708954,2018,0.0
2018-03-27,6350306.2,5743746.71,0.9044834263267494,2018,0.0
2018-03-28,8582287.61,7811323.78,0.9101680268671398,2018,0.0
2018-03-29,7363015.35,6638405.71,0.9015879221275833,2018,0.0
2018-03-30,12176690.89,10927925.46,0.8974462404210706,2018,0.0
2018-03-31,11278748.95,10156610.77,0.9005086304363571,2018,0.0
2018-04-01,9326921.27,8552479.35,0.9169670357901498,2018,0.0
2018-04-02,9532990.22,8745489.29,0.9173920342068701,2018,0.0
2018-04-03,9176055.6,8274855.19,0.9017878215559201,2018,0.0
2018-04-04,3771895.32,3451444.47,0.9150424858556256,2018,0.0
2018-04-05,2915055.94,2584733.26,0.8866839310123152,2018,0.0
2018-04-06,3716970.57,3290630.48,0.8852990407185279,2018,0.0
2018-04-07,4650087.25,4137264.98,0.8897177101354389,2018,0.0
2018-04-08,4317415.31,3833384.91,0.8878888489418917,2018,0.0
2018-04-09,4916546.48,4479387.83,0.9110842027471282,2018,0.0
2018-04-10,7060893.97,6323343.96,0.8955443867117013,2018,0.0
2018-04-11,5719121.32,5144349.61,0.8994999969680657,2018,0.0
2018-04-12,4925768.26,4274900.55,0.8678647318256096,2018,0.0
2018-04-13,4955951.73,4445276.84,0.8969572510344042,2018,0.0
2018-04-14,5934960.89,5111153.97,0.8611942125199076,2018,0.0
2018-04-15,5904150.09,4782715.57,0.8100599573341809,2018,0.0
2018-04-16,7603253.45,6190718.89,0.8142197193229169,2018,0.0
2018-04-17,9179593.09,7283796.97,0.7934771071644527,2018,0.0
2018-04-18,9507550.23,7504171.54,0.7892855003091579,2018,0.0
2018-04-19,6670677.39,5141784.57,0.7708039632838548,2018,0.0
2018-04-20,7753365.66,6032943.55,0.7781064139828019,2018,0.0
2018-04-21,6793803.83,5216087.55,0.7677712928605417,2018,0.0
2018-04-22,7058897.65,5480418.64,0.7763844883060458,2018,0.0
2018-04-23,8991635.45,7095225.16,0.7890917285798104,2018,0.0
2018-04-24,10052878.22,8047009.91,0.8004682573385435,2018,0.0
2018-04-25,9547875.66,7562805.33,0.7920929847969972,2018,0.0
2018-04-26,7281885.08,5826147.75,0.8000878462091852,2018,0.0
2018-04-27,7916179.31,6291028.22,0.7947051189268728,2018,0.0
2018-04-28,10502784.65,8150501.12,0.7760323944183698,2018,0.0
2018-04-29,12074392.53,9758209.64,0.8081739611955452,2018,0.0
2018-04-30,12464011.32,10080235.11,0.8087472685318453,2018,0.0
2018-05-01,13778926.53,10888681.41,0.7902416335766616,2018,0.0
2018-05-02,12779953.62,10186293.15,0.7970524348428739,2018,0.0
2018-05-03,9480205.54,7740627.05,0.8165041377362373,2018,0.0
2018-05-04,3081716.09,2431808.71,0.7891086131818198,2018,0.0
2018-05-05,4882374.55,3844333.13,0.7873900477381441,2018,0.0
2018-05-06,4852630.6,3859217.33,0.7952835581591561,2018,0.0
2018-05-07,5630735.57,4477313.26,0.7951560154688634,2018,0.0
2018-05-08,5961711.29,4782188.47,0.8021502950036348,2018,0.0
2018-05-09,8207932.76,6468074.72,0.7880272547456882,2018,0.0
2018-05-10,7249267.2,5767724.99,0.7956286933388247,2018,0.0
2018-05-11,5934039.42,4706572.43,0.7931481570777971,2018,0.0
2018-05-12,5782619.05,4599452.28,0.7953925790771226,2018,0.0
2018-05-13,5902938.45,4640987.62,0.7862165020541592,2018,0.0
2018-05-14,7023913.46,5532477.08,0.787663047317784,2018,0.0
2018-05-15,8789772.31,6971865.67,0.7931793252560372,2018,0.0
2018-05-16,9398231.32,7399830.54,0.7873641633242966,2018,0.0
2018-05-17,9816742.13,7698242.57,0.7841952521574487,2018,0.0
2018-05-18,7337944.43,5819237.35,0.7930337174821042,2018,0.0
2018-05-19,6925640.35,5627670.43,0.8125848507279186,2018,0.0
2018-05-20,8653992.04,6799995.97,0.785764065713192,2018,0.0
2018-05-21,6241809.14,4958178.74,0.7943496234490759,2018,0.0
2018-05-22,7847121.97,6132458.54,0.7814914262126602,2018,0.0
2018-05-23,11779004.94,9369180.79,0.7954136056249926,2018,0.0
2018-05-24,9030397.74,7160269.86,0.792907473862829,2018,0.0
2018-05-25,6498399.18,5141245.68,0.7911557196767959,2018,0.0
2018-05-26,5600677.63,4596266.34,0.8206625418645993,2018,0.0
2018-05-27,6413198.63,5135755.4,0.8008102814679233,2018,0.0
2018-05-28,7438573.25,5854231.41,0.7870099833997064,2018,0.0
2018-05-29,10262818.32,7905889.83,0.7703429587750902,2018,0.0
2018-05-30,20905271.35,16535857.67,0.7909898605549551,2018,0.0
2018-05-31,19289944.12,15561846.1,0.8067336018804392,2018,0.0
2018-06-01,19245165.78,15287542.6,0.7943575428114602,2018,0.0
2018-06-02,17529108.34,13707707.44,0.7819968462811155,2018,0.0
2018-06-03,13779702.07,10827445.24,0.7857532176673541,2018,0.0
2018-06-04,4373078.45,3458754.81,0.7909199090631451,2018,0.0
2018-06-05,5537841.59,4323885.63,0.7807889698051114,2018,0.0
2018-06-06,6238754.07,4903699.53,0.786006224156228,2018,0.0
2018-06-07,4523493.87,3579003.08,0.7912032563448571,2018,0.0
2018-06-08,5863271.23,4570207.33,0.7794637414377298,2018,0.0
2018-06-09,7018402.9,5469599.5,0.7793225293463845,2018,0.0
2018-06-10,6333777.67,5115963.75,0.8077270811433456,2018,0.0
2018-06-11,7812992.68,6338472.32,0.8112732955997087,2018,0.0
2018-06-12,8959000.0,7232971.98,0.8073414421252373,2018,0.0
2018-06-13,9047626.88,7216006.11,0.7975578796193682,2018,0.0
2018-06-14,6994969.99,5361729.98,0.7665122205906705,2018,0.0
2018-06-15,7278400.85,5850026.61,0.8037516386583737,2018,0.0
2018-06-16,9653316.6,7581593.64,0.7853874429022664,2018,0.0
2018-06-17,8270248.42,6473926.23,0.7827970698369905,2018,0.0
2018-06-18,9578590.6,7481623.41,0.781077689028697,2018,0.0
2018-06-19,10591854.27,8526409.74,0.8049968893690227,2018,0.0
2018-06-20,10442554.6,8340504.64,0.798703474339507,2018,0.0
2018-06-21,7960357.2,6345143.3,0.7970927862382858,2018,0.0
2018-06-22,7890035.7,6262366.78,0.793705759785092,2018,0.0
2018-06-23,7919846.87,6623002.69,0.8362538820147668,2018,0.0
2018-06-24,7114017.67,6244799.31,0.8778161089386217,2018,0.0
2018-06-25,8744485.32,8162955.36,0.9334975200118467,2018,0.0
2018-06-26,10888893.34,10123784.8,0.9297349587226281,2018,0.0
2018-06-27,11081146.52,10874461.91,0.9813480843677176,2018,0.0
2018-06-28,8513932.2,8332592.17,0.9787007899828003,2018,0.0
2018-06-29,12484085.14,11945221.58,0.9568359592267247,2018,0.0
2018-06-30,10005221.27,9784802.48,0.9779696236543103,2018,0.0
2018-07-01,8830377.17,8529895.83,0.9659718566698551,2018,0.0
2018-07-02,8070014.23,7743177.14,0.9594998124309378,2018,0.0
2018-07-03,9033060.75,8644208.55,0.9569523320210153,2018,0.0
2018-07-04,2096565.2,2027736.06,0.9671705225289441,2018,0.0
2018-07-05,2944993.36,2822619.07,0.9584466669221964,2018,0.0
2018-07-06,2036989.14,2040145.8,1.0015496695284296,2018,0.0
2018-07-07,3253556.07,3156576.31,0.9701926882729273,2018,0.0
2018-07-08,2752144.2,2725199.41,0.9902095282652704,2018,0.0
2018-07-09,4430764.61,4215804.43,0.9514846310014198,2018,0.0
2018-07-10,5201122.72,4881351.11,0.9385187338936699,2018,0.0
2018-07-11,6502831.07,6236313.66,0.9590151724485747,2018,0.0
2018-07-12,6228668.47,6094439.16,0.9784497584601738,2018,0.0
2018-07-13,4250921.4,4213700.8,0.9912441100416487,2018,0.0
2018-07-14,4868504.46,4786402.77,0.9831361579978916,2018,0.0
2018-07-15,5393026.83,5249791.03,0.9734405549026353,2018,0.0
2018-07-16,4994805.9,4716050.05,0.9441908543433088,2018,0.0
2018-07-17,5712604.18,5386803.9,0.9429681683284419,2018,0.0
2018-07-18,7639039.23,7484190.04,0.9797292322584393,2018,0.0
2018-07-19,6252432.84,5912775.72,0.9456760066534357,2018,0.0
2018-07-20,5761282.54,5222554.73,0.9064916871790843,2018,0.0
2018-07-21,4939690.9,4320031.79,0.874555084003333,2018,0.0
2018-07-22,5641320.53,4834937.23,0.8570577056007134,2018,0.0
2018-07-23,6121614.15,4864263.18,0.7946046681168233,2018,0.0
2018-07-24,6821739.77,5344675.82,0.7834769428620407,2018,0.0
2018-07-25,7944998.65,6241710.94,0.7856151039119434,2018,0.0
2018-07-26,6463508.32,5212368.25,0.8064301911504308,2018,0.0
2018-07-27,5162979.4,4110689.88,0.7961856055439616,2018,0.0
2018-07-28,6313222.5,5068784.77,0.8028839107127936,2018,0.0
2018-07-29,6597216.94,5284529.74,0.8010240966852304,2018,0.0
2018-07-30,7314460.76,5725898.93,0.7828190098869298,2018,0.0
2018-07-31,12496367.04,9909115.53,0.7929597056713853,2018,0.0
2018-08-01,13786351.91,10884999.4,0.7895489300620936,2018,0.0
2018-08-02,10106943.25,7999614.76,0.7914969503761684,2018,0.0
2018-08-03,9026931.62,7058116.81,0.7818954554127885,2018,0.0
2018-08-04,6859151.1,5490125.8,0.800408931070202,2018,0.0
2018-08-05,3117800.12,2491453.39,0.7991061947871116,2018,0.0
2018-08-06,3924563.55,3048117.59,0.7766768332748746,2018,0.0
2018-08-07,4212970.63,3334965.62,0.7915947944787833,2018,0.0
2018-08-08,4647118.76,3610702.93,0.7769766852267834,2018,0.0
2018-08-09,4946125.63,3977801.47,0.8042257248528482,2018,0.0
2018-08-10,3705554.89,2859379.41,0.7716467559869286,2018,0.0
2018-08-11,4591065.72,3598807.89,0.7838720047771393,2018,0.0
2018-08-12,4030885.81,3179458.32,0.788774098267001,2018,0.0
2018-08-13,4244815.28,3284829.91,0.7738451954498241,2018,0.0
2018-08-14,6041631.13,4766947.5,0.7890166409414671,2018,0.0
2018-08-15,6058071.07,4807626.36,0.7935902871472916,2018,0.0
2018-08-16,5333680.81,4015767.27,0.7529073098020652,2018,0.0
2018-08-17,4314679.61,3455461.38,0.800861638020905,2018,0.0
2018-08-18,4960825.43,3902500.12,0.7866634645920206,2018,0.0
2018-08-19,4978431.53,3847035.88,0.77274054224062,2018,0.0
2018-08-20,4896843.63,3837284.3,0.7836240219089863,2018,0.0
2018-08-21,5971341.33,4692653.97,0.7858626246039765,2018,0.0
2018-08-22,7086185.79,5662221.43,0.7990506596638358,2018,0.0
2018-08-23,5392520.44,4260217.92,0.79002350893268,2018,0.0
2018-08-24,3329330.38,2630754.1,0.7901751402634906,2018,0.0
2018-08-25,4716376.41,3836954.01,0.8135385466403009,2018,0.0
2018-08-26,4717920.92,3744613.34,0.7936998952496219,2018,0.0
2018-08-27,6151109.31,4800826.49,0.7804814136850383,2018,0.0
2018-08-28,12207075.48,9954369.46,0.8154589914930223,2018,0.0
2018-08-29,10330752.34,8329694.93,0.806300901992197,2018,0.0
2018-08-30,10819458.93,8497693.47,0.7854083577541711,2018,0.0
2018-08-31,9769233.6,7975907.3,0.816431219333316,2018,0.0
2018-09-01,8834290.53,7236711.56,0.8191615993865214,2018,0.0
2018-09-02,2926208.13,2475973.31,0.8461371167060493,2018,0.0
2018-09-03,3730127.97,3250956.11,0.871540101612117,2018,0.0
2018-09-04,2895558.56,2566039.59,0.8861984784034207,2018,0.0
2018-09-05,2683914.3,2352008.69,0.8763352428950507,2018,0.0
2018-09-06,2220736.04,1976596.92,0.8900638726969099,2018,0.0
2018-09-07,2737800.42,2305499.6,0.8420992206583123,2018,0.0
2018-09-08,3138040.11,2844198.87,0.9063615410575488,2018,0.0
2018-09-09,4428844.18,3809539.78,0.8601656832279884,2018,0.0
2018-09-10,3518686.76,3115017.21,0.8852783502672458,2018,0.0
2018-09-11,2737148.82,2457613.39,0.8978734996221361,2018,0.0
2018-09-12,3907657.89,3473624.08,0.8889273774168598,2018,0.0
2018-09-13,3198359.98,2826009.39,0.8835807750445902,2018,0.0
2018-09-14,3759913.17,3409768.94,0.9068743840166926,2018,0.0
2018-09-15,3182906.62,2708850.83,0.8510619862294295,2018,0.0
2018-09-16,4513878.02,4134396.21,0.9159299812005112,2018,0.0
2018-09-17,3684035.33,3185261.69,0.8646121452912342,2018,0.0
2018-09-18,3511249.8,3093197.05,0.8809390462621031,2018,0.0
2018-09-19,3203671.41,2850137.86,0.8896473749160185,2018,0.0
2018-09-20,2967505.47,2634513.81,0.8877873475326736,2018,0.0
2018-09-21,3391440.87,3055926.25,0.9010701843667998,2018,0.0
2018-09-22,3067943.56,2653342.07,0.8648601312600418,2018,0.0
2018-09-23,4892505.92,4455722.87,0.9107240630584664,2018,0.0
2018-09-24,4916532.68,4394814.48,0.8938849319313384,2018,0.0
2018-09-25,3834324.5,3363603.04,0.8772348401915383,2018,0.0
2018-09-26,4727732.71,4050861.46,0.8568296281707516,2018,0.0
2018-09-27,5609192.49,4998150.71,0.8910642162683206,2018,0.0
2018-09-28,5221949.72,4643296.21,0.8891882264235972,2018,0.0
2018-09-29,5089871.44,4351327.13,0.8548992211874018,2018,0.0
2018-09-30,5437181.81,4591821.05,0.8445222562826165,2018,0.0
2018-10-01,4742181.64,4115311.14,0.8678096817902573,2018,0.0
2018-10-02,1807247.84,1354070.12,0.7492442873800862,2018,0.0
2018-10-03,1798411.4,1414782.3,0.7866844594067854,2018,0.0
2018-10-04,2726313.6,2140614.37,0.7851680635712635,2018,0.0
2018-10-05,2484898.47,1911895.45,0.7694058622845865,2018,0.0
2018-10-06,2157385.6,1668290.7,0.7732927762195131,2018,0.0
2018-10-07,2767415.65,2075893.96,0.7501200479226892,2018,0.0
2018-10-08,3075660.75,2408923.48,0.7832214524960206,2018,0.0
2018-10-09,2768213.46,2199027.83,0.7943852097301775,2018,0.0
2018-10-10,1759060.3,1352309.05,0.768767875666343,2018,0.0
2018-10-11,2288675.28,1804152.97,0.7882957384850158,2018,0.0
2018-10-12,3801607.19,3093283.75,0.813677898688949,2018,0.0
2018-10-13,3486645.25,2756384.22,0.7905548234366545,2018,0.0
2018-10-14,3516624.21,2744217.98,0.7803557662477675,2018,0.0
2018-10-15,3593428.63,2809961.8,0.7819723415516951,2018,0.0
2018-10-16,4126610.48,3221862.51,0.7807527571635499,2018,0.0
2018-10-17,2193280.79,1721100.93,0.7847152712261707,2018,0.0
2018-10-18,2364712.74,1825738.91,0.7720764045107651,2018,0.0
2018-10-19,2753648.17,2191447.61,0.7958342804556618,2018,0.0
2018-10-20,3067392.26,2428564.0,0.7917357136449188,2018,0.0
2018-10-21,2965006.46,2322786.28,0.7834000739411542,2018,0.0
2018-10-22,3760345.32,3093167.35,0.8225753452877036,2018,0.0
2018-10-23,3210408.93,2590626.71,0.8069460204248808,2018,0.0
2018-10-24,2388950.39,1810211.59,0.7577434833211417,2018,0.0
2018-10-25,2281239.32,1789602.98,0.784487170771719,2018,0.0
2018-10-26,2925667.62,2326884.75,0.7953346217777124,2018,0.0
2018-10-27,3517566.83,2788248.35,0.7926639307091715,2018,0.0
2018-10-28,5148086.02,4236118.44,0.8228530804541608,2018,0.0
2018-10-29,6121160.36,4854267.79,0.7930306517896878,2018,0.0
2018-10-30,5647021.76,4534254.48,0.8029461675033461,2018,0.0
2018-10-31,5340696.76,4313400.22,0.8076474688295165,2018,0.0
2018-11-01,4100504.23,3207191.36,0.782145604566295,2018,0.0
2018-11-02,1332091.2,973346.43,0.7306905338012893,2018,0.0
2018-11-03,1775113.55,1429465.35,0.8052810762443902,2018,0.0
2018-11-04,2595301.17,2110463.11,0.8131862052834508,2018,0.0
2018-11-05,2667990.75,2059523.3,0.7719379461866576,2018,0.0
2018-11-06,2019349.93,1662050.67,0.823062236667421,2018,0.0
2018-11-07,2141247.67,1769789.01,0.8265223284516172,2018,0.0
2018-11-08,1913450.02,1511722.76,0.7900508213953767,2018,0.0
2018-11-09,2619129.29,2039164.75,0.7785658988984083,2018,0.0
2018-11-10,2402388.27,1910373.68,0.7951977221400602,2018,0.0
2018-11-11,3568388.14,2844379.91,0.7971049668380525,2018,0.0
2018-11-12,2517159.72,2054634.4,0.8162511038433429,2018,0.0
2018-11-13,1925203.6,1550255.36,0.8052422922957343,2018,0.0
2018-11-14,1687382.45,1226935.5,0.7271235397760597,2018,0.0
2018-11-15,2055680.2,1571568.0,0.7645002369531992,2018,0.0
2018-11-16,2040967.69,1635316.04,0.8012454327486194,2018,0.0
2018-11-17,2025956.74,1601361.16,0.7904221883829563,2018,0.0
2018-11-18,3630560.3,3005034.69,0.8277054894254201,2018,0.0
2018-11-19,2171786.9,1822847.47,0.8393307234701527,2018,0.0
2018-11-20,2495899.61,2196442.6,0.8800204107568254,2018,0.0
2018-11-21,1870994.01,1826252.29,0.976086657808167,2018,0.0
2018-11-22,1690197.81,1647708.27,0.974861202784306,2018,0.0
2018-11-23,1647035.11,1656826.5,1.0059448580910944,2018,0.0
2018-11-24,1991985.26,1889498.02,0.9485502016214719,2018,0.0
2018-11-25,2085511.05,2029509.86,0.9731474978279305,2018,0.0
2018-11-26,2543960.96,2433523.18,0.9565882567631856,2018,0.0
2018-11-27,2369522.33,2218838.51,0.9364075121419091,2018,0.0
2018-11-28,1733474.59,1753556.92,1.0115850155034576,2018,0.0
2018-11-29,2226459.09,2127649.92,0.9556204870577704,2018,0.0
2018-11-30,2058963.14,2054767.53,0.9979622704659007,2018,0.0
2018-12-01,1216044.13,1211686.23,0.9964163307132613,2018,0.0
2018-12-02,977052.29,950959.05,0.97329391654156,2018,0.0
2018-12-03,1855981.25,1750191.91,0.9430008573631872,2018,0.0
2018-12-04,1606060.57,1508604.3,0.9393196795809513,2018,0.0
2018-12-05,1085024.44,1036671.25,0.955435851749109,2018,0.0
2018-12-06,942014.91,946159.68,1.0043998985111606,2018,0.0
2018-12-07,1200649.15,1205634.51,1.0041522204883917,2018,0.0
2018-12-08,1453175.2,1434521.0,0.9871631445403143,2018,0.0
2018-12-09,1834112.01,1791856.09,0.9769611017377287,2018,0.0
2018-12-10,1719022.37,1695031.78,0.986044050142291,2018,0.0
2018-12-11,1670763.83,1670771.64,1.0000046745086646,2018,0.0
2018-12-12,1416824.27,1409602.12,0.9949025788498104,2018,0.0
2018-12-13,1605917.55,1631146.11,1.015709747987996,2018,0.0
2018-12-14,1986080.6,1901692.62,0.9575102943959072,2018,0.0
2018-12-15,1761139.67,1649696.47,0.9367209756850233,2018,0.0
2018-12-16,1956185.08,1973002.66,1.008597131310295,2018,0.0
2018-12-17,1975625.37,2012021.47,1.0184225716842257,2018,0.0
2018-12-18,1917848.83,1813056.96,0.9453596819724315,2018,0.0
2018-12-19,1548668.19,1537872.76,0.9930292169299352,2018,0.0
2018-12-20,2111859.13,1955020.76,0.9257344546461298,2018,0.0
2018-12-21,1795780.71,1747996.02,0.973390576180095,2018,0.0
2018-12-22,1497206.71,1451328.96,0.9693577715798508,2018,0.0
2018-12-23,1221387.72,1203158.82,0.9850752552187114,2018,0.0
2018-12-24,2110373.43,2051630.86,0.9721648457259054,2018,0.0
2018-12-25,1398293.31,1329598.03,0.950872052731197,2018,0.0
2018-12-26,1989426.16,1906954.63,0.9585450660807637,2018,0.0
2018-12-27,2379859.2,2336594.02,0.9818202774349003,2018,0.0
2018-12-28,4637468.16,4553417.55,0.9818757548084168,2018,0.0
2018-12-29,4597405.16,4592577.25,0.9989498619695288,2018,0.0
2018-12-30,3975279.59,3817470.28,0.9603023368728638,2018,0.0
2018-12-31,3827364.78,3811034.54,0.9957332940708098,2018,0.0
2019-01-01,2430742.1,2422276.45,0.9965172570138149,2019,1.0
2019-01-02,857486.8,611460.51,0.7130844579764959,2019,0.9960079893439915
2019-01-03,1095516.84,931676.57,0.8504447727156799,2019,0.9920319148370607
2019-01-04,1356732.44,1032253.29,0.7608377743219585,2019,0.9880717128619305
2019-01-05,1752585.71,1344358.95,0.7670717285490134,2019,0.9841273200552851
2019-01-06,1660128.37,1324455.7,0.7978031843404977,2019,0.9801986733067553
2019-01-07,1936096.71,1554210.1,0.8027543727399857,2019,0.9762857097579093
2019-01-08,1715399.79,1347590.83,0.7855841173910836,2019,0.9723883668012469
2019-01-09,1858318.85,1516237.67,0.8159190065795221,2019,0.9685065820791976
2019-01-10,1259650.79,1032558.86,0.819718344319857,2019,0.9646402934831231
2019-01-11,2153841.45,1671962.72,0.7762701010327384,2019,0.9607894391523232
2019-01-12,2073990.81,1674370.35,0.807318114394152,2019,0.9569539574730467
2019-01-13,3354624.45,2671314.89,0.7963081798917908,2019,0.9531337870775047
2019-01-14,2361690.18,1807957.6,0.7655354691782645,2019,0.9493288668428895
2019-01-15,1504083.3,1181548.42,0.7855604938901987,2019,0.9455391358903963
2019-01-16,1724908.79,1349961.65,0.7826278454990074,2019,0.9417645335842487
2019-01-17,2280332.07,1816414.62,0.7965570646033147,2019,0.9380049995307295
2019-01-18,1474326.17,1227149.16,0.8323457759689635,2019,0.9342604735772135
2019-01-19,1754206.62,1335367.18,0.76123711128168,2019,0.9305308958112057
2019-01-20,3160071.59,2517012.51,0.7965049013335802,2019,0.9268162065593822
2019-01-21,2299476.91,1856585.16,0.8073945652274455,2019,0.9231163463866358
2019-01-22,2108562.98,1708188.75,0.8101198618217228,2019,0.9194312560951247
2019-01-23,1826741.5,1369479.14,0.7496841452389404,2019,0.9157608767233256
2019-01-24,2523490.79,2014906.08,0.7984598509273735,2019,0.9121051495450904
2019-01-25,2014411.34,1674040.36,0.8310320373792177,2019,0.9084640160687062
2019-01-26,2940618.52,2385985.7,0.811389061101336,2019,0.9048374180359595
2019-01-27,4391507.1,3459322.38,0.7877301120610736,2019,0.9012252974212047
2019-01-28,4748349.69,3779471.66,0.795954785714192,2019,0.8976275964304349
2019-01-29,4822586.51,3839462.75,0.7961418093876765,2019,0.8940442575003572
2019-01-30,3962494.16,3161585.88,0.7978777387018281,2019,0.8904752232974726
2019-01-31,3557233.24,2914824.87,0.8194078581139087,2019,0.8869204367171575
2019-02-01,2922884.32,2311260.65,0.79074653560015,2019,0.8833798408827509
2019-02-02,1988116.58,1648391.91,0.8291223596153501,2019,0.8798533791446438
2019-02-03,2075616.33,1663159.13,0.801284469562831,2019,0.8763409950793732
2019-02-04,1690969.52,1412906.86,0.8355602175490425,2019,0.8728426324887193
2019-02-05,1648913.11,1341931.74,0.813828049435546,2019,0.8693582353988059
2019-02-06,2019237.55,1620812.0,0.8026851521258606,2019,0.865887748059205
2019-02-07,1807804.86,1498934.77,0.8291463327518657,2019,0.8624311149420455
2019-02-08,1887002.96,1514639.32,0.8026692867508805,2019,0.8589882807411234
2019-02-09,2204244.85,1794590.32,0.8141519849757163,2019,0.8555591903710185
2019-02-10,2992194.41,2405467.55,0.8039141915247411,2019,0.8521437889662113
2019-02-11,3050258.51,2505704.13,0.8214727118325457,2019,0.8487420218802068
2019-02-12,2270445.76,1865294.51,0.8215543145148732,2019,0.8453538346846587
2019-02-13,2305149.57,1875958.77,0.8138121683791651,2019,0.8419791731684999
2019-02-14,2959207.82,2441504.63,0.825053452987969,2019,0.838617983337074
2019-02-15,2813189.48,2241015.21,0.7966101202681876,2019,0.835270211411272
2019-02-16,2890421.0,2337140.26,0.8085812620376062,2019,0.8319358038266718
2019-02-17,3658575.54,2895275.54,0.7913668881085888,2019,0.8286147072326806
2019-02-18,4680433.34,3760557.76,0.8034635869848752,2019,0.8253068684916823
2019-02-19,1783513.49,1498699.8,0.8403075213072821,2019,0.8220122346781865
2019-02-20,3142305.74,2556936.4,0.8137134357906242,2019,0.8187307530779818
2019-02-21,3225995.91,2685076.1,0.8323247068220865,2019,0.8154623711872927
2019-02-22,2981029.98,2400898.37,0.8053922255421263,2019,0.812207036711939
2019-02-23,3243671.03,2744035.42,0.8459660041419182,2019,0.8089646975664998
2019-02-24,4659488.7,3774721.6,0.8101149810707772,2019,0.8057353018734796
2019-02-25,6710330.49,5461991.46,0.81396757851788,2019,0.8025187979624785
2019-02-26,5143906.53,4181682.12,0.812938978500451,2019,0.7993151343693651
2019-02-27,4911504.39,3881267.76,0.7902401080822408,2019,0.7961242598354538
2019-02-28,3391644.13,2722597.05,0.8027366509115448,2019,0.7929461233066837
2019-03-01,2228532.66,1861831.11,0.8354515701825075,2019,0.7897806739328027
2019-03-02,662215.74,563992.66,0.8516751051553079,2019,0.7866278610665535
2019-03-03,925441.51,757846.4,0.8189025365849432,2019,0.7834876342628625
2019-03-04,1915592.53,1559541.64,0.8141301532429759,2019,0.7803599432780343
2019-03-05,2386338.6,1912200.04,0.8013112808048279,2019,0.7772447380689461
2019-03-06,3341337.75,2745260.51,0.8216052118646191,2019,0.7741419687922484
2019-03-07,2432557.33,1818192.91,0.7474409287611733,2019,0.7710515858035663
2019-03-08,2666858.91,2181539.6,0.8180183780326047,2019,0.7679735396567061
2019-03-09,3019892.33,2454977.33,0.8129353836929676,2019,0.764907781102864
2019-03-10,2681616.97,2134676.6,0.7960408305441176,2019,0.7618542610898376
2019-03-11,2420084.85,1983304.37,0.8195185263855521,2019,0.7588129307612413
2019-03-12,3925730.26,3314125.8,0.8442061936267623,2019,0.7557837414557255
2019-03-13,5148543.25,4034220.49,0.7835654269778156,2019,0.7527666447061963
2019-03-14,4367141.68,3458729.41,0.7919892834802649,2019,0.7497615922390413
2019-03-15,3296671.21,2596766.78,0.7876935898621202,2019,0.7467685359733571
2019-03-16,2593942.24,2020686.01,0.779001929510967,2019,0.7437874280201796
2019-03-17,3647905.41,2976722.37,0.8160086502900852,2019,0.7408182206817179
2019-03-18,4462652.85,3659897.03,0.820116901990259,2019,0.7378608664505911
2019-03-19,4580736.76,3861332.4,0.8429500760048041,2019,0.7349153180090687
2019-03-20,5766530.12,4960357.22,0.8601979208945847,2019,0.7319815282283126
2019-03-21,4408617.11,3962414.33,0.8987884933377668,2019,0.7290594501676237
2019-03-22,3610928.89,3304221.4,0.9150613320441211,2019,0.7261490370736909
2019-03-23,3582976.25,3279702.06,0.9153569075429959,2019,0.7232502423798424
2019-03-24,4240123.5,3766823.0,0.8883757749037263,2019,0.7203630197053014
2019-03-25,4446564.37,4012232.01,0.9023218098605867,2019,0.7174873228544433
2019-03-26,5345042.2,4766707.57,0.891799800944509,2019,0.7146231058160573
2019-03-27,6535411.89,5978075.49,0.9147205395190479,2019,0.7117703227626097
2019-03-28,5315964.12,4667097.61,0.8779400132595327,2019,0.7089289280495107
2019-03-29,4309156.23,3848197.98,0.893028188026499,2019,0.7060988762143844
2019-03-30,9442671.99,8583254.53,0.9089857763872193,2019,0.7032801219763409
2019-03-31,7501232.88,6774268.33,0.9030873242266277,2019,0.7004726202352524
2019-04-01,7842271.08,7122821.67,0.9082600687146867,2019,0.697676326071031
2019-04-02,6799630.38,6231069.37,0.9163835417183368,2019,0.6948911947429106
2019-04-03,6787287.3,6224164.42,0.9170327031831996,2019,0.6921171816887304
2019-04-04,2048272.63,1722283.77,0.8408469384273324,2019,0.6893542425242224
2019-04-05,1919484.59,1795248.81,0.9352764900290239,2019,0.686602333042301
2019-04-06,2259659.48,2043470.72,0.9043268413168165,2019,0.6838614092123558
2019-04-07,2241076.34,2042622.76,0.9114472021957093,2019,0.6811314271795471
2019-04-08,3104721.28,2774939.49,0.8937805489580052,2019,0.678412343264104
2019-04-09,3989319.25,3630481.23,0.910050312468725,2019,0.675704113960626
2019-04-10,3426420.13,3160123.01,0.9222812410922884,2019,0.6730066959373864
2019-04-11,3579994.96,3276911.01,0.9153395595841843,2019,0.6703200460356393
2019-04-12,3059845.93,2753429.2,0.8998587716473685,2019,0.6676441212689289
2019-04-13,3248777.0,3006192.84,0.9253306213384298,2019,0.6649788788224019
2019-04-14,4002434.76,3635296.53,0.9082712768564902,2019,0.6623242760521222
2019-04-15,3468600.1,3009772.87,0.8677197668304282,2019,0.659680270484389
2019-04-16,5005921.07,4277532.29,0.8544945535867188,2019,0.6570468198150567
2019-04-17,4866105.58,3844447.57,0.7900460659548615,2019,0.6544238819088586
2019-04-18,3458407.78,2689432.07,0.777650364295676,2019,0.651811414798732
2019-04-19,3282803.64,2507866.68,0.7639405078763712,2019,0.6492093766851474
2019-04-20,3583833.11,2817340.98,0.7861250492213908,2019,0.6466177259354396
2019-04-21,4280648.65,3400564.11,0.7944039298810472,2019,0.6440364210831414
2019-04-22,5111723.35,4071500.83,0.7965025787242576,2019,0.6414654208273198
2019-04-23,6076381.37,4899064.86,0.8062471003198406,2019,0.6389046840319162
2019-04-24,6020945.99,4856675.57,0.8066299844021687,2019,0.6363541697250871
2019-04-25,4244369.27,3305396.09,0.7787720341307627,2019,0.633813837098549
2019-04-26,3983588.88,3067018.69,0.7699134580373665,2019,0.631283645506926
2019-04-27,4765470.57,3742260.25,0.7852866144129812,2019,0.6287635544670984
2019-04-28,5579108.13,4391470.92,0.7871277662438853,2019,0.6262535236575559
2019-04-29,9634257.78,7639657.66,0.7929679519121192,2019,0.623753512917752
2019-04-30,8059929.99,6487250.52,0.8048767828068938,2019,0.6212634822474616
2019-05-01,8442603.96,6897673.92,0.8170078749021409,2019,0.6187833918061408
2019-05-02,7808399.68,6038961.99,0.7733930430671807,2019,0.6163132019122897
2019-05-03,4022286.5,3234443.01,0.8041304392414612,2019,0.6138528730428171
2019-05-04,2045383.76,1603260.81,0.783843521863105,2019,0.6114023658324087
2019-05-05,2460393.45,1889099.54,0.7678038404792534,2019,0.6089616410728969
2019-05-06,3089088.99,2546015.45,0.8241962139135396,2019,0.6065306597126334
2019-05-07,3216799.62,2460959.9,0.765033633024366,2019,0.6041093828558647
2019-05-08,3179618.97,2549583.11,0.8018517734532197,2019,0.6016977717621094
2019-05-09,3478743.01,2820877.92,0.8108900001785415,2019,0.5992957878455384
2019-05-10,3379956.2,2669556.82,0.789819945004021,2019,0.596903392674358
2019-05-11,3223254.17,2537597.46,0.7872781127899696,2019,0.5945205479701944
2019-05-12,3692378.28,2866716.95,0.7763876647004868,2019,0.5921472156074813
2019-05-13,4792349.11,3788342.27,0.7904979756368374,2019,0.5897833576128504
2019-05-14,4862166.63,3833993.27,0.7885359679661986,2019,0.5874289361645234
2019-05-15,5013097.75,3959824.14,0.7898956568321454,2019,0.5850839135917069
2019-05-16,4763396.54,3739102.59,0.7849656350466258,2019,0.5827482523739896
2019-05-17,4890006.38,3947766.75,0.8073132104993287,2019,0.5804219151407424
2019-05-18,4212074.41,3390993.32,0.8050649133712715,2019,0.5781048646705196
2019-05-19,3110577.15,2404869.12,0.7731263376637355,2019,0.5757970638904645
2019-05-20,4833855.83,3883813.76,0.8034608181518728,2019,0.5734984758757153
2019-05-21,4376980.41,3545197.6,0.8099642374227578,2019,0.5712090638488149
2019-05-22,5873623.7,4676076.56,0.796114425920748,2019,0.5689287911791218
2019-05-23,5059289.39,4065945.82,0.8036594680740332,2019,0.5666576213822246
2019-05-24,4257574.66,3427856.53,0.8051195348856195,2019,0.5643955181193583
2019-05-25,2703860.17,2041659.91,0.7550907893287987,2019,0.5621424451968224
2019-05-26,3290638.14,2614660.18,0.7945754193440425,2019,0.559898366565402
2019-05-27,3692587.25,3103910.35,0.8405787432646311,2019,0.5576632463197913
2019-05-28,4649913.83,3737938.55,0.8038726493991825,2019,0.5554370486980182
2019-05-29,6694197.08,5100391.64,0.7619123815816907,2019,0.5532197380808739
2019-05-30,10560540.55,8440357.87,0.7992354018279868,2019,0.5510112789913407
2019-05-31,8767512.49,6975728.64,0.7956337271211574,2019,0.5488116360940265
2019-06-01,8443797.15,6772402.64,0.8020565297450329,2019,0.5466207741945976
2019-06-02,7455195.67,6102711.18,0.8185849775288325,2019,0.5444386582392171
2019-06-03,6200836.36,4928192.22,0.7947625020054552,2019,0.5422652533139832
2019-06-04,3657388.71,2889750.29,0.7901129792682058,2019,0.5401005246443706
2019-06-05,3116184.22,2354873.53,0.7556913724439563,2019,0.5379444375946745
2019-06-06,3413543.4,2707745.48,0.7932359904959756,2019,0.535796957667456
2019-06-07,2810118.57,2267280.87,0.8068274748990397,2019,0.5336580505029906
2019-06-08,3253725.42,2576270.0,0.7917908450922697,2019,0.5315276818787179
2019-06-09,4254903.93,3456557.9,0.8123703747172502,2019,0.5294058177086945
2019-06-10,4783133.64,3750235.77,0.7840541478159494,2019,0.5272924240430485
2019-06-11,4164146.71,3288307.35,0.7896713490193049,2019,0.5251874670674361
2019-06-12,4780123.09,3862755.17,0.8080869670659464,2019,0.5230909131025008
2019-06-13,3141446.63,2434324.12,0.7749054517599747,2019,0.5210027286033344
2019-06-14,3321275.31,2699480.09,0.8127841982482324,2019,0.5189228801589404
2019-06-15,4401658.94,3526274.43,0.8011239575958604,2019,0.5168513344916992
2019-06-16,3952891.26,3206561.32,0.811193910757869,2019,0.5147880584568362
2019-06-17,4164327.54,3246799.45,0.7796695670100917,2019,0.5127330190418905
2019-06-18,5036738.58,4114695.79,0.8169365403117665,2019,0.5106861833661879
2019-06-19,5640058.49,4485935.07,0.795370310069249,2019,0.5086475186803137
2019-06-20,4189605.48,3314789.57,0.7911937259543588,2019,0.5066169923655895
2019-06-21,3812450.83,3058079.55,0.8021295713340386,2019,0.5045945719335512
2019-06-22,4550924.39,3531072.86,0.7759023348660821,2019,0.5025802250254283
2019-06-23,3568419.01,3068943.59,0.8600289319723134,2019,0.5005739194116277
2019-06-24,3996277.5,3433419.57,0.8591544431036132,2019,0.4985756229912165
2019-06-25,5688790.13,5142260.13,0.9039286056418467,2019,0.49658530379140947
2019-06-26,5662278.62,5280030.26,0.9324921315864177,2019,0.494602929967057
2019-06-27,3630711.11,3603596.44,0.9925318569342192,2019,0.49262846980013547
2019-06-28,4670111.28,4617792.03,0.9887970014281973,2019,0.4906618916992401
2019-06-29,7024746.69,6925205.4,0.9858299104020789,2019,0.4887031641990795
2019-06-30,4945041.75,4627222.46,0.9357297054165418,2019,0.4867522559599717
2019-07-01,4925285.45,4871863.28,0.9891534875405039,2019,0.48480913576734325
2019-07-02,4873332.05,4786134.47,0.9821071950145486,2019,0.48287377253122976
2019-07-03,4886424.07,4756249.61,0.9733599748742233,2019,0.480946135285778
2019-07-04,1489388.03,1415805.18,0.9505952454848183,2019,0.4790261931887511
2019-07-05,1841931.9,1789551.81,0.9715624176985046,2019,0.4771139155210344
2019-07-06,1673667.75,1672504.8,0.9993051488265816,2019,0.47520927168614446
2019-07-07,2108446.49,2118852.35,1.0049353208864218,2019,0.4733122312097393
2019-07-08,2671803.54,2584413.1,0.9672915921056082,2019,0.4714227637391309
2019-07-09,2568480.24,2386535.86,0.9291626319850527,2019,0.46954083904279925
2019-07-10,2970737.48,2920183.57,0.9829827070414852,2019,0.46766642700990924
2019-07-11,3613434.66,3602172.41,0.9968832285457737,2019,0.46579949764982825
2019-07-12,2385921.03,2226726.44,0.9332775108654792,2019,0.4639400210916467
2019-07-13,2098969.4,1932133.96,0.9205155444381419,2019,0.4620879675837
2019-07-14,2644124.5,2456787.05,0.9291495351296809,2019,0.46024330749309256
2019-07-15,2978181.99,2929468.55,0.983643229270888,2019,0.4584060113052235
2019-07-16,3187013.74,3153087.05,0.9893547085868539,2019,0.4565760496233147
2019-07-17,3959202.82,3896487.16,0.9841595233052497,2019,0.45475339316794017
2019-07-18,3615222.41,3550288.82,0.98203883948595,2019,0.4529380127765577
2019-07-19,2386618.42,2254762.11,0.9447518258909607,2019,0.45112987940304233
2019-07-20,3483966.92,3119293.47,0.8953280962839912,2019,0.44932896411722156
2019-07-21,2833440.98,2457034.76,0.8671557930244941,2019,0.44753523810441237
2019-07-22,3439033.06,2731287.61,0.7942021964743775,2019,0.4457486726649602
2019-07-23,3417186.56,2643724.49,0.773655299053968,2019,0.44396923921378006
2019-07-24,4684554.37,3722991.01,0.7947374960235545,2019,0.44219690927989863
2019-07-25,4181297.47,3389253.8,0.8105746659541062,2019,0.44043165450599925
2019-07-26,2974387.4,2282672.9,0.7674430371780084,2019,0.4386734466479678
2019-07-27,2400455.83,1937294.99,0.8070529629366269,2019,0.43692225757444114
2019-07-28,3130479.33,2444819.96,0.7809730403171197,2019,0.43517805926635666
2019-07-29,3105749.62,2493332.47,0.8028118087639016,2019,0.4334408238165043
2019-07-30,3330499.22,3199104.79,0.9605481276767871,2019,0.43171052342907973
2019-07-31,5525632.29,6089074.09,1.1019687468201036,2019,0.4299871304192398
2019-08-01,4455488.15,5321254.35,1.194314555634044,2019,0.4282706172126597
2019-08-02,3938923.04,4562144.93,1.158221392921655,2019,0.4265609563450914
2019-08-03,2470651.33,3392027.67,1.3729285184081397,2019,0.42485812046192456
2019-08-04,2494912.22,3600849.09,1.4432768660694602,2019,0.4231620823177488
2019-08-05,1043419.2,1459268.06,1.3985443817786753,2019,0.42147281477591764
2019-08-06,1858125.18,2640605.83,1.4211129898148198,2019,0.41979029080811425
2019-08-07,2612652.22,3641188.5,1.3936751597194974,2019,0.41811448349391933
2019-08-08,2075506.82,2794288.53,1.3463162361470822,2019,0.41644536602038007
2019-08-09,1373112.09,1937571.87,1.4110806278022066,2019,0.4147829116815814
2019-08-10,1564845.37,2196994.14,1.4039688407040498,2019,0.4131270938782182
2019-08-11,2346475.31,3292514.02,1.4031743722033878,2019,0.41147788611717057
2019-08-12,1668045.94,2290560.15,1.3731996793805332,2019,0.40983526201107895
2019-08-13,1490813.69,2171947.13,1.456887030598706,2019,0.4081991952779227
2019-08-14,3101196.53,4169515.66,1.3444861103336783,2019,0.4065696597405991
2019-08-15,2478038.89,3512738.3,1.4175476882850695,2019,0.4049466293265049
2019-08-16,1829640.99,2493094.05,1.3626137934305897,2019,0.40333007806711874
2019-08-17,2003878.36,2733913.19,1.3643109504910267,2019,0.401719980097586
2019-08-18,1947390.84,2839386.72,1.458046665147095,2019,0.40011630965630496
2019-08-19,2333967.14,3290384.64,1.4097819046415538,2019,0.39851904108451414
2019-08-20,2278154.51,3059344.57,1.3429047751462653,2019,0.39692814882588245
2019-08-21,2902500.19,3975109.52,1.3695466872648163,2019,0.3953436074260998
2019-08-22,3279690.88,4303594.26,1.3121950871174786,2019,0.39376539153247
2019-08-23,1923531.37,2481146.96,1.289891601819834,2019,0.39219347589350495
2019-08-24,1741999.11,2380723.06,1.3666614674676842,2019,0.3906278353585211
2019-08-25,2343821.96,2973037.78,1.2684571741106136,2019,0.3890684448772363
2019-08-26,1566162.85,2092259.75,1.3359145570334527,2019,0.3875152794993697
2019-08-27,2452198.24,3395896.49,1.3848376671210725,2019,0.3859683143742421
2019-08-28,5201709.9,7205663.14,1.3852489428524262,2019,0.3844275247503785
2019-08-29,4504012.62,6055206.11,1.3444025629750567,2019,0.38289288597511206
2019-08-30,5157053.02,6765323.43,1.311858420645053,2019,0.38136437349418956
2019-08-31,5057671.9,6368386.98,1.2591538371636959,2019,0.3798419628513787
2019-09-01,4505538.06,5575548.49,1.2374878240402658,2019,0.3783256296880768
2019-09-02,1524133.27,1524323.94,1.00012510060882,2019,0.37681534974292086
2019-09-03,1594821.11,1372800.55,0.8607865430123383,2019,0.37531109885139957
2019-09-04,870213.71,795474.98,0.914114511020517,2019,0.3738128529454665
2019-09-05,1849227.68,1737296.3,0.9394712824112605,2019,0.3723205880531552
2019-09-06,2055566.63,1816545.14,0.883719901602022,2019,0.37083428029819565
2019-09-07,2056135.02,1821442.12,0.8858572527012356,2019,0.369353905899632
2019-09-08,2799308.76,2590587.34,0.9254382285432494,2019,0.36787944117144233
2019-09-09,3586421.12,3025750.34,0.8436684479484662,2019,0.3664108625221595
2019-09-10,2327550.31,2102928.06,0.9034941375767728,2019,0.36494814645449375
2019-09-11,2579418.47,2224939.94,0.8625742452716483,2019,0.3634912695649568
2019-09-12,2239528.24,2055638.17,0.9178889255712175,2019,0.36204020854348745
2019-09-13,2602979.12,2360984.02,0.9070314862917532,2019,0.3605949401730783
2019-09-14,2471379.44,2104170.27,0.8514153010838352,2019,0.3591554413294046
2019-09-15,2704686.82,2355376.75,0.8708500860739212,2019,0.3577216889804542
2019-09-16,3377677.52,3056070.46,0.9047845574079553,2019,0.3562936601861588
2019-09-17,2208634.91,1901278.99,0.8608389650057645,2019,0.3548713320980274
2019-09-18,2218355.01,1872520.36,0.8441031086363405,2019,0.35345468195878016
2019-09-19,2750834.47,2383301.79,0.8663922951350831,2019,0.3520436871019846
2019-09-20,1849923.37,1616131.82,0.87362095436418,2019,0.35063832495169295
2019-09-21,3723308.64,3312576.87,0.8896863489672991,2019,0.3492385730220808
2019-09-22,3164897.45,2715456.74,0.8579920148755531,2019,0.3478444089170874
2019-09-23,3099449.09,2787237.94,0.8992688245768219,2019,0.3464558103300574
2019-09-24,2947408.34,2515101.0,0.8533262818955042,2019,0.34507275504338375
2019-09-25,2898334.29,2483117.25,0.8567394239399486,2019,0.34369522092815236
2019-09-26,2908501.91,2610054.46,0.8973879133536481,2019,0.34232318594378797
2019-09-27,3950186.78,3564014.93,0.9022395973893671,2019,0.34095662813770156
2019-09-28,3814692.18,3453282.93,0.9052586072619888,2019,0.3395955256449391
2019-09-29,4292493.62,3763429.08,0.8767465751061501,2019,0.3382398566878317
2019-09-30,4319120.35,3566624.12,0.8257755818265171,2019,0.33688959957564707
2019-10-01,3461580.0,2846842.32,0.8224112457317179,2019,0.3355447327042427
2019-10-02,1385364.76,1073130.28,0.7746192995410104,2019,0.33420523455571977
2019-10-03,1326788.68,1033086.86,0.7786370773075936,2019,0.33287108369807955
2019-10-04,1866207.62,1478185.6,0.7920799294560805,2019,0.3315422587848797
2019-10-05,1911023.55,1500730.35,0.7853018608797364,2019,0.3302187385548933
2019-10-06,2387439.44,1819262.68,0.7620141686190792,2019,0.3289005018317685
2019-10-07,1999285.69,1511800.84,0.7561704900713815,2019,0.3275875275236895
2019-10-08,1470915.7,1203719.05,0.8183467278240351,2019,0.32627979462303947
2019-10-09,1397689.65,1162543.67,0.8317609492207373,2019,0.324977282206064
2019-10-10,1458507.56,1177103.47,0.8070602458858698,2019,0.3236799694325367
2019-10-11,2040409.76,1602691.87,0.78547549684334,2019,0.3223878355454255
2019-10-12,1557560.26,1243446.67,0.798329735248895,2019,0.32110085987056064
2019-10-13,2002257.12,1582043.04,0.7901298111003845,2019,0.31981902181630384
2019-10-14,1775994.7,1462978.37,0.8237515404747549,2019,0.31854230087321894
2019-10-15,2018887.59,1548517.17,0.7670150520861837,2019,0.3172706766137436
2019-10-16,1464108.41,1141541.16,0.779683493519445,2019,0.31600412869186245
2019-10-17,1372058.65,1046890.17,0.7630068656321652,2019,0.3147426368427819
2019-10-18,1653633.26,1278811.6,0.7733344695788231,2019,0.3134861808826053
2019-10-19,2811323.63,2269521.38,0.807278591401446,2019,0.31223474070801055
2019-10-20,2844841.01,2392660.05,0.8410522913545878,2019,0.3109882962959281
2019-10-21,2711153.32,2148763.37,0.7925643135519905,2019,0.3097468277032208
2019-10-22,2214683.33,1838977.01,0.8303566406489364,2019,0.3085103150663647
2019-10-23,1759141.45,1358481.77,0.7722413510295036,2019,0.30727873860113125
2019-10-24,2022900.04,1666320.71,0.823728645534062,2019,0.3060520786022707
2019-10-25,3187144.16,2421364.94,0.7597287158796104,2019,0.30483031544319683
2019-10-26,2566324.34,2091249.47,0.8148812047661911,2019,0.30361342957567317
2019-10-27,2753908.73,2215124.51,0.8043565445249886,2019,0.3024014015294998
2019-10-28,4549329.18,3685783.91,0.810181845315489,2019,0.30119421191220214
2019-10-29,4173624.95,3482498.58,0.8344062108407704,2019,0.2999918414087205
2019-10-30,4011152.34,3303293.41,0.8235272884200654,2019,0.29879427078110127
2019-10-31,3902622.14,3200919.46,0.8201971252077199,2019,0.29760148086818883
2019-11-01,2457372.77,1859550.39,0.7567229574209043,2019,0.2964134525853191
2019-11-02,1251673.78,1011108.33,0.8078049937260808,2019,0.2952301669240142
2019-11-03,1429798.26,1038587.83,0.7263876723419708,2019,0.29405160495167837
2019-11-04,1262571.36,995581.04,0.788534471429797,2019,0.2928777478112949
2019-11-05,1612667.27,1321321.71,0.8193393234799141,2019,0.2917085767211244
2019-11-06,1293265.9,977612.75,0.7559255602424838,2019,0.2905440729744046
2019-11-07,1946539.7,1520179.67,0.7809651506208684,2019,0.2893842179390506
2019-11-08,1109713.24,903061.67,0.8137793057240627,2019,0.2882289930573573
2019-11-09,2311380.72,1875909.56,0.8115969575103144,2019,0.28707837984570167
2019-11-10,3011648.48,2352435.67,0.7811122996665268,2019,0.285932359894248
2019-11-11,2092297.23,1711092.76,0.8178057760942502,2019,0.2847909148666525
2019-11-12,2105090.82,1720904.41,0.8174965154235009,2019,0.2836540264997704
2019-11-13,2427345.64,1997625.77,0.8229671691914465,2019,0.2825216766033636
2019-11-14,2269908.4,1766713.41,0.7783192528826274,2019,0.2813938470598095
2019-11-15,2141001.63,1662947.41,0.7767146865740593,2019,0.28027051982381157
2019-11-16,1941582.58,1536690.27,0.7914627406679761,2019,0.27915167692210985
2019-11-17,2590750.35,2104287.3,0.812230827258211,2019,0.27803730045319414
2019-11-18,2099691.1,1835944.86,0.8743880754650053,2019,0.2769273725870171
2019-11-19,1303736.25,1077699.56,0.8266239126203633,2019,0.27582187556470933
2019-11-20,1211508.93,1056017.89,0.8716550607678971,2019,0.2747207916982947
2019-11-21,1758120.57,1675422.59,0.9529622817620523,2019,0.27362410337040804
2019-11-22,1717259.82,1683212.87,0.9801736757574635,2019,0.2725317930340126
2019-11-23,1275541.97,1314745.82,1.0307350529594883,2019,0.27144384321211973
2019-11-24,1513582.11,1601636.32,1.0581760377704252,2019,0.270360236497509
2019-11-25,1823713.36,1796200.75,0.9849139614791219,2019,0.26928095555244996
2019-11-26,1658805.72,1632988.64,0.984436344962688,2019,0.2682059831084244
2019-11-27,1673862.79,1730384.96,1.0337675049219535,2019,0.26713530196585034
2019-11-28,2283224.58,2385990.97,1.0450093218600511,2019,0.26606889499380665
2019-11-29,1727675.92,1763358.52,1.0206535262701353,2019,0.2650067451297589
2019-11-30,1706944.78,1590980.52,0.9320632621753587,2019,0.2639488353792868
2019-12-01,1570052.1,1541270.84,0.9816685955835478,2019,0.26289514881581166
2019-12-02,939051.09,913949.28,0.9732689623947938,2019,0.261845668580326
2019-12-03,1049432.49,1050128.15,1.0006628916167823,2019,0.26080037788112365
2019-12-04,808148.29,776278.66,0.9605646260787114,2019,0.2597592599935311
2019-12-05,584316.21,549261.88,0.940007945355478,2019,0.25872229825964005
2019-12-06,1028672.61,965955.9,0.9390314183635161,2019,0.25768947608804055
2019-12-07,1004670.88,991134.01,0.9865260651328921,2019,0.2566607769535559
2019-12-08,992442.58,1015934.13,1.0236704374372974,2019,0.25563618439697783
2019-12-09,1419175.87,1414450.62,0.9966704267597222,2019,0.2546156820248037
2019-12-10,902926.09,843652.61,0.9343540067603983,2019,0.25359925350897383
2019-12-11,1013400.28,984737.87,0.9717165955391289,2019,0.2525868825866102
2019-12-12,928048.97,925066.67,0.9967864842304605,2019,0.25157855305975646
2019-12-13,1377941.74,1350365.69,0.9799875065835512,2019,0.25057424879511875
2019-12-14,1133983.1,1100467.71,0.9704445418983756,2019,0.24957395372380728
2019-12-15,1178357.1,1177403.13,0.9991904236839577,2019,0.24857765184107966
2019-12-16,2441615.29,2435335.9,0.9974281820622117,2019,0.2475853272060845
2019-12-17,1509802.09,1466889.03,0.971577029675459,2019,0.24659696394160643
2019-12-18,1081751.46,1118946.01,1.0343836374392321,2019,0.2456125462338122
2019-12-19,1755344.65,1729566.17,0.9853142914128004,2019,0.2446320583319975
2019-12-20,1591897.49,1519651.21,0.954616248562588,2019,0.24365548454833486
2019-12-21,1604411.0,1557139.8,0.9705367265619596,2019,0.24268280925762298
2019-12-22,1998393.15,2053342.91,1.027496971754532,2019,0.24171401689703645
2019-12-23,1553261.7,1489890.38,0.9592011313998149,2019,0.24074909196587688
2019-12-24,1516895.67,1497007.31,0.9868887752840643,2019,0.2397880190253247
2019-12-25,1299670.93,1288364.93,0.9913008749068505,2019,0.23883078269819244
2019-12-26,962186.25,831064.78,0.8637254793445656,2019,0.2378773676686784
2019-12-27,2014300.3,2077708.75,1.031479144395699,2019,0.23692775868212176
2019-12-28,3502828.06,3565984.26,1.018030059973883,2019,0.23598194054475852
2019-12-29,3313547.73,3269447.73,0.986691002033642,2019,0.23503989812347828
2019-12-30,3576704.95,3493583.35,0.9767602860280661,2019,0.2341016163455822
2019-12-31,2778326.07,2777906.18,0.9998488694309378,2019,0.2331670801985418
2020-01-01,1871817.88,1823332.03,0.9740969190870216,2020,0.23223627472975883
2020-01-02,306693.87,273455.38,0.8916232332912295,2020,0.23130918504632592
2020-01-03,766406.86,609099.87,0.7947474139258096,2020,0.23038579631478834
2020-01-04,888245.03,704147.35,0.7927399830202257,2020,0.22946609376090668
2020-01-05,1285208.07,1020467.61,0.7940096501261464,2020,0.2285500626694205
2020-01-06,970782.47,779316.08,0.8027710677552716,2020,0.22763768838381274
2020-01-07,764267.46,602605.56,0.7884747049154757,2020,0.22672895630607542
2020-01-08,1107287.26,894624.14,0.80794223172043,2020,0.22582385189647586
2020-01-09,1056334.6,871321.63,0.8248538199922637,2020,0.22492236067332425
2020-01-10,1052535.45,809623.15,0.7692122388846856,2020,0.22402446821274175
2020-01-11,1482481.4,1217653.88,0.8213619948284006,2020,0.22313016014842982
2020-01-12,1377373.92,1076992.76,0.7819174912212655,2020,0.2222394221714404
2020-01-13,1823598.04,1448101.5,0.794090291959296,2020,0.22135224002994683
2020-01-14,1243925.22,978766.56,0.7868371380073796,2020,0.22046859952901593
2020-01-15,1380005.06,1018100.72,0.7377514398389234,2020,0.21958848653038082
2020-01-16,1030944.9,795470.95,0.7715940493037018,2020,0.21871188695221475
2020-01-17,1830660.94,1431085.31,0.7817314931076205,2020,0.21783878676890578
2020-01-18,1766837.19,1324243.87,0.7494996581999727,2020,0.21696917201083235
2020-01-19,1524971.65,1235381.65,0.8101013877864549,2020,0.21610302876413975
2020-01-20,1754063.39,1357099.14,0.7736887661739522,2020,0.21524034317051757
2020-01-21,1339757.99,1058996.46,0.7904386224261294,2020,0.21438110142697794
2020-01-22,1519425.6,1259362.61,0.8288412476398976,2020,0.2135252897856346
2020-01-23,1004242.27,765471.69,0.7622380703015019,2020,0.21267289455348304
2020-01-24,1704378.2,1375285.81,0.8069135183728589,2020,0.21182390209218135
2020-01-25,1822074.98,1406914.83,0.7721497992360337,2020,0.21097829881783206
2020-01-26,2456410.62,1973809.59,0.803534056533268,2020,0.21013607120076472
2020-01-27,3063079.4,2398030.81,0.7828823536209999,2020,0.20929720576531952
2020-01-28,2756106.46,2116903.62,0.7680775945062732,2020,0.20846168908963153
2020-01-29,2649423.01,2056424.25,0.776178149822893,2020,0.2076295078054162
2020-01-30,2487204.75,2078176.85,0.8355471538883158,2020,0.20680064859775515
2020-01-31,1641713.06,1229647.19,0.7490025023008587,2020,0.20597509820488344
2020-02-01,1463943.76,1142123.1,0.7801686999232813,2020,0.20515284341797715
2020-02-02,1093114.88,845764.23,0.7737194374300349,2020,0.20433387108094214
2020-02-03,1316072.4,1043180.49,0.7926467343285978,2020,0.20351816809020354
2020-02-04,1029616.88,806175.81,0.7829862016248219,2020,0.2027057213944961
2020-02-05,1584431.42,1282491.8,0.8094334559459823,2020,0.20189651799465538
2020-02-06,1426441.72,1176781.21,0.8249767189927675,2020,0.20109054494340972
2020-02-07,1459386.86,1149577.39,0.7877125808848243,2020,0.20028778934517305
2020-02-08,2184212.09,1826022.53,0.8360097164373814,2020,0.19948823835583873
2020-02-09,2055783.58,1523755.95,0.7412044559671013,2020,0.19869187918257386
2020-02-10,2291998.17,1847054.74,0.8058709488411153,2020,0.19789869908361465
2020-02-11,1213349.37,971610.69,0.8007674574389072,2020,0.19710868536806264
2020-02-12,1321005.73,1096334.73,0.8299242804949831,2020,0.1963218253956815
2020-02-13,1581431.75,1352362.12,0.8551504799369306,2020,0.1955381065766949
2020-02-14,2037539.68,1651978.34,0.8107711256941019,2020,0.194757516371585
2020-02-15,2021731.66,1579252.08,0.781138323767458,2020,0.19398004229089189
2020-02-16,2850540.94,2254151.72,0.790780335187889,2020,0.19320567189501364
2020-02-17,3027388.85,2358428.94,0.7790307280810655,2020,0.19243439279400748
2020-02-18,1906269.53,1488503.07,0.7808460695482029,2020,0.19166619264739126
2020-02-19,2587869.93,2040282.29,0.7884021783119525,2020,0.19090105916394629
2020-02-20,2179252.94,1655887.69,0.7598418979303981,2020,0.1901389801015205
2020-02-21,1875282.27,1484938.15,0.7918478053973176,2020,0.18937994326683263
2020-02-22,2816611.42,2298912.93,0.8161981143994652,2020,0.1886239365152772
2020-02-23,3660447.62,2943311.48,0.8040851244307656,2020,0.18787094775072993
2020-02-24,4913668.98,3894010.08,0.7924852276068461,2020,0.1871209649253546
2020-02-25,3883383.17,3094926.07,0.7969664425362383,2020,0.18637397603940997
2020-02-26,3776016.2,3155920.72,0.8357805032722052,2020,0.18562996914105798
2020-02-27,2799802.2,2267130.6,0.8097467028206492,2020,0.18488893232617234
2020-02-28,1651589.28,1198881.14,0.7258954478077019,2020,0.1841508537381482
2020-02-29,440505.08,389641.44,0.8845333633836867,2020,0.18341572156771246
2020-03-01,574193.42,436323.03,0.759888592941382,2020,0.18268352405273466
2020-03-02,723891.53,597321.16,0.8251528512842249,2020,0.18195424947803895
2020-03-03,943222.71,762767.07,0.8086818329469612,2020,0.1812278861752166
2020-03-04,1909614.63,1505586.81,0.7884244215284422,2020,0.18050442252243923
2020-03-05,2333220.72,1843371.65,0.790054551718536,2020,0.17978384694427296
2020-03-06,1511362.89,1171921.71,0.7754072286371938,2020,0.17906614791149322
2020-03-07,1871812.61,1532326.46,0.8186324057299731,2020,0.17835131394090015
2020-03-08,2407053.63,1849597.49,0.7684072622843887,2020,0.17763933359513495
2020-03-09,2614688.4,2090705.98,0.7996004342238257,2020,0.17693019548249692
2020-03-10,2160515.74,1668007.68,0.7720414385872513,2020,0.1762238882567611
2020-03-11,3433278.78,2692451.6,0.7842216646327801,2020,0.17552040061699686
2020-03-12,4588363.52,3791750.44,0.8263840524998334,2020,0.17481972130738693
2020-03-13,3021810.51,2369481.88,0.7841265599410467,2020,0.1741218391170474
2020-03-14,2973651.06,2401421.48,0.8075666685653426,2020,0.17342674287984836
2020-03-15,3221293.98,2639677.91,0.8194464480388717,2020,0.17273442147423515
2020-03-16,3825962.41,3158330.02,0.825499490466766,2020,0.17204486382305054
2020-03-17,3337087.52,2593918.94,0.77730024293759,2020,0.17135805889335737
2020-03-18,4361415.01,3636509.4,0.8337911874155723,2020,0.17067399569626215
2020-03-19,4192556.63,3408251.62,0.8129291792058633,2020,0.16999266328673912
2020-03-20,4714923.6,4026187.52,0.8539242332579896,2020,0.16931405076345518
2020-03-21,3786624.27,3364585.08,0.8885447406695041,2020,0.1686381472685955
2020-03-22,3660217.49,3308325.46,0.9038603495662767,2020,0.16796494198768974
2020-03-23,4599846.79,4217636.5,0.9169080390175343,2020,0.167294424149439
2020-03-24,3777061.29,3491500.34,0.9243959978208349,2020,0.16662658302554365
2020-03-25,5473119.8,4913905.47,0.8978253079715156,2020,0.16596140793053138
2020-03-26,4976074.87,4486016.71,0.9015171248820056,2020,0.16529888822158653
2020-03-27,5292649.55,4770553.08,0.9013544227578795,2020,0.1646390132983796
2020-03-28,4107108.15,3626441.43,0.8829671139777511,2020,0.16398177260289773
2020-03-29,4853424.1,4204693.19,0.8663354166803598,2020,0.1633271556192758
2020-03-30,8661154.35,7724558.44,0.8918624617283262,2020,0.16267515187362808
2020-03-31,7897174.25,7105527.86,0.8997557398458063,2020,0.16202575093388075
2020-04-01,8755809.46,7957568.75,0.9088330195344383,2020,0.16137894240960493
2020-04-02,7577709.18,6681340.51,0.8817098085044219,2020,0.16073471595185038
2020-04-03,6784809.88,6004344.42,0.8849687060059522,2020,0.1600930612529801
2020-04-04,2596249.84,2421613.19,0.932735036779049,2020,0.15945396804650516
2020-04-05,2270549.35,2115323.24,0.9316349983760539,2020,0.15881742610692068
2020-04-06,2174513.69,1986210.77,0.9134045828885998,2020,0.15818342524954201
2020-04-07,2970609.75,2686271.15,0.9042827486848449,2020,0.15755195533034191
2020-04-08,4245321.13,3850661.27,0.9070365119823103,2020,0.1569230062457882
2020-04-09,3887991.65,3427172.36,0.8814762655161567,2020,0.15629656793268212
2020-04-10,3023393.36,2760209.97,0.9129509929200877,2020,0.1556726303679973
2020-04-11,3732689.24,3332780.74,0.8928631680037742,2020,0.15505118356871936
2020-04-12,2907846.49,2591717.12,0.8912840237312527,2020,0.15443221759168632
2020-04-13,3947462.22,3605060.08,0.9132601856794971,2020,0.15381572253342926
2020-04-14,3808658.46,3373247.72,0.885678712183607,2020,0.15320168853001417
2020-04-15,4628778.3,3891917.12,0.8408087118797632,2020,0.15259010575688386
2020-04-16,4375989.59,3596667.75,0.8219095763433935,2020,0.1519809644287009
2020-04-17,4558971.27,3709799.59,0.8137361194645125,2020,0.1513742547991911
2020-04-18,3884483.75,3074401.15,0.791456818425357,2020,0.15076996716098734
2020-04-19,5420905.61,4354985.3,0.8033685906587847,2020,0.15016809184547464
2020-04-20,3709374.1,2922517.52,0.7878734905708217,2020,0.14956861922263504
2020-04-21,3772726.0,2994859.61,0.7938184776737033,2020,0.1489715397008938
2020-04-22,5657450.97,4439369.34,0.7846942666477938,2020,0.14837684372696583
2020-04-23,5173024.12,4119922.93,0.7964244578082501,2020,0.14778452178570287
2020-04-24,3753095.45,2970279.3,0.7914211987334347,2020,0.14719456439994122
2020-04-25,3664845.35,2858437.84,0.7799613809079283,2020,0.14660696213035015
2020-04-26,4605371.55,3664887.11,0.7957853281132117,2020,0.14602170557528074
2020-04-27,5455531.12,4305091.4,0.7891241577227041,2020,0.1454387853706157
2020-04-28,5014129.21,3953650.56,0.7885019301287611,2020,0.14485819218961926
2020-04-29,10020939.03,8067774.24,0.8050916401993118,2020,0.14427991674278817
2020-04-30,7581421.63,6073119.3,0.8010528363134976,2020,0.14370394977770293
2020-05-01,6232298.35,4980016.59,0.7990658197549224,2020,0.14313028207887982
2020-05-02,4883269.9,3978529.52,0.8147265257650411,2020,0.14255890446762343
2020-05-03,4614868.43,3622251.36,0.7849089123435746,2020,0.14198980780187978
2020-05-04,1696650.37,1285985.68,0.7579556181630985,2020,0.14142298297609007
2020-05-05,2127409.75,1664266.24,0.7822969881566069,2020,0.140858420921045
2020-05-06,2719040.36,2101438.95,0.7728605212759697,2020,0.14029611260373964
2020-05-07,3735794.57,3081283.21,0.8247999594902778,2020,0.13973604902722894
2020-05-08,3885246.63,3057670.15,0.7869951231384248,2020,0.13917822123048373
2020-05-09,2045722.89,1564919.31,0.764971305571108,2020,0.13862262028824732
2020-05-10,3584812.06,2817308.7,0.7859013674485351,2020,0.13806923731089282
2020-05-11,2782658.98,2126531.87,0.7642085808157492,2020,0.13751806344428075
2020-05-12,3333481.33,2554876.05,0.7664287863283157,2020,0.13696908986961753
2020-05-13,3150929.25,2367805.02,0.7514624519100199,2020,0.13642230780331424
2020-05-14,4015255.86,3222738.56,0.8026234622069639,2020,0.13587770849684613
2020-05-15,5094966.3,4205637.32,0.8254494872713879,2020,0.1353352832366127
2020-05-16,3808061.0,3113947.78,0.8177252885392329,2020,0.1347950233437982
2020-05-17,3532524.59,2826498.79,0.8001356304783713,2020,0.13425692017423285
2020-05-18,3000875.02,2429735.03,0.8096755159100227,2020,0.1337209651182544
2020-05-19,3027466.21,2447172.14,0.8083235188279774,2020,0.1331871496005706
2020-05-20,3689172.21,3019892.02,0.8185825567627812,2020,0.13265546508012172
2020-05-21,4498828.44,3647887.78,0.8108528317207845,2020,0.1321259030499441
2020-05-22,5108046.04,3839020.41,0.7515633923299564,2020,0.131598455037034
2020-05-23,4015420.66,3313265.28,0.8251352873200587,2020,0.13107311260221188
2020-05-24,4700650.04,3764671.03,0.8008830689297601,2020,0.13054986733998764
2020-05-25,4378883.27,3340216.53,0.7628009983467772,2020,0.1300287108784259
2020-05-26,3938416.11,3225312.26,0.8189363870949634,2020,0.12950963487901218
2020-05-27,4400378.84,3586763.01,0.8151032309754493,2020,0.1289926310365194
2020-05-28,7125254.26,5586999.34,0.7841122767175469,2020,0.12847769107887502
2020-05-29,8058075.78,6156826.89,0.7640567125567538,2020,0.1279648067670288
2020-05-30,8571150.17,6917398.63,0.8070560534817931,2020,0.12745396989482075
2020-05-31,7068160.11,5722407.19,0.8096035037327416,2020,0.12694517228885002
2020-06-01,7434640.87,6007912.51,0.8080972053731493,2020,0.1264384058083441
2020-06-02,3295138.19,2630884.15,0.7984139050629618,2020,0.12593366234502845
2020-06-03,3497127.32,2854677.4,0.8162920988532955,2020,0.12543093382299692
2020-06-04,2962471.81,2212520.77,0.7468495607389425,2020,0.12493021219858241
2020-06-05,2452274.28,2042840.96,0.8330393450116029,2020,0.12443148946022826
2020-06-06,2258600.23,1840555.75,0.8149099276413339,2020,0.12393475762836002
2020-06-07,2693731.83,2065838.19,0.7669056611325709,2020,0.12344000875525778
2020-06-08,3084455.23,2459766.38,0.7974719023559956,2020,0.122947234924929
2020-06-09,3331413.85,2608681.96,0.783055506598197,2020,0.1224564282529819
2020-06-10,3810023.86,3037801.06,0.7973181196823267,2020,0.12196758088649925
2020-06-11,4027121.39,3106482.9,0.7713904298275945,2020,0.12148068500391276
2020-06-12,2833219.35,2245340.12,0.7925048655339729,2020,0.12099573281487792
2020-06-13,2840132.87,2324352.25,0.8183956020339288,2020,0.12051271656014938
2020-06-14,3797554.63,3078986.36,0.8107813211366495,2020,0.12003162851145673
2020-06-15,3921468.12,3112876.56,0.7938038675168422,2020,0.11955246097138093
2020-06-16,3620819.64,2950472.85,0.8148632473723546,2020,0.11907520627323114
2020-06-17,4864660.1,3741174.91,0.7690516568670441,2020,0.11859985678092198
2020-06-18,4188150.34,3329563.04,0.794996065017093,2020,0.11812640488885146
2020-06-19,2960897.79,2329260.25,0.7866736426589045,2020,0.11765484302177918
2020-06-20,2189006.74,1795056.75,0.8200325367659671,2020,0.11718516363470523
2020-06-21,3477329.48,2740967.86,0.7882393301425092,2020,0.11671735921274938
2020-06-22,3068801.79,2472668.81,0.8057440588236883,2020,0.11625142227103091
2020-06-23,3277142.11,2715748.0,0.8286939988696432,2020,0.1157873453545488
2020-06-24,4983800.13,4272479.54,0.8572734516943801,2020,0.11532512103806251
2020-06-25,4480875.32,3949301.47,0.8813683014951641,2020,0.1148647419259731
2020-06-26,3538964.96,3128909.95,0.8841313732589203,2020,0.11440620065220493
2020-06-27,2952009.99,2893474.01,0.9801708055872804,2020,0.11394948988008788
2020-06-28,4033143.22,4037949.63,1.0011917280735694,2020,0.11349460230223983
2020-06-29,5223388.62,5021085.51,0.961269757102622,2020,0.11304153064044985
2020-06-30,5506677.04,5509880.9,1.0005818136739686,2020,0.11259026764556165
2020-07-01,4785799.65,4637675.06,0.969049145214426,2020,0.11214080609735771
2020-07-02,4866951.38,4707883.99,0.9673168319178895,2020,0.11169313880444368
2020-07-03,3696972.88,3771036.88,1.020033687669356,2020,0.1112472586041333
2020-07-04,706367.78,665027.87,0.9414753742023737,2020,0.11080315836233387
2020-07-05,1406074.5,1343687.36,0.9556302742137776,2020,0.11036083097343202
2020-07-06,2077312.99,1986626.45,0.9563443061124842,2020,0.10992026936018012
2020-07-07,2024009.16,2068227.77,1.0218470404550937,2020,0.10948146647358296
2020-07-08,1848400.71,1796794.0,0.9720803450676018,2020,0.10904441529278498
2020-07-09,2881762.16,2884926.26,1.0010979740257258,2020,0.10860910882495796
2020-07-10,2456330.77,2270775.74,0.9244584514975563,2020,0.10817554010518914
2020-07-11,2777782.43,2617463.18,0.9422851666608029,2020,0.10774370219636975
2020-07-12,2353469.99,2352864.85,0.9997428732881356,2020,0.10731358818908403
2020-07-13,2674159.75,2528820.54,0.9456505132126082,2020,0.1068851912014987
2020-07-14,2241406.69,2199143.63,0.9811444035620327,2020,0.1064585043792528
2020-07-15,2628917.79,2573366.47,0.9788691300232709,2020,0.1060335208953481
2020-07-16,3496916.1,3417273.9,0.9772250183525992,2020,0.10561023395003975
2020-07-17,2963494.21,2910103.21,0.9819837677361279,2020,0.10518863677072765
2020-07-18,2167217.41,2102740.45,0.970248965469505,2020,0.10476872261184789
2020-07-19,2598183.41,2439859.2,0.939063497445702,2020,0.104350484754765
2020-07-20,2378509.49,2153084.64,0.9052243218083608,2020,0.10393391650766431
2020-07-21,3060145.15,2555988.41,0.8352507102481724,2020,0.10351901120544502
2020-07-22,3102912.51,2421357.03,0.7803497592009128,2020,0.10310576220961341
2020-07-23,3882974.91,3066175.92,0.7896460809220114,2020,0.10269416290817676
2020-07-24,3897982.79,3118044.81,0.7999124105932751,2020,0.10228420671553744
2020-07-25,2726776.18,2185291.86,0.8014195943284204,2020,0.10187588707238764
2020-07-26,2852671.37,2228931.73,0.7813489325971676,2020,0.10146919744560434
2020-07-27,2831486.13,2289596.5,0.8086200655342783,2020,0.10106413132814486
2020-07-28,2395619.59,1857411.18,0.775336446468114,2020,0.10066068223894266
2020-07-29,3158908.2,2317187.54,0.7335406391360154,2020,0.1002588437228037
2020-07-30,4151632.35,3350026.58,0.806917929522348,2020,0.09985860935030318
2020-07-31,5610491.95,4496247.74,0.801399909325242,2020,0.09945997271768262
2020-08-01,6132541.37,4909626.33,0.8005859290273324,2020,0.09906292744674731
2020-08-02,5345584.67,4186394.94,0.7831500571854192,2020,0.0986674671847645
2020-08-03,4397713.48,3443554.44,0.7830329228269777,2020,0.09827358560436154
2020-08-04,3298352.62,2591360.98,0.7856531058222634,2020,0.09788127640342477
2020-08-05,2223462.81,1734678.05,0.7801695815186582,2020,0.09749053330499859
2020-08-06,2991469.99,2308279.85,0.7716205937937556,2020,0.09710135005718508
2020-08-07,3277756.91,2547914.06,0.777334662075352,2020,0.09671372043304398
2020-08-08,2449651.51,2088845.7,0.8527113719942965,2020,0.09632763823049303
2020-08-09,2935305.67,2352528.07,0.8014593144570187,2020,0.09594309727220877
2020-08-10,2914723.92,2318822.04,0.7955546060774086,2020,0.09556009140552765
2020-08-11,2533038.45,2110648.66,0.8332477779798407,2020,0.09517861450234763
2020-08-12,4245177.97,3574622.62,0.842043053379927,2020,0.09479866045903014
2020-08-13,3438121.83,2662240.38,0.7743298555537225,2020,0.09442022319630235
2020-08-14,3685522.51,2879232.79,0.7812278400654783,2020,0.09404329665916
2020-08-15,2556409.43,2072000.19,0.8105118709407984,2020,0.09366787481677047
2020-08-16,2596444.46,2077063.06,0.7999643712771735,2020,0.09329395166237625
2020-08-17,3646382.12,2892437.08,0.7932347693718945,2020,0.0929215212131989
2020-08-18,3240488.83,2493505.46,0.7694843558525705,2020,0.09255057751034329
2020-08-19,3279887.27,2543910.75,0.7756092025687212,2020,0.09218111461870225
2020-08-20,3569013.59,2909846.44,0.8153083104399163,2020,0.09181312662686165
2020-08-21,3939388.46,3133654.06,0.7954671370489825,2020,0.09144660764700575
2020-08-22,2465099.71,2000862.66,0.8116761573104887,2020,0.09108155181482308
2020-08-23,2832425.22,2280579.88,0.8051686109474762,2020,0.09071795328941251
2020-08-24,3217603.07,2631929.43,0.817978281578405,2020,0.0903558062531899
2020-08-25,2428315.18,1917538.84,0.7896581365521094,2020,0.08999510491179491
2020-08-26,3194953.82,2616197.98,0.8188531438617164,2020,0.08963584349399842
2020-08-27,4445347.68,3675387.97,0.82679426550501,2020,0.08927801625161007
2020-08-28,7296538.72,5928088.7,0.8124521677313871,2020,0.08892161745938634
2020-08-29,7517051.79,6089417.86,0.8100806047526248,2020,0.08856664141493896
2020-08-30,8480394.59,6775599.46,0.7989721926370882,2020,0.08821308243864363
2020-08-31,7490849.71,6294569.34,0.8403011118480976,2020,0.0878609348735492
2020-09-01,6047477.92,5072223.86,0.8387337543185276,2020,0.08751019308528712
2020-09-02,1434923.77,1282633.72,0.893868891725168,2020,0.0871608514619813
2020-09-03,1557705.54,1435356.63,0.9214556879601262,2020,0.08681290441415829
2020-09-04,1425115.38,1249060.77,0.8764629078664494,2020,0.08646634637465792
2020-09-05,1581867.47,1449235.72,0.9161549544981793,2020,0.08612117179854416
2020-09-06,2654105.11,2377874.42,0.8959232289033195,2020,0.08577737516301644
2020-09-07,2479133.84,2159138.36,0.8709244838511825,2020,0.08543495096732123
2020-09-08,2542645.13,2183405.0,0.8587140117347009,2020,0.08509389373266411
2020-09-09,1979410.07,1799215.01,0.9089652706475319,2020,0.08475419800212207
2020-09-10,3146008.14,2761931.92,0.8779163298668388,2020,0.08441585834055614
2020-09-11,1990335.39,1821328.74,0.9150863463267868,2020,0.08407886933452453
2020-09-12,2806228.3,2605429.08,0.9284451589345031,2020,0.08374322559219596
2020-09-13,2240095.92,1957201.32,0.8737131756393718,2020,0.08340892174326339
2020-09-14,2832905.03,2603630.98,0.9190675128279893,2020,0.0830759524388581
2020-09-15,2914536.51,2476205.19,0.8496051367014785,2020,0.08274431235146412
2020-09-16,1994638.41,1821831.75,0.9133644177643205,2020,0.08241399617483297
2020-09-17,1827659.24,1626961.14,0.8901884467259881,2020,0.0820849986238988
2020-09-18,2600220.08,2233677.06,0.8590338476272362,2020,0.08175731443469375
2020-09-19,1806587.98,1582702.76,0.8760728940530204,2020,0.08143093836426381
2020-09-20,2334885.81,2132834.58,0.9134641920668489,2020,0.0811058651905849
2020-09-21,3082015.84,2723671.97,0.8837306851738959,2020,0.08078208971247929
2020-09-22,2827707.7,2426080.5,0.8579672149281907,2020,0.08045960674953244
2020-09-23,2254030.17,2095482.45,0.929660338131144,2020,0.08013841114201005
2020-09-24,2021614.99,1879290.21,0.929598474138738,2020,0.07981849775077554
2020-09-25,2587034.31,2341681.4,0.905160550421923,2020,0.07949986145720786
2020-09-26,2219447.23,2025784.18,0.9127426652085798,2020,0.07918249716311948
2020-09-27,3907778.93,3495826.9,0.894581541745505,2020,0.07886639979067495
2020-09-28,4681424.38,4163962.01,0.8894647594414415,2020,0.07855156428230954
2020-09-29,3862957.51,3418321.41,0.8848974914041963,2020,0.07823798560064842
2020-09-30,3185317.6,2835582.57,0.890204031773786,2020,0.077925658728426
2020-10-01,2053948.94,1801442.13,0.8770627618425607,2020,0.07761457866840563
2020-10-02,844947.12,672777.16,0.7962358165088486,2020,0.07730474044329974
2020-10-03,1819620.17,1400911.62,0.7698923341787315,2020,0.07699613909569011
2020-10-04,1305849.84,1031248.84,0.789714719419807,2020,0.0766887696879486
2020-10-05,1476045.28,1106750.78,0.7498081495169309,2020,0.07638262730215813
2020-10-06,2225510.95,1785750.97,0.8024004420198426,2020,0.07607770704003398
2020-10-07,2084609.48,1633404.7,0.783554289506541,2020,0.07577400402284548
2020-10-08,1798621.9,1415449.28,0.7869632188955333,2020,0.07547151339133784
2020-10-09,1682037.65,1404182.57,0.8348104276976203,2020,0.07517023030565453
2020-10-10,2023437.43,1582185.76,0.7819296690582619,2020,0.07487014994525974
2020-10-11,1446988.51,1177371.98,0.8136705798721235,2020,0.07457126750886131
2020-10-12,1856496.7,1470316.91,0.7919846612170116,2020,0.07427357821433388
2020-10-13,3071390.97,2435896.58,0.793092316736218,2020,0.07397707729864236
2020-10-14,2627129.58,2030216.9,0.7727890224584962,2020,0.07368176001776583
2020-10-15,1826480.99,1499468.55,0.8209603922568064,2020,0.07338762164662144
2020-10-16,2213689.11,1814772.4,0.8197955132010384,2020,0.07309465747898901
2020-10-17,2024181.52,1623856.95,0.8022289176911367,2020,0.07280286282743559
2020-10-18,2416150.55,2000897.4,0.8281344057803021,2020,0.07251223302324053
2020-10-19,1798941.77,1455468.16,0.8090690784282584,2020,0.07222276341632078
2020-10-20,2361849.87,1800189.76,0.7621948299364175,2020,0.07193444937515645
2020-10-21,2168284.88,1762213.02,0.81272209028179,2020,0.07164728628671672
2020-10-22,2384359.77,1939167.59,0.8132864907379309,2020,0.07136126955638605
2020-10-23,1313373.58,984874.54,0.7498814922103123,2020,0.07107639460789066
2020-10-24,2435210.66,1935814.16,0.794926776478549,2020,0.0707926568832253
2020-10-25,2045855.5,1595051.09,0.7796499263999829,2020,0.0705100518425803
2020-10-26,2383306.02,1881515.76,0.7894562193066588,2020,0.07022857496426901
2020-10-27,3242319.66,2668015.76,0.8228725233094382,2020,0.06994822174465536
2020-10-28,4138715.4,3246854.44,0.784507782293994,2020,0.06966898769808184
2020-10-29,3361148.04,2777298.73,0.8262946757917868,2020,0.06939086835679777
2020-10-30,2606337.42,2045887.36,0.7849664223445022,2020,0.06911385927088776
2020-10-31,3099623.67,2419274.6,0.7805059121903015,2020,0.06883795600820049
2020-11-01,2000351.9,1651707.88,0.825708656561878,2020,0.06856315415427791
2020-11-02,1609265.54,1276568.22,0.7932613905347156,2020,0.06828944931228448
2020-11-03,1148970.3,951051.1,0.8277421096089255,2020,0.06801683710293688
2020-11-04,1475675.48,1140886.92,0.7731286014185178,2020,0.06774531316443397
2020-11-05,1340308.97,1063954.02,0.7938125042914546,2020,0.0674748731523869
2020-11-06,717152.89,537123.9,0.7489670717216241,2020,0.06720551273974976
2020-11-07,1261006.58,1012158.51,0.8026591820004618,2020,0.06693722761675015
2020-11-08,1462906.75,1152752.12,0.7879874229850946,2020,0.06667001349082043
2020-11-09,1841341.67,1500031.86,0.814640696204958,2020,0.06640386608652883
2020-11-10,1423817.05,1131446.53,0.7946572419539435,2020,0.06613878114551125
2020-11-11,1850484.56,1510899.02,0.8164883148227943,2020,0.06587475442640295
2020-11-12,1742209.81,1490266.12,0.8553884333827738,2020,0.0656117817047708
2020-11-13,1874908.56,1475799.13,0.7871312561504332,2020,0.06534985877304565
2020-11-14,1505407.33,1170919.18,0.7778088738281883,2020,0.065088981440455
2020-11-15,1822943.34,1452200.16,0.7966238599604527,2020,0.06482914553295596
2020-11-16,1677772.33,1289405.39,0.7685222642812328,2020,0.06457034689316847
2020-11-17,1698265.63,1375791.27,0.8101154764581794,2020,0.06431258138030878
2020-11-18,1708292.62,1460231.18,0.8547898427378325,2020,0.06405584487012317
2020-11-19,1389140.38,1147069.41,0.8257404554030745,2020,0.063800133254822
2020-11-20,1761075.99,1653768.63,0.9390671608668062,2020,0.063545442443014
2020-11-21,1277317.49,1191035.2,0.9324503964946099,2020,0.0632917683596407
2020-11-22,1402812.95,1422457.39,1.0140036061115631,2020,0.0630391069459114
2020-11-23,1254495.47,1331674.56,1.0615220156992675,2020,0.06278745415923806
2020-11-24,1234768.03,1251831.61,1.0138192596385898,2020,0.06253680597317074
2020-11-25,1016787.85,1011073.66,0.9943801551129865,2020,0.0622871583773331
2020-11-26,1003033.14,1066907.31,1.063681016561427,2020,0.06203850737735829
2020-11-27,2064673.72,2076697.24,1.0058234479780175,2020,0.061790848994825016
2020-11-28,2102733.52,2118368.35,1.0074354785574542,2020,0.06154417926719386
2020-11-29,1696662.48,1642786.66,0.9682460002298159,2020,0.061298494247743925
2020-11-30,1376299.12,1423882.94,1.0345737487647306,2020,0.06105379000550965
2020-12-01,1160032.88,1083886.83,0.9343587140392091,2020,0.06081006262521795
2020-12-02,370653.23,366277.85,0.9881954893526761,2020,0.060567308207225536
2020-12-03,528608.48,509665.44,0.9641643281999562,2020,0.06032552286745654
2020-12-04,645703.05,632473.93,0.9795120682796837,2020,0.06008470273734036
2020-12-05,653591.96,700683.81,1.0720508404050748,2020,0.059844843963749825
2020-12-06,755648.75,731905.7,0.9685792506108162,2020,0.05960594270893937
2020-12-07,832522.38,856716.78,1.0290615610837994,2020,0.05936799515048385
2020-12-08,1297656.34,1226584.15,0.9452303450388104,2020,0.05913099748121725
2020-12-09,1154833.63,1135523.17,0.9832785784044062,2020,0.05889494590917182
2020-12-10,696601.42,694712.49,0.9972883632651796,2020,0.05865983665751736
2020-12-11,708701.4,714731.83,1.0085091266928496,2020,0.05842566596450083
2020-12-12,1122552.93,1114505.97,0.992831554054204,2020,0.05819243008338615
2020-12-13,937152.62,894184.44,0.9541502855746163,2020,0.057960125282394234
2020-12-14,1601200.69,1536265.51,0.9594459455297887,2020,0.05772874784464333
2020-12-15,1355809.66,1345601.61,0.9924708826753751,2020,0.057498294068089484
2020-12-16,1368150.26,1378715.06,1.0077219588439066,2020,0.05726876026546736
2020-12-17,1104685.57,1105268.19,1.0005274079935704,2020,0.057040142764231215
2020-12-18,1251306.12,1173503.24,0.9378226648487901,2020,0.056812437906496156
2020-12-19,1648432.09,1604918.15,0.9736028312819364,2020,0.056585642048979604
2020-12-20,1777867.4,1748875.07,0.9836926364699641,2020,0.05635975156294299
2020-12-21,2040125.86,2025685.77,0.992921961197041,2020,0.056134762834133725
2020-12-22,2050706.5,1957791.36,0.9546911564380374,2020,0.055910672262727355
2020-12-23,1964805.24,2036033.68,1.0362521630897117,2020,0.05568747626326995
2020-12-24,1223063.47,1196024.1,0.9778920958206692,2020,0.05546517126462075
2020-12-25,1200258.49,1181002.97,0.9839571890884937,2020,0.055243753709895045
2020-12-26,1099988.0,1121806.33,1.0198350618370382,2020,0.05502322005640723
2020-12-27,1517374.4,1548752.98,1.0206795237879327,2020,0.054803566775614154
2020-12-28,3627797.75,3660309.96,1.008961968731581,2020,0.054584790353058625
2020-12-29,2940732.69,2915164.04,0.9913053471038199,2020,0.05436688728831322
2020-12-30,2881135.64,2881761.18,1.0002171157759168,2020,0.05414985409492427
2020-12-31,2153864.87,2157011.11,1.0014607415923915,2020,0.05393368730035602
