Date,COGS_margin,Year,Covid_Decay_Shock,Revenue_lag1,Revenue_lag7,Revenue_lag14,Revenue_lag30,Revenue_lag365,Revenue_roll_mean7,Revenue_roll_std7,Revenue_roll_max7,Revenue_roll_min7,Revenue_roll_mean14,Revenue_roll_std14,Revenue_roll_max14,Revenue_roll_min14,Revenue_roll_mean30,Revenue_roll_std30,Revenue_roll_max30,Revenue_roll_min30,Revenue_roll_mean90,Revenue_roll_std90,Revenue_roll_max90,Revenue_roll_min90,Revenue_ratio_7_30,Revenue_ratio_14_90,DayOfWeek,DayOfMonth,DayOfYear,WeekOfYear,Month,Is_Weekend,Is_MonthEnd,Is_MonthStart,Is_QuarterEnd,DOW_sin,DOW_cos,Month_sin,Month_cos,DOY_sin,DOY_cos,DOM_sin,DOM_cos,Fourier_sin_1,Fourier_cos_1,Fourier_sin_2,Fourier_cos_2,Fourier_sin_3,Fourier_cos_3,Time_idx,Revenue_diff1,Revenue_diff7,Revenue_yoy_growth,Revenue_mom_growth,Revenue_vs_roll30,Lag1_x_Covid,RollMean30_x_Covid,Weekend_x_Month_sin,Weekend_x_Month_cos
2022-01-01,11766.05153687854,-482.8490728542887,22506.90225034445,-354352.3690053153,-256665.65323672837,-120606.45691937623,-11068.701226959909,-413098.40976323676,12607.076031574074,10131.83432562987,6521.466914645058,-108125.64867158326,-19393.135194864964,4550.592416309286,628.3430319169955,-36513.139698326675,-13894.562790584205,20004.946932520106,-19462.67767141483,18581.402736528693,-333.36846337134193,15065.303487956455,-3294.1203289757505,11923.737584921151,-51332.34956772792,8555.017697684827,-29072.12341709838,-148027.6549337164,9138.341946260372,3960.186657300314,569.8997005235019,2830.830689083297,1939.0794866700362,7704.821268815863,1506.6317690491846,-7729.269193561052,-16158.666338075145,-2027.5671109229534,-3148.16638439109,-24140.027414311102,-15316.702841466238,13925.99868389033,201083.59583342366,-4823.839728124056,-7116.220614309053,-8102.886389046096,78039.96806758056,-2874.7358046276877,258281.41123519826,-10206.506142704544,18411.433217833463,5950.5710058208915,16945.874153790188,-5589.063990126644,86311.29349027417,5049.258004440009,15447.599350955714,1488.1723258687755,24516.75436698465
2022-01-02,-11081.470917208719,-12.114972701037004,29089.178402008794,-309195.11626826617,-249072.79077742092,-82102.71725231307,-8494.746368371241,-400500.1454076696,30328.41963674678,11091.812793683901,6731.313685755313,-91743.16189586563,-1814.4447214020315,4279.689086372257,-394.12845782148406,-27341.94041441669,-11179.763451338556,18760.961823601567,-19953.135085289323,24250.735945813958,1856.8735909859392,13653.557232756146,-400.6366866600242,6932.311504636808,-214655.5103676214,10998.632009957704,16210.125729507237,-243496.25768579118,7421.834486305299,4218.20817455074,577.7001394213538,2883.403687130172,1972.9576797200443,-158.32381038678483,1315.0658614889298,-5432.060825165807,21133.015521008885,-3185.4892634843823,-3565.4743531627746,-23241.86132300098,-2851.8730362160386,-36831.02894736114,120525.49977279198,-5580.409680630909,-5689.698052576077,-10784.037062410698,-19264.367949527885,-20113.058965512675,187741.4356396349,-10083.569933934032,-25913.338533948918,8127.826697941238,-12983.183334450074,5168.012528594997,61396.24189045227,13885.774435124225,27479.6819898897,1397.4492613833656,18740.14992844624
2022-01-03,-8157.935353801839,-144.1235025571366,12910.552234401453,-600838.4684350521,-251764.0670655762,-105212.7753540932,-1105.2988106939274,-426311.3613473554,26535.93450222224,9415.432215664354,6913.146293430512,-97645.60283883451,-1825.778790811963,8210.228621557282,884.123393048922,-18900.69437251654,-30015.320234261017,10680.113539771954,-19751.35576804508,17481.674788606335,-335.25704357937684,10419.105579140085,-595.6621330556499,1420.2139267750663,-340136.47128728335,-5330.8843006855905,31948.669643953137,-299211.15828492015,2309.3482336179604,-3837.846254245694,835.7104946004388,-391.9266298736759,1871.6525714658544,-224.60084896100358,1157.0852768655323,-3710.712086033903,29516.930816363463,-2294.988630572208,-4949.51852799464,-26574.546137077083,-27461.049663146405,-68382.9417300862,58373.724866366676,-6813.797334198097,-8838.114761728535,-14353.06552573318,-46158.12012038149,-14804.677510157138,126240.29488557977,-21091.503031074193,-49428.24492056541,-25358.151461990314,-230529.91140475083,-23636.242390558247,-34271.915657237754,12069.990256980731,20676.54645874105,1026.5223360332177,1897.2171719689748
2022-01-04,8728.054629080354,1027.1051781922092,13793.184238361917,-852936.541112707,-101907.58054461872,-66299.8062348509,4213.07459388136,-385083.36552266113,25840.926772458948,6806.115028929918,4964.928084536171,-115707.9416518667,3033.6203059032177,4446.18483724533,-522.9334148374869,-22742.216116034222,-23285.20586202499,12870.195723589874,-15830.689856623054,20082.7759523884,-4293.366279447531,2109.4730443124763,-3377.592622867568,9879.223342472194,-234690.0878679753,5647.091861064777,9544.923192196213,-222533.40448019147,1805.325187346712,-5451.695927372085,250.4192813744899,-391.9266298736759,2004.0432976221778,-230.5400715211614,1252.5162474515296,8721.497054014393,24087.06813497794,-2953.5137822132474,-1525.0581842739698,-26358.49920077272,-24021.405610655573,-90680.33848351342,-60177.25999829297,-5105.653938343481,-11104.452949062113,-9989.648094323256,-49183.97596410097,-20515.253690793128,32289.716297153525,-12218.496709409681,57187.396674405965,11275.427560373313,41452.81913383439,10677.04630645508,16466.378857693577,13371.47774265548,17854.6020876182,991.8088150394242,1913.7225356997494
2022-01-05,7234.4693021066605,1036.9967292430479,13964.908061323895,-860350.8955982359,-15035.493400444666,-84057.96337459613,-20967.982615865047,-385574.0953279219,18567.240430768623,-862.9581859275365,5976.261675111341,-129349.73101024743,-3568.269576221821,-1839.5461598588938,2666.707388084681,-31593.004017141582,-17111.417938151248,12289.426034331007,-14979.69509520083,12734.332237443556,190.53458849562895,3680.5084169796746,-259.7378239374026,12141.594307715397,-149097.90662115763,-6509.931482169681,7676.317872485305,-156698.07145283662,105.66768949415564,-10863.804679983601,340.6204840246408,-370.18811863941124,2284.9829257083566,-230.5400715211614,1292.9328783275232,22732.79481930314,3838.5935326026693,-2457.1974356647106,-8017.621950528131,-28211.041867060234,-41568.383054724036,-105359.32720108939,-57535.46058790646,-6685.666448262525,-16092.022131753945,-7928.888116379812,-50729.58300257051,-11342.651817408057,-7102.446034885805,-13412.585344155437,-19113.944094865266,3167.258648800609,12913.513525089882,3629.6666816276334,-30036.54741836615,3471.221200677698,8465.406324192316,902.9737645992666,3280.2706716563434
2022-01-06,26405.177593208587,-462.60748656392593,16342.821907101772,-933104.0076718426,-3618.358036593485,-74905.9539197807,-23818.18748628119,-388813.7343057252,13768.969172784791,1572.6661634684424,6328.688493728606,-127192.33001890997,245.2527648015357,171.47001984275164,608.623846510752,-28256.708528501928,-28612.010390177194,14409.980118858939,-15418.181150086702,13806.928076058468,-3783.193444804842,-500.21276939346444,-6628.162353643965,11620.69813383049,-39941.88334002558,-13294.872483928502,-854.309027517299,-104341.35935035169,-2906.2667095638553,-7186.156598558009,247.69243165818892,-370.90527028125695,2189.8608328229575,-104.4383555338054,1274.588239650394,9480.031061122158,-26189.40525668372,-2989.581685066383,-4634.078718544031,-25675.680136036986,-31694.737001829933,-114660.22705303945,-60194.51214082325,-3681.870705464359,-13017.45143049652,-12485.361616308848,-67388.84377227665,-8213.40985149658,-1848.6970875436423,-5114.230178204374,-28378.621413377892,5729.985470613736,-29713.529873439868,22957.623440743053,22778.632236442958,4662.884319296974,9285.143023585993,913.7851428588623,1100.1473282730599
2022-01-07,12499.851033427944,-444.442427578356,14456.639280472298,-887620.1508665464,-45278.67957451403,-98225.0754253466,-3098.021095887436,-388469.6123944965,11188.774324827657,3390.679449718593,22979.242455870626,-139289.50980889873,-1478.271036232572,-1806.8875285174638,2234.439384725916,-30557.97047916306,-19971.74912535413,11882.635885422258,-15455.244580062497,14836.931470880496,-3443.761644900325,4645.5351603604295,-2476.9051110813652,12569.368515086517,24854.767687848573,24646.68763989012,-31227.308170311793,-70937.78909218014,-638.0393059754701,-5598.966929845721,265.8173911710849,-1046.8125173335275,2130.393266548605,-159.01179104157154,1299.4819755116293,-9489.900278353278,-31685.174267902665,-2784.9238268060803,-1988.8484860558515,-24320.046472260794,-20916.443608515037,-94283.79531312529,-52265.99399782419,-6605.1010036590405,-10349.16131942458,-12299.199724678676,-55999.42218466876,-7401.745987729348,-3456.4047037091855,-13734.353797337348,18596.884655804235,13708.252243926865,-27974.35692010731,3722.7798935994947,16764.83534487202,4716.938079685947,11302.79915432238,955.5810451995534,2130.3787861824644
2022-01-08,25809.87536027701,-439.60321560991105,10277.412962639799,-878252.3472531075,-43286.24610724551,-105820.66292078324,-557.2656940545385,-370165.3005544123,20302.666327004885,-1540.9892496075606,22508.287565572147,-139740.57527485085,-9310.855910124192,2038.415718634229,2807.4095127013647,-29537.176291316613,-19849.451893747344,15508.301987393705,-15357.963487870678,12110.519531591726,1171.516234448695,8459.092410587658,-4463.550814592687,13588.10940818148,32066.506344367852,27525.193444060667,-33648.70846023143,-47108.43022821986,3515.5924296760695,-2500.298149882878,272.7089496333447,690.382344351716,2085.7145370096305,-135.25353603668873,1346.1709171179782,-19164.971608737163,-18553.453324912443,-2458.0491549794915,-2343.7750206546475,-26103.4377078834,-19932.24229651536,-95241.98684221743,-48152.07220584192,-6172.7958826207305,-8966.205028017765,-10646.88345497449,-13502.134407535716,-7131.27493215309,-1983.055972433529,-15396.985445118124,18234.342519052592,22443.2744515703,19211.778381512908,-396.18748838237934,-24152.247986838105,1296.679467765839,8840.050660993355,1346.9569395105698,22500.59283996791
2022-01-09,6006.203311611578,-756.0169644329044,11258.192708979292,-775094.0379342027,-111477.66204846598,-110633.1224343697,-9026.035534050457,-388499.6998180412,22718.548605788077,2788.6033647698578,17583.012449460402,-134797.05892540672,-9419.244274028602,101.97299710367616,1093.4113332647703,-27050.404755782438,-10670.205759538196,8009.209610522976,-13809.896295681709,15144.760757919143,-667.8500920609681,7504.397163036608,-6144.607486308524,13366.793860915415,5379.373868991152,27379.29372929072,1484.1776296821276,-28887.871035608045,1834.6780718562031,-4718.822014944861,251.6412837551297,729.8755194055625,2085.7145370096305,-135.25353603668873,1344.1745568603392,-11630.869697474733,27523.63741323701,-3231.0039889638665,-3387.0362311523213,-23923.917799865045,-17147.774121323906,-79101.56373597088,-30398.949216842,-5882.493308110967,-7721.489690492257,-10883.37586527058,17687.25622911992,-5894.5846605844345,21311.057206073347,-15633.093470168264,12174.209466771164,13783.64672356115,16374.175907476152,3551.9091644987784,-19211.853903257284,1946.5145440016927,10144.035387865257,1375.1517883034107,17923.685429617937
2022-01-10,22975.234375184722,4376.831720258642,13657.545446854605,-707418.8599747707,-157347.00739977893,-105689.50236790464,-6190.798474540932,-402715.556303586,19887.709697962076,11064.513280090403,19374.590702935253,-125886.66676070778,-10238.345588632254,5702.0693745824965,1316.78844110768,-20018.74431161637,-16591.769709116503,17876.81352017143,-14197.537626748108,12148.557730225442,9.55954465996831,8813.762177217268,-2281.4428736787086,12732.282074630986,56029.43013000153,34896.55276736243,39853.277941256245,-4248.3777750548725,1139.285224668592,-1416.1244534617827,251.6412837551297,-427.32571587221105,2112.383100672908,-68.97650509186451,1416.871658839532,-1726.6077909303126,30163.284106618783,-3729.1162474203675,-4492.923565925596,-24986.6808098308,-22180.72629470405,-84879.61771578097,-27425.222859647372,-5356.443454078788,-9364.516464727469,-6724.233861733871,19172.015095062095,-4938.473389301623,18680.169663289802,-3936.5763112463474,10569.094223601825,19642.527451773603,33734.16985744213,30074.67048466372,-18016.164223659962,-1827.7030269226898,10430.505376168658,871.6127168456444,3382.307772844288
2022-01-11,41847.48713006594,-92.4824225220975,16704.49153791408,-546466.7619942159,-283406.2136012069,-115611.5323955182,-18827.833035999258,-399455.774560113,22747.91188603643,8302.834096328108,15937.636545865653,-126853.54015416098,-13453.725534506024,1554.5207244097355,-989.5047824678725,-30325.32073227516,-28423.19719044471,15807.564646934181,-23010.176093216727,8134.327488762805,-642.5020166795076,3262.882905040608,1382.918312464803,9620.486017093086,25044.319711400203,13382.319024613253,14801.6145110466,9973.555302878143,737.5085463782934,-8498.68243383722,193.95825495402931,-423.9451311554142,2124.70394324894,-135.25353603668873,1407.6061356976645,-1909.1659062510225,23158.14092393273,-2885.034433483684,-4467.351518236603,-23594.325958891808,-26502.986787395563,-77852.25983375608,-28145.84479573933,-4490.745822784465,-10584.389795368552,-2802.6089148061283,-4732.909090562717,-10548.752315246282,7184.096170502296,-648.2300881233723,-19529.074672404065,-39195.072459962685,-24447.68067246203,9110.918628558149,-32123.355974265884,5934.79534006945,11044.685068942228,951.4868164429463,1516.5765642166084
2022-01-12,13204.551167530444,1086.8302472745988,17496.484541782753,-807070.3005462722,-224612.1827051479,39073.0963830876,-24707.136186282725,-384911.61836782296,19375.99129012662,7119.759534401919,18624.722568642097,-124985.88132573944,-14239.194773635754,1404.4722801714015,2659.760232660328,-43251.64616839508,-16110.136678438066,19920.500025272366,-19872.594189262214,5975.917017159145,4392.297008917765,5983.378917460235,-968.2833801559322,8542.659368840272,30593.688202228368,8890.534399161988,7271.594296953272,14486.391107690431,-867.7656595452695,-9223.581014321757,313.8848369494134,-432.031609389156,2113.5856560206153,-68.97650509186451,1417.6547731625253,26793.388430404862,4420.924436419486,-3620.4963097736413,-6918.178682777874,-23681.154392962653,-36784.742376305956,-20148.020670713333,-33086.36098647758,-6938.419997975586,-12141.657869392597,-11268.57754759537,-10677.188955075428,-12471.260308199666,8721.584830709477,-557.220172642689,-15294.01669083598,4762.968402794864,-10759.778107836577,-10091.449973850053,-17411.55709868403,6071.119111630317,10613.490305202726,1151.1424343732492,1399.2211906173134
2022-01-13,28512.74033083811,-2793.2035933904017,10715.979394783673,-782588.4529426792,-273720.59150438674,13566.887875358465,-14349.635900039513,-400074.70861500525,7593.6534803696395,8213.652439091851,19231.09676141321,-133055.24298939714,-15620.139260940503,2497.1584521644095,881.1902254599855,-34675.65950423862,-25986.673879578095,8349.804028483668,-21653.847511297347,6956.112552757598,64.39091613900416,2335.784506191128,-2264.1173436286763,9199.10516261755,32141.454527048798,22665.362225224628,2643.3823356178345,8206.186874901754,-1783.3275926307454,-8858.798030127567,830.0409385188187,-396.63252339062086,2106.512006922908,-135.25353603668873,1429.6493233263454,-1055.9789748309931,-28647.315050122903,-3898.4805137998733,-6045.767234717469,-24891.704258553193,-38316.27492728907,-18361.341095853262,-34291.6759555673,-6924.698394446928,-16145.678785555354,-13362.176884704324,-12774.599647755444,-8722.628942824835,-9548.228461643632,-12849.033503540706,-15400.201432597876,-16189.040000304893,13061.501164145591,4655.192976952059,-19008.3105790776,2789.2616303091954,7828.896275949738,1025.426336267162,2073.5163400263464
2022-01-14,14249.45325939954,76.16661615357737,11346.019983523387,-895900.3251765703,-215835.94818222302,-37362.38706551677,-8195.203075286496,-363826.7945023839,12095.557304813057,2793.4779805203343,20711.11768589499,-120930.18842101857,-16155.568494841027,-2942.9466488719577,4465.308602002295,-38299.34975722154,-13880.037142784924,11685.3542782943,-20457.653586945133,7845.8552906274945,1171.4644836325253,2345.335607143897,-2302.3918651068902,9983.656099271333,40830.565538920884,-3609.2221575267235,-32164.78831742258,6778.191163451261,330.3275002820387,-5829.495271925562,244.74972529286993,-1044.6023860561236,2006.348188563533,-135.25353603668873,1417.3231358903133,-10106.83932481033,-29324.75310007111,-1903.5142708994383,-3202.749365660259,-22245.959599688013,-26272.40909478082,15544.604878637863,-24466.87388995265,-4388.647086650593,-8802.96240981252,-10605.586768768226,-6145.784273349446,-6351.597485745608,-12013.44693863768,-8960.683200417077,-18843.807641221712,18694.711655143896,11253.374127405401,14330.366201172363,-5575.204548803153,4245.597661659888,7175.570305392119,849.3151041680985,1910.077166732066
2022-01-15,5800.366562248742,-801.8333113331535,8352.406629333636,-853921.3542902835,-223376.43385034712,-36287.875948631976,-4456.0847615234,-370502.8059801671,8689.440129719527,4021.8003590026665,21410.084781815087,-120851.49235371216,-15433.006331194105,-10371.184318782009,2998.752055850417,-34329.606323010725,-13231.543521129539,17281.620787030435,-18622.45192809406,6349.680041903768,1680.8139288427692,5802.37427717567,-5238.21445692514,10908.818064687755,8137.581487391382,453.063350361212,-34266.08521627306,8233.50351244809,5086.716442351656,-2343.3073359248565,199.37086536588689,729.4473968823247,1957.5439529224627,-135.25353603668873,1417.1725621598446,-20874.810719343433,-16865.676584109595,-2560.539333461144,-1514.8334420133772,-18913.56672993715,-16961.137462549952,23690.28049196035,-28435.401696642115,-5090.662286024361,-7308.610674168462,726.00996192306,-4601.241625935914,-4440.909186020095,-6797.654403863977,-11092.004403146533,3526.683595263722,12978.070790024787,-33519.653260094645,-9656.168685368975,-19448.569969336255,-78.46397129986758,8139.6782513822,1300.0732897060834,18958.369169713427
2022-01-16,7330.199037571809,-93.11257384408458,11897.084419134408,-859758.0153977015,-208575.65022112062,-85961.2605920647,-13024.87432896551,-336924.44093130424,9069.17774321846,6012.667043649804,17205.121154065233,-116112.16445801828,-2349.455974059551,17649.098852116247,1160.4410126713572,-28887.006477870214,-13788.72782923111,20434.536000913067,-16271.079474523996,8769.250674613002,50.47465764990886,9154.689549530047,-4045.6358798583083,9729.440854081411,15279.53165814238,5835.812881141061,1246.9048212348978,9078.394418460974,5312.670136154537,-244.48098895233807,234.8934913068728,734.4680496533208,2000.3830823769586,-68.97650509186451,1417.1725621598446,-14175.513034382046,25155.29547030331,-2862.0860714236583,-1372.0526475723877,-9601.920643688536,-14443.532042820836,29554.368416372243,-28738.610799502592,-4418.958078912458,-6104.292573986367,6504.767196713331,-3577.4542210493214,-2888.9075597827778,-8486.559239381915,-8469.595049983156,-331.04615949427443,19294.444427937626,-9567.242621250776,5208.307624786279,-16111.11636898652,1481.7825423666127,9401.26579573059,1290.8808195785018,14018.520493223072
2022-01-17,6831.575510939859,-477.99894363231573,12331.702458401027,-730238.0276016906,-154686.97152802465,-129311.43709377616,-7071.609654980663,-374526.7210517683,5518.293776425473,5252.106360558749,18963.652402244752,-127125.20395593427,-2833.768048952563,23635.75854981147,-1941.9458024408273,-24170.41619281584,-23183.9814326446,12298.383170783887,-18181.750298465835,9072.506510724405,-914.0447774442029,9672.899217228109,-212.89073864108855,13567.580236533227,3778.746332887663,1756.6259017696332,30628.107526476026,10306.332988880167,736.640680332212,-2483.6650106315806,199.37086536588689,-397.90026671991774,2115.8723540789297,-68.97650509186451,1419.7456610252236,-11751.016945883595,25728.718993838746,-2515.542751236261,-3290.463977919324,-11210.672091999957,-23352.201105366872,38522.85464611656,-36684.78130908553,-4119.045612677752,-8663.29088911169,9834.117739565136,-7398.279067265878,-4515.419672534517,-17540.169835361114,-5533.660448027412,-19801.135119392435,2044.8069834982537,6958.102051819278,7940.758220635204,-45489.24246594214,-122.73313814790254,8479.231010918093,943.6474607059006,2475.4015058508758
2022-01-18,8331.06047819222,478.1156104858927,9991.185575909429,-799439.5600824094,-221063.97803119686,-133663.84136041583,-5628.067995015422,-348493.32789437793,15689.337250710454,5506.283431261934,23058.993402783046,-118283.6885905106,-1500.1689465878753,22570.652246157893,95.12003653232625,-17749.324387768967,-14146.833501595305,22420.608834203784,-16934.40418459142,8036.608580981414,-213.12075424619954,4827.644168209496,-378.1006945133564,8694.872619105103,33659.286188753504,-482.7711990951086,14015.236079394825,14748.2005696392,1328.4138017175405,-1014.420181700276,234.8934913068728,-367.9779873620076,1990.3519524233539,-135.25353603668873,1420.9290332021224,8907.986406077538,26873.69305440747,-1975.9935517763233,-3297.9620721718893,-13051.479197768756,-28229.108858925687,68905.19333887921,-23429.922951912093,-5167.9350997006495,-9394.78260368635,12654.900978474581,-7482.381079294818,-6611.139378507974,-12444.473334523067,-5507.603074203749,-21126.31413711012,12178.411093505849,-4107.915511547487,3966.364657871408,-16121.482076262217,-476.48986199736964,8626.35694978791,899.5234799626256,3247.4774818683663
2022-01-19,6353.291076433239,463.5444595658497,12694.244709163811,-704176.4466121328,-194714.29192600702,-127621.8908307469,-13511.674118495881,-362137.611406076,5403.740499370824,8119.5060339696975,19403.384616687792,-122081.74684838725,-14948.969849147892,38288.64512630444,1695.197198587669,-27942.80488905417,-25916.062123631265,23557.944332137155,-20242.52639987666,10721.029316623753,-1355.795275189618,6754.473260090921,-752.7926842222537,10570.58698614388,27616.733386792825,-6139.88130653218,6824.719699147968,15013.590271265643,1625.4528734747046,-6051.656997664035,321.93094308230525,-399.99648864374586,2054.946172578233,-135.25353603668873,1411.0470394210975,33504.807699160476,6386.2674468693185,-1956.6304947237245,-5330.455775599139,-8550.117456382908,-34827.85749491355,42262.552675206694,-47293.835265679416,-7215.71467127167,-11969.18310364583,14436.376759846778,-10050.29581394879,-10096.197482271311,-15443.93264508119,-1033.0940744959673,6761.160591667798,15850.430300853022,15101.487277859598,-2500.9807090706972,-21726.18690503556,5099.162043390142,13772.48495199367,922.7758953954005,168.61200091581884
2022-01-20,8950.74945521041,-207.05088738660123,11717.169566844923,-705489.7939525519,-287697.8366406306,-151381.14471894794,-4335.8780594746195,-345955.0397971889,5793.898062465538,4784.8454233800885,20620.29270004065,-121082.99306502994,-17952.436509247676,38724.699295693936,-1018.1125079671037,-29519.412774150835,-30396.788431171317,16356.213080426056,-19612.01784505426,8795.42673432577,-1654.2321953767882,5750.192299364318,-2001.0288748497671,14830.271567774105,25976.760044410432,-2337.5374964454095,1774.4271273567924,10831.216639119255,-152.75661785962848,-4798.533297961422,226.1523341220308,-367.9779873620076,2086.4336174624164,-135.25353603668873,1410.3967098312537,1625.2084825320842,-33001.89651550747,-1803.7209124136511,-3527.5416316040405,-10175.0771471185,-33517.1586154308,29429.50295704214,-38410.6082630572,-5418.535956616892,-11832.896431663923,12109.412782993437,-9103.305983655066,-11037.363925385396,-16399.14012540815,-5261.082900755559,-4649.064322109558,12028.710254973459,-24143.04167988807,-2116.447069841155,-39403.41595553786,3427.748540304599,9954.56906918668,932.9447273093645,879.5961407435925
2022-01-21,16841.61043696329,-556.6491776082289,8749.491230430163,-853657.7465657635,-211337.00554354832,-138637.98165797858,-1100.6841531807754,-297410.9733613236,5762.4346383129505,8413.429555076327,22492.406240154003,-121568.21743321285,-18399.38485325259,37948.551094428774,-612.2897710674563,-28373.312140234746,-15193.473879756159,14626.67799697275,-16534.723931707005,10667.64251312349,-925.6100593389955,6562.943883795064,-1659.54846408224,10096.588123979549,36903.80031240205,3398.6994925901913,-32512.791558739475,9306.643200164941,2555.2716752073193,281.61577629933873,259.6873898880215,-1044.6023860561236,1980.3985832827289,-135.25353603668873,1421.8321283819682,-14783.041772128207,-34329.094820503145,-1429.3522499312444,-2605.0085323570374,-9708.562507326904,-22273.3508318522,32531.002802904197,-43465.01509064387,-3669.7216923733613,-9290.525284220177,10099.277964745157,-6690.432010548614,-7174.405018759886,-17138.254328888885,-9499.09570400255,-5914.298405321846,20875.87274459024,5990.018099622603,-2125.8283530408253,-15140.191378764372,645.6274025954317,6951.53515861674,929.7560777036149,2703.9170283485996
2022-01-22,13720.174821841509,67.74644528694188,9712.182634183195,-828654.391421242,-234936.33428766002,-129133.0083126356,-2885.9235719618373,-307595.9670817544,6418.206996486648,1044.780685158158,20663.276692672196,-123413.08347476057,-17900.940497063297,33535.43306588377,-1.6874148400059994,-26010.092836340296,-15307.37350568358,20050.881784398458,-14512.986303364083,10392.182952107105,-104.6219445983474,7499.610208814391,-3981.605135084655,10796.816773859728,11683.938313711791,7658.103814215654,-29865.260833039207,11394.55391145924,2249.5799878107255,-356.66329473503146,259.6873898880215,729.4473968823247,2053.9726638599627,-135.25353603668873,1420.4709147726103,-17462.624622567982,-16782.76234029644,-1543.6584420188615,-1994.8139669435236,-8322.411362207942,-17780.3730399169,24183.12370266523,-44859.58319362528,-4267.939673655775,-6445.80468104984,10647.584266887276,-6009.225005960452,-8673.503168000927,-16354.244180235208,-5923.054800066233,6894.75384448348,20984.46791472107,8942.783261300374,8252.238560672682,-20259.16909983416,1102.8153493023979,7675.270947281933,1288.9453021034249,17358.869241302695
2022-01-23,10260.849541475727,76.31518387109631,11906.7433067358,-708407.4514542553,-180017.16236678633,-127469.19809146202,-12140.206480097586,-254119.11690880492,9801.95757206029,1856.8695257789045,19434.788319924373,-117664.89501869942,-18014.966240341353,19275.63726268363,-1958.8175438745475,-24736.10983863043,-17642.975524692898,-5265.019195829718,-15465.496623185241,10392.039390588603,1227.6385736344516,6313.092838934855,-3042.985830021461,11986.812568632864,4113.601965891328,7369.012293326716,-4113.118674426321,13274.956200621522,2106.1358913507484,-3334.578844942585,233.04389258429057,1208.2215210278325,2092.5476331582086,-68.97650509186451,1353.3632487569853,-15901.802092243086,22199.412280304172,-2464.3933447140907,-2565.558167322578,-6993.680475385461,-16843.143550784673,4330.415582050936,-53904.17262573373,-4312.246933587282,-7981.5627657194855,13250.949796363611,-6913.34803652852,-6460.100739731582,-15433.412447407116,-7939.317507129995,4081.14944154601,5310.3587087917385,11758.01677450883,13559.314089800544,-26324.329189841566,2585.041776883596,7990.498670777892,1307.5237780080195,13102.715420897326
2022-01-24,15141.318641784863,391.58032765076314,10725.68704329714,-693630.8868910377,-243520.71130431537,-59604.217653014464,-12766.846362413271,-237010.32458192794,10293.52642579789,3553.712517926547,21347.698984779876,-111003.23991139262,-18347.6040206327,40167.44816452413,1679.899199075555,-26223.03061345536,-19730.73327766013,-23552.385396856167,-19030.181679103895,9080.560467762789,1000.406464333761,8537.546915326751,-775.9131470780766,10280.243128413294,2796.509968879624,3265.3797408231576,31890.73733839061,8746.167247445863,1583.7138898249568,-239.10762883937284,259.6873898880215,-403.37707336054274,2126.4839104311664,-68.97650509186451,1419.3832682882353,-11214.794090437414,26367.223950997704,-2562.5833627168786,-2169.1372709874113,-7852.064880775402,-27765.45523065989,10359.986332531473,-54370.07318169909,-4190.335121385028,-11134.019836861075,11823.372797505901,-5890.053226908619,-5563.325734456331,-14791.800283816327,1069.5947319725751,2680.7744913309893,13773.917945029942,10396.381053692965,23581.322148903215,-27396.91378200077,1209.784916981485,8220.414960545924,981.2860125422518,3813.1414274494914
2022-01-25,43599.84962051398,-740.3430766163772,11936.553388894787,-675913.664091447,-178197.2531699873,-140400.1783765285,-8997.928703937272,-216691.69292732235,8298.417706670434,15887.300307212181,23083.58077658817,-106829.09023234987,-18263.40098774733,26363.666616715425,35422.690518441166,-26087.136171804435,-22422.1676608826,-5894.685176084101,-22342.030752704988,11244.58677880054,4861.786581830185,9698.11798010669,1117.3926165193952,12219.857029083672,8059.532260942522,5168.912125145155,17260.32919956339,26534.540578524146,2544.248838413995,-2112.7318567383613,233.04389258429057,-364.06558227639624,2139.1597493575205,-135.25353603668873,1421.291425939111,14638.554480043204,27305.406555784717,-1974.4505217716176,-3257.2058712834414,-7651.944098609767,-27029.29857781388,31593.443861814158,-56893.4812979916,-4789.313628233449,-9955.783536627187,15508.817797647758,-6826.297548710174,-2164.774552810789,-12216.462608197464,-8677.533037443627,1725.0971723207174,8997.453531472229,7130.752456750813,6570.61650189424,-38851.23034752744,1835.9171148168803,8405.959323606832,980.6868453246449,3717.4958040395613
2022-01-26,12723.304129155065,-102.0482126691337,16120.997639328345,-552445.1596209727,-221654.17299526138,-139621.79147083848,-10250.265655595798,-243289.43332396075,8968.265111809626,9033.847534257256,16843.333741610215,-106059.88891656921,-16662.87916919403,20077.046048536205,7413.404125545893,-27912.829546133762,-19724.486054718476,-13468.320126601404,-23095.68324873272,12720.881360375613,3950.286266319736,9782.045274352009,957.289543997981,11105.64015151505,6795.5274679785825,6403.807743152882,9968.465317479116,42817.36471747431,3893.1988329651867,-2418.542199316936,297.7829700471956,-718.458702088408,2140.6350730280246,-68.97650509186451,1415.2358736719839,34222.72620024193,5641.980362844028,-2883.2450042236924,-5410.1146737532645,-6458.953840448965,-34623.958162186915,28786.229210346104,-60409.158000170806,-5424.060993679139,-15143.42045995908,21746.86503014319,-4954.5616987609865,257.71680773384446,-14279.489782213343,-8043.127567015568,-4214.056981562036,-2128.6837505666,24938.589576474777,30395.700509006525,-30115.606921458526,6934.467642569695,12102.52404041886,960.8888687225535,3873.1192295943633
2022-01-27,26880.843547355325,-2883.5884095042343,13275.932702514241,-612217.81503503,-317109.9159527031,-168148.1235619539,-12411.7626228958,-229101.71281423332,9314.532523455991,8240.685261349401,18080.729246615003,-104701.67665638369,-20642.246665664363,41594.406477734694,4575.92515912698,-30000.4314378957,-31180.251472317977,-16008.084698694174,-22423.07033022353,12257.957808834568,-337.0308045455105,6033.0716409727775,-2479.1401846288773,14909.904721979268,6784.130516045622,17140.606562990142,3046.35882722382,52727.98061104063,209.64918033556796,-2192.655087709282,838.0870446517107,-364.06558227639624,2038.4677718932994,-126.91120799655864,1418.6126565853624,2199.4411462583103,-33368.72752277975,-3112.28255265985,-4794.456432991488,-13617.452831984414,-33534.103052154824,40537.2911984768,-121628.07213558754,-6034.146692101025,-11651.045224040885,14266.478238926633,-5939.195583162531,-10811.371355149808,-13353.755693789028,-10169.095374183738,-15124.181702792846,8066.101910176092,-42056.95932731903,-23119.74678432747,-31669.472271837192,-1307.5587559473856,9780.078910810702,1027.9569480479868,4853.524378390644
2022-01-28,28687.428091356684,299.8485834175674,20260.44862462824,-743157.1564743641,-226945.09416558844,-162478.14031730642,-14278.593355465566,-203148.34916679363,15365.756497882092,1151.100508074002,16295.947629188497,-85448.3148143173,-14815.730896664778,21389.74040116453,8389.797303395959,-20236.143914715212,-22484.317042756506,-5368.611621465597,-11166.023556022938,12294.916406125309,21060.00456118806,15823.596834259059,-3455.922699745189,9890.178942366754,29898.653793342135,32823.35785087108,-30832.092488705704,267451.98703283805,5308.266637447292,326.84723570619997,838.0870446517107,-1040.6899809705124,2031.1098440536211,-115.25694235658023,1497.0338652301334,-12770.75638281784,-31702.600974262365,-1769.4634131827243,-3552.2658500521547,-5.457522671747483,-22384.648450650377,99487.68285812528,102556.4294347681,-2140.096002050248,-7926.790851029783,7002.862950665407,-8813.736805248256,70150.10488647048,-14091.43534906602,-8816.454645125215,-32133.817001981886,33259.37467412393,7214.059997023811,5709.853164737067,-21871.428488324455,733.2519392538925,6674.619844734485,912.6532680869158,6174.051946869848
2022-01-29,24490.510841517105,-786.336767521718,22336.257647842336,-382153.25147185114,-210775.0419519065,-145485.29368629755,7264.992520825304,-294793.087038378,14231.206089433472,6102.674124440691,16181.54281803248,-84916.44533681133,-15806.865318982307,49308.8666085299,-1158.4010291732536,-29239.293346416525,-18570.06995322642,-5912.750449831114,-18959.2596634567,21123.25475265892,29341.9137199596,17881.68742752329,-2167.775035165445,10671.04188440608,36786.08241687404,15476.718313076664,-31732.82913799462,242676.60943358613,9728.788776652906,-229.52432217445744,241.64870364431806,719.5513134304842,2656.5154664705365,-115.25694235658023,1510.0192668948569,-17039.69344666541,-21025.746433294127,-982.1244880789342,-5795.326262463651,15398.835119494111,-17045.963515317835,74441.71539704685,151956.9101416884,235.61544116141084,-7030.992212444889,22813.4597292103,-2314.674421571988,188637.2981714855,-13497.026242000984,-3755.6642752873636,14188.170531492699,89.12507070477295,-9670.420150312919,-33092.25727668098,49515.957528966705,18228.581775655624,13995.997595059525,1412.345331088196,21858.76399901905
2022-01-30,18808.92886741674,-856.3838335592416,25951.549280612766,-122838.95976578402,-286159.21612050646,-164927.94892564957,19725.81705540587,-390492.11050626077,9607.46695729532,-4256.189371385396,3159.278844864155,-101137.19646379234,-20896.47718973577,-26630.739155503215,-107.1211168378045,-42889.854462867865,-28491.12886416754,-8422.145904829958,-30011.832931468547,19957.704192939433,22781.720968141883,15596.473823081415,-2333.2449806528302,25698.142836175946,1986.411068454213,22873.903802332967,3008.5651219037713,289749.8910555569,8668.963438258408,2085.5027936203405,241.64870364431806,1210.0293560330233,2918.10015144429,-74.74088559815931,1513.804376614481,-11110.675887133284,28707.929679465906,-2294.8885761929496,-7118.687996608949,21690.227596171313,-18413.641883603177,55990.881383637636,229098.80477652446,3684.0342887056045,-7253.588608834321,36366.19270079638,-1536.0040204186605,131074.7690520875,-11620.785632708747,3893.1407362873997,-4822.252920422861,4423.382074072786,-16655.624162370397,36815.651538447164,70593.84272505228,-653.0921796837574,13378.072434337335,1415.4808429682464,24851.71147043768
2022-01-31,18944.419620772976,665.44105771832,18869.85902853361,-123733.02848510891,-276452.58884952497,-149180.26004006545,1761.668377336937,-422240.52309113566,8722.788933589261,-12440.760697613488,4377.710185367604,-99155.64502262924,-5920.836719013147,977.9961934688831,-791.6364539250542,-36852.62898249396,-26705.63945792161,-10491.016292671067,-28034.80765402301,17598.244919467797,23433.429603535937,3251.6296285401786,-1148.066280061047,12120.226074902639,-71642.01976612551,5165.071842558083,33197.29688293974,297989.9493342912,-5552.276445069809,2214.7442564782345,218.10622798913894,-387.10952331454666,-80974.25150273056,-192.50026591599067,1512.9889692939948,-7526.099394576682,30878.039741704524,-1557.8809603906454,-13203.7873317323,19394.07395908703,-36711.113151043326,19931.17424432192,214089.35120428598,1521.2297325832008,-11689.387146043071,50524.88990684416,-5050.862892050527,99476.05797452581,-13189.750448669574,-9760.926635191978,-25161.899031001925,18475.051279627405,-15117.550273599378,-39149.73860624252,103552.50954502038,-2921.193329519272,13649.733673413417,1027.174226620841,4045.0195427349163
2022-02-01,4294.4471956201105,1539.3520015205745,23010.348211754084,-303532.8288957576,-113638.55355681838,-95046.32806723374,-5482.00542319574,-383393.3947448827,27007.67337953212,-15174.152798418332,8151.557529252709,-43960.98744259207,3008.6448873706618,2352.3886142611486,-459.0459546760222,-40294.69081725782,-15381.204490670654,-3680.7158536223346,-15922.57856769922,23424.722358263654,15835.678073092764,7617.095730977879,1626.2501726000987,15294.698428748205,-94855.09937411919,20201.291066591104,24599.4524565104,-160690.33047514543,2895.2301854322495,859.7897241120354,225.90666688699085,-390.5165039006462,2129.625761824127,4781.866678972113,1425.6056101173256,10843.365141267153,25783.35634393675,-2805.3413924725855,-7828.027926906212,22167.09386982098,-33970.01315498461,30486.202920575415,150024.54771694602,4283.904758548373,-10974.328348564239,65862.09441650064,-2995.6061022586036,160997.4411087808,-13543.183107817913,8877.369744404357,7166.426844449486,29774.67775427713,24006.381072954508,55040.20673455054,104296.65949820225,9753.407688644733,17428.715128464642,1123.3882973237871,1189.7375621724138
2022-02-02,48736.86779587846,-1485.4558207488476,21200.296342153553,-120758.3110907403,-159013.56017201557,-133020.80410783872,-4489.848370121411,-412123.47110444016,31903.01881071506,-10309.153952523448,5905.019663597986,-62147.26812379715,-5134.629333706405,573.7377795424982,-2556.326755497308,-39834.38409270177,-19802.23497670423,18789.857613442146,-33687.82444345017,29838.71949310612,4993.085663520546,5263.867085047249,4295.06460283213,17895.701416659074,-211653.17140355112,4623.917606768337,7759.812082789529,-247058.63283497444,195.86773483748948,-2003.6834181345885,297.53730281215564,-427.3701570953556,2117.474295067602,-134.56556301129655,1317.6161701407254,34801.17459338503,3062.0385107772654,-3178.6754648692595,-7207.567931030344,15334.878505562006,-38390.36913237761,-50511.434200816664,108845.09786500118,-2179.1501653257624,-13751.882789752732,132018.34653917924,-9269.11835718153,10548.618646664614,-21799.704729250894,5937.542999872947,-14517.240360987995,44260.87988033923,32149.162994771006,55500.85545356504,180274.4096138724,8394.53318302617,28474.993534282105,1063.8367782623973,1361.0268720221727
2022-02-03,-8860.525926652102,1232.6834224847214,13438.154399951189,-327874.96542615676,-285105.0250614424,-139717.20599888958,2456.145727692855,-405182.0410602683,13396.152125757062,-12849.711634319086,5147.7462695142685,-60426.66961777961,-3979.253504207197,6566.922056663125,-1669.5019857490915,-33305.37560296308,-13905.309646920685,16482.87264239285,-19934.769875714366,24540.70977850763,-981.1148269937023,6367.492571137928,-2557.039458380535,15023.220287896595,-317966.03928139503,-22819.715958230783,1422.7682312433335,-272370.74446199555,3006.518352990074,-3366.0899069735246,844.7329358789304,-391.9266298736759,2009.3337762245258,-200.84259395612077,1276.1786567233858,3158.0714540677986,-31614.57145730177,-2730.6136098551938,-7653.547492258483,9530.34687087886,-45825.29478107735,-47052.49953803697,62438.104130781176,-3198.367065410436,-12699.825770278921,111027.00988132734,-10111.446078614495,-36875.645694104336,-33396.198904754885,-16347.346677590805,-60201.36401526879,-5950.232663549105,-40547.739380142055,-40460.83427520322,6050.770091603101,1238.4283968386042,7947.598560827684,1105.529503860698,3109.6099877622482
2022-02-04,4368.114766532084,2204.1663181510703,20025.137768050616,-802923.9461426158,-83102.95357899118,-76872.40720106097,-1249.1498299014384,-352625.28085079754,23452.25086581875,-4221.196275921866,4725.20012692648,-97532.95239438958,423.7791146225045,2036.9013136686492,-1139.6220254482619,-18837.842080990427,-13710.449108295103,10221.602300352446,-15701.523881894329,21560.680575631748,-5979.827156261257,-2207.5590811083034,-5589.385670822612,10455.555261410995,-221688.3611032596,-14605.649207775637,-31150.244711329447,-215393.6761082301,-5959.677702439776,-1646.0396203856467,259.4417226529816,-1068.0456040682802,2087.1821609994986,-140.50478557145436,1281.426152068314,-16721.52175310544,-28797.294286503493,-3284.3731201255678,-1749.480800449494,6444.915661534407,-27555.03667001715,-94340.07045783676,-71183.32404577301,-657.6271958171797,-8496.500440242335,69759.74722183045,-13633.323970777654,-14560.76983672852,-23904.916605071117,281.75977263941354,75405.28057446925,-1834.1784259333836,22594.89411149578,80140.89466371345,-231.7596927732307,11035.22477485849,11490.079849229609,864.036121705019,2377.170973050587
2022-02-05,34922.67499490886,340.88164574918534,13208.553027600785,-832671.181564468,-9110.630865794825,-79452.10265962259,6618.393614459034,-382199.1080202835,11865.62401649055,-207.6746162215926,6702.355822084033,-114633.23527097567,-1289.5832752251408,-186.6863338461045,1421.5534913004738,-20761.62300320981,-16161.404497060665,18814.79119005826,-12678.226442074887,13958.582579726924,-7024.675249458291,-3481.4826994257987,-6516.909638091778,7685.771758465389,-99621.47727875687,-20212.627220505474,-32685.765477566863,-141330.3113285412,-4395.25260745364,-2609.48767080125,265.8173911710849,680.2947321996164,2348.6362995394766,-206.78181651627858,1341.3965216119263,-22494.470291084075,-13363.947612491489,-1939.7889693745751,-3592.7833009415517,9220.170321924727,-26701.290633110533,-98777.29816853092,-57394.76377306697,-3612.8164588538534,-10140.080817995995,52315.72588378876,-13453.59454484552,-7444.225059091077,-23966.95250975527,-14284.999923644618,-763.9388760722354,15666.301928337452,27409.20972261324,-8354.448980542176,19761.72147008613,2820.2794805055837,9058.661476959514,854.1201069453934,9474.78416392976
2022-02-06,31526.553674920593,-5846.223792411288,15307.208111718937,-857433.6155272562,-2562.9063162741168,-75573.66233757621,-8233.874543411097,-360516.74289114436,13343.50934460982,-2080.261001244754,4460.715082372055,-114683.8839684272,-1238.61597020618,-2068.873877231358,1155.30271259235,-22662.126841085184,-16685.95265933369,-15281.504914674806,-15098.306101435326,13642.167513306185,-7108.5352224166145,-1723.0561888294683,-3726.398612003288,9558.422548978831,-25555.565170275346,-14080.189400894898,-396.8373417425955,-103023.8510777271,-5107.231936727466,-3032.907284635533,265.8173911710849,690.382344351716,2406.632271219164,-126.91120799655864,1332.7248549793392,-15228.070149025272,24904.79331994685,-2092.0318242348285,-2720.5055937859315,15784.63293074943,-20880.494755517066,-110818.38704639388,-57233.03502080597,-4223.7095315929255,-8708.273284280898,48117.586853261906,-9975.01609788042,-8885.147637364571,-23206.743030396094,-8030.454931122264,14261.297187737648,-1817.1564663148179,-35355.58494994888,5169.489378631892,11511.34755468412,2196.235688824864,11656.498348217623,904.0433000032593,9126.548635372976
2022-02-07,12928.14807235021,-370.4516411356938,10333.201090997123,-833898.3468164655,-45207.988713244304,-89171.3021591396,-7048.708023737846,-335340.3442775626,10290.277868474755,280.9373380367856,23279.63798337411,-112205.18239794023,634.8241864622828,1991.9232939552624,-1573.9671090824418,-24226.72308975734,-14567.995834311318,-12092.77544512507,-12908.616106777436,10049.956099417857,-4901.182936352827,287.3366739056269,-3986.8351514286096,11105.485108552333,70342.21577098896,-3607.7194924643027,38765.837144184276,-74548.14384205143,-3450.2892150734588,-1646.1908447440305,272.7089496333447,-363.39580029529503,2241.129792835436,-135.25353603668873,1341.3501831863014,-10350.255838061585,28046.71438440956,-2732.708458759147,-4294.329308118766,15282.831609100158,-29474.094964032956,-87379.94319124315,-49923.62573995723,-1900.089575067471,-10546.10637894499,37472.08209718878,-10536.69628750328,-8730.534848160238,-25498.81345029174,-11960.298550299722,4742.971550707842,3891.18104258511,29811.448742257606,1207.3864080844032,20189.239161222853,2617.7036768656576,9691.970199989813,872.9597983653023,2301.5814021255737
2022-02-08,31995.331773727587,-3399.1954589069487,17609.945145630314,-730621.0463394801,1903.5999891245028,-80022.72544242337,4480.753589167925,-368560.62073775614,10183.064866701327,-1393.5355991798124,29572.616285701057,-123493.7661039601,-3603.898416085053,-4499.127432118381,2205.9951551455374,-27770.696120175733,-15430.933256491282,-11933.991018366845,-16413.378012312314,15470.105378363121,201.7003594788041,2957.538791741136,1057.4770960592234,12459.718994554103,14317.14247300327,-6079.369567267537,20872.94618315797,-48802.06445204411,-1895.2480282590504,-2487.6219686418945,241.6694181359752,-370.18811863941124,2441.0702413740432,-135.25353603668873,1335.0945609973362,18698.152972324766,28047.352641664264,-2519.7286315037495,-3749.852075170792,19786.21770846627,-28459.141453181815,-92824.43390898655,-39800.10812826465,-2977.2060854180754,-7026.2891317465455,43371.93789327761,-5164.829329042923,-7622.38534271698,-19375.755754623675,-2055.648627440256,6853.070990839981,3880.7641839122207,-21913.584726711004,-705.8614598150111,-23021.55665251739,3881.6828444523644,14205.342299994814,924.933051998719,2516.8186146762564
2022-02-09,36252.67269715166,-179.72347070386155,12437.455667874357,-551570.8114863619,-26795.028830813146,-111547.16291926004,-13174.816909490452,-366607.7867238764,6404.988884916664,3482.1319412659404,17651.320681271412,-120133.4939814634,-7312.426604302695,1577.2688309737769,664.9195211601857,-34060.12933964943,-22322.24385960694,-10106.185906806333,-21120.163121533784,10387.100483836852,-1036.9541308808368,1453.3270998639675,-1268.6446825882138,14817.778099748532,31596.292950360425,-8134.26654138827,9334.238835280055,-36581.52079751078,-3129.336196431177,-4795.981200135038,625.4528368603845,-370.18811863941124,2242.6051165059407,-135.25353603668873,1349.1132927368417,31562.398557286186,6754.554324184786,-2470.1346653374303,-8945.277838301166,26373.913140881967,-47697.07639420881,-84572.44084433981,-42419.93782862858,1500.5944094505435,-17690.709823007746,41700.52858545446,-4573.457274606388,-8463.11242146775,-20298.16932532878,-10206.855249223121,6627.979816540824,-5142.665908275639,16037.350771700192,5319.635740773323,-39133.85625328629,-3099.724521717808,10016.656890008897,985.3103278783425,2765.6993174186305
2022-02-10,44126.71202393835,298.2442610599918,15056.2367156469,-684325.4009803052,-227914.5071882012,-113773.84087182708,-8970.913160686458,-336055.6632579869,10839.422849272753,8912.454991044619,17097.12291249988,-119234.91723381297,-1098.2168009088382,657.3344194809347,418.93456141678246,-27632.734322949094,-27816.044236060687,-11202.678566794117,-20911.09377237266,8698.768709908116,-891.0049552990879,2957.72039766437,-4887.168118805553,12648.264957791318,13804.651789511847,1753.1324667515364,1343.0853592807057,-7037.36017760665,-4870.268123564409,-1814.306755841472,251.6412837551297,-427.32571587221105,2161.0520000066144,-68.97650509186451,1351.5306705949408,2558.459307071517,-31121.96254313468,-3748.8837630824337,-4865.5556305568825,20859.059998079403,-37324.89786957727,-80490.90119988885,-29668.67564114884,7130.1367388408225,-12323.591110850582,48101.522331608096,-5335.500804690314,-7439.363120866667,-22405.588067813325,2648.0014102920572,-5146.576067772036,3669.6489453717104,13613.99149826464,70821.68067335185,-32280.714875725957,2024.613453350987,9179.889844056752,1106.9156061326878,3446.539300343515
2022-02-11,17872.7407470049,-2686.7070946146696,16604.182144682214,-743437.5952743907,-204470.4646154008,-63227.521563428585,-4304.174815211788,-302611.44855089684,9350.773077694847,5137.13928390024,22801.50453825108,-124034.20636446992,-3822.93649171562,-1389.4649458705355,38.96389008129847,-31740.447391837584,-14355.696422412773,-12137.490845865472,-19074.540326487935,7439.913981985317,2143.969607678677,5195.027789276283,-2122.3831293036073,9619.56781005631,33272.380875726056,4022.7436583601484,-31192.245554468864,8130.402293572792,-2488.258709318096,-2033.0707857668272,218.10622798913894,-1068.551028567792,2117.0847148503644,-135.25353603668873,1417.8038975234488,-12614.439060927778,-35034.99576348277,-2418.6842538764668,-3579.2254913577226,19799.735243898693,-22987.45483007461,-24758.82722339902,-39723.82833555314,6071.770608951678,-8555.288861752113,51781.16543008259,-4360.292983077474,-6172.4287146332135,-19667.840092459996,-6288.54361070236,-19684.663298804175,-3127.6986724746,18706.17091198239,-7559.472499281678,-14641.072192854546,3740.8563742948154,8945.175648736036,1083.021493303101,3284.3773312993017
2022-02-12,37048.89048565736,-669.1374075745409,20063.67484801683,-677236.9589348257,-233984.2170212685,18016.173846722355,-8455.40888833215,-201500.57133337558,5662.637808778418,16417.141856355767,21622.268125452138,-114233.23913723705,-2045.6354956259038,1616.6422885688735,226.32393474531023,-35018.659856882514,-26250.93809886616,-15243.233388715138,-22323.929430247823,4491.514483310731,2289.7525449163522,5198.674005000554,-2210.782902671285,8242.838766389526,29379.880798707298,18654.75212633122,-27501.29753033845,7278.058898518995,-1994.9445876346172,-2101.177807042316,224.99778645139872,1269.9207211569483,2223.1196269597394,-68.97650509186451,1360.451744131548,-18845.74423833627,-13349.577323142199,-3415.7453117152354,-4337.1621293677945,31358.730364625924,-19930.098640235527,-21679.800226924366,-45807.72317055577,5802.957038146797,-7314.123855124397,59125.27090408777,-5471.205728147293,-7967.979712966932,-23543.813213947164,4638.268295797751,-4616.526440328402,5986.042446886127,16474.021925274566,79606.16997502619,-21500.056104012736,3733.485643504823,9347.493391724713,1914.3802350303567,7659.479654685821
2022-02-13,23712.346634226487,300.9035442376638,15473.862699739158,-557393.9079403661,-283821.3488698634,24676.406126837082,-12184.04116879712,-214324.9349722882,10443.320521698412,7504.752336669665,19756.76991537963,-108403.20824417913,-6068.526694509796,2045.7718069789626,-956.821818566686,-32688.873045677854,-22431.47912990628,-15744.362069757626,-22613.98301690891,2971.1756109100743,-1032.3286170986303,4276.765968827296,-147.44310563038675,14421.619126817644,41790.3265520368,11984.188282300556,-2415.1619334370434,11364.737558270604,-995.3269776896477,-1659.3361027224485,200.84981341628904,791.1465970114405,2218.7238568802436,-135.25353603668873,1427.2576328750113,-8685.044717959943,24739.032184032687,-2359.6326311338507,-3813.730434953853,39156.60103264866,-18341.6483345138,19669.863620470416,-49972.35926796981,10951.029184734522,-5605.208030136855,57883.65230574491,-3196.898947190798,-12449.75065717319,-22397.176563124536,-7539.201818226973,-10065.61602353287,-20407.11353465508,11112.695057093719,7563.01067104652,-20571.801475916618,962.9805870974199,6414.843013428952,1155.5577529128173,11165.8986576464
2022-02-14,15749.155887249413,728.9552331839519,14062.681267096114,-533238.7713386039,-196642.83359207975,-18110.698420980876,-3646.1015439589605,-220542.54749820358,9423.390101698444,7527.649089168772,21678.068552725497,-67531.86502740331,-15935.16442417201,2085.287205303214,-1288.6602887839342,-28288.48625798917,-17440.376422417125,-13656.987296807441,-21036.635069847136,4660.6204625344435,1839.4631380919968,6101.1215319300045,-83.28314249878639,16290.591754789039,14908.221492824961,11487.719584592392,31839.130567908425,12827.140616220462,471.36944863884855,-2103.604314958634,224.99778645139872,-385.5006805363884,2155.180784186302,-135.25353603668873,1417.0027425078408,-11140.164110493617,27380.420834262823,-2466.8673496447054,-3583.742260475282,42571.86248715386,-24000.87223018495,24222.090491519153,-79080.02739647201,10154.895911194635,-9530.975490952209,61584.85802029878,-1074.1092234694042,-8550.018282472716,-20368.79269212745,-5377.7048615120575,-7391.718726122172,-11743.180750848294,14654.238602407364,-38701.492829707495,-28813.919944551628,-1594.1929857896107,9909.927166904237,1024.096383173539,2643.13054433346
2022-02-15,25174.747955256906,-451.6635508512592,16411.59423170938,-518123.1127890285,-140417.4750120802,26530.744626539643,-4577.7972865473075,-224585.43247970898,8160.64420868404,18025.647284448016,21602.52773216831,-70880.84584112489,-12273.617896946975,3138.4751031331316,-28.927872838617645,-30353.302147602313,-13282.323587459663,-16505.478425750345,-25193.248433612327,5383.535995784251,1437.9447870840004,5331.170242823118,1232.8552899393057,12808.004673374568,21507.430074370037,6208.637980675976,20238.392574348552,12586.960534137948,-1015.8879471144201,-1863.5077674327183,830.0409385188187,-364.668986393479,2146.0993973276236,-126.91120799655864,1419.2090949279573,12853.561131771237,28645.485142803984,-2341.462193465766,-4999.01274008433,42267.4554229448,-23082.467576900977,35935.52310479279,-62231.4514101805,7839.158058100528,-9782.941027502777,69995.39646360069,-2753.7336706621645,-9122.38470819396,-19431.635213125992,-3797.1662322333714,-10587.183739393688,-2910.859291928642,-16065.981604406075,2037.9203331934727,-32328.981457473696,1383.0008853279326,10190.696212722512,1022.7813395652938,2396.0752013899055
2022-02-16,37493.57694963626,-67.61370081307368,23045.33532278188,-311497.74578280794,-223192.40527973266,-23838.37245648221,-13215.719168936612,-281744.82516008,7175.454855425856,11189.067355138863,20147.959676194787,-77688.9672392254,-12700.676357576885,-18490.23119226453,2826.0844668804616,-37564.01716938811,-8691.206711131632,-22892.749101569243,-21270.20699793352,5915.4096035543125,5318.776666341602,2716.7583463300866,-383.24130003103835,10913.291718773184,64929.56764039605,12605.69905300865,10373.533392553883,20345.85179055832,-1029.0899420357264,-2963.648116985052,297.7829700471956,-397.90026671991774,2130.028239220482,-68.97650509186451,1407.4408648759004,41130.08598555802,6440.337220212436,-2830.6224288008343,-5188.627282084211,55918.65310032704,-31067.234129504133,115197.76263794278,-63829.73648204422,13549.284688009171,-11187.790578101914,74946.91313935228,-2622.551602211854,-6514.394807066015,-18461.187664758494,15035.425638754623,-889.078350011526,-511.41615009108546,-6128.662617110702,59566.10529573869,-14258.894410819485,6482.558154587972,11413.277524379237,969.3005706087245,2877.5023086190695
2022-02-17,41100.42699005369,-11.72928600841476,13325.811007833345,-322161.63113061263,-317810.738002411,-153500.16093963364,5851.289895987685,-308650.0411278045,18025.980114714872,12650.910525076844,12999.463507160972,-84727.69178783134,-15051.354895951717,-21142.06006458863,-2713.2797761007578,-31984.545942609424,-9086.315277901205,-12302.526504106447,-20300.526240072122,8987.171338028125,-751.312881879143,-813.2323587869275,-1972.2335468316003,15449.350157186243,28331.53440621529,15053.868772634889,4254.523069356235,15424.872178753705,-2875.4064466864215,-1996.7907362436918,233.04389258429057,-399.99648864374586,2157.119791954857,-135.25353603668873,1420.0475862237977,5529.619422579238,-33892.88151982729,-2230.1318480193663,-3644.981872147803,55183.48867148306,-26025.488283578416,76265.40002640054,-55229.19217839541,10036.793587990032,-12072.886074606504,58849.63025583513,-1858.7935930004605,-9100.093373027936,-20440.05445384624,-6476.381532150404,-5936.002996327232,-35600.141246221385,-196.46792850715636,-34705.84487898483,-5767.610089294258,-3800.635036347934,6749.198324303847,954.7420454001597,3669.5272660434885
2022-02-18,-1587.4244376576687,-64.67177077072762,14027.529161367407,-570411.7972292888,-197639.50216150007,-113470.22400867104,6487.932830826627,-227477.85762687132,16900.75468085341,4287.1325696477015,16772.055540957674,-37400.72267873214,-15638.828599209946,-32357.354256459555,-2466.9905393191866,-29209.667668070782,-18678.154356060182,-11474.459524480328,-17976.533818418167,10626.262553101682,-392.1702136514151,3273.1343675992075,-697.1127842761814,16519.63677344074,14768.649502757073,10909.413872624093,-35453.59714185271,19999.008383944543,-2912.927691340064,-1281.6586673641361,226.1523341220308,-1044.6023860561236,2091.13510956956,-135.25353603668873,1417.2560900305189,-16486.449899153326,-37357.84084067201,-1790.0743173372066,-2945.5668861224117,47411.09192666806,-16781.597544323402,29132.68343751982,-52943.12532635931,10386.983408179556,-8265.79408750013,54944.97284817688,-497.0185771357242,-7579.225349830908,-21474.179422781082,-8811.459067723164,-20636.253111133025,-5596.333139440342,20938.837220404886,-7792.1696804680305,-44178.065276271125,-83.91702915912333,11007.56194940352,921.2867127657989,2703.1364170203924
2022-02-19,8698.122978205194,191.76347276882598,16115.050487589546,-616231.5966432819,-125825.57656501856,-138247.9817412707,-567.9113881092558,-218458.96666611452,11006.636658847954,2511.4074858002714,15048.383161922968,14633.726230613842,-5031.054076273848,22703.75752338973,-264.81312827761417,-27981.366815373163,-18156.330142854258,-17126.509471808626,-18675.33183400051,8179.92762790708,-604.3006810210893,10405.695865894184,-1543.0098858909105,8474.64888347697,-11557.402397743115,9217.605812213988,-32725.56998567955,17415.677091233298,-78.96845597653646,-1599.196292904796,233.04389258429057,681.1445251782231,2153.112560601507,-68.97650509186451,1343.5079787660038,-27486.80597135213,-15444.44701409007,-2407.4879439852784,-3011.2467952738207,63286.710926736574,-10961.22988705569,33865.89292986623,-64503.971319727934,15562.645698205517,-6448.546670616547,59276.33142843515,-1292.4152921467899,-8914.996831058232,-26492.077976059343,41.04484749502376,-11233.158405814342,-287.5579168188574,-2060.3271877318284,76272.0088547922,-24207.71711212507,119.09202539247326,8283.578190569511,2499.2938985370856,8223.218375285473
2022-02-20,-2315.5814195975745,1.628685663371023,12801.107411413555,-486136.22790886316,-116644.09822897406,-131986.10866969533,-5106.601244915102,-106867.36319777853,12549.005358704106,4560.80769917967,15111.274523279622,-54.821513425524245,1529.6476945784257,56700.76585596089,2905.3600003942665,-25400.47362392114,-17200.39142944297,-14771.133500292968,-18728.726139716026,9372.875000210344,731.6997947819476,8801.381305421142,-932.5843864027363,13938.900033411088,20010.610696837164,10274.827709934345,-2503.2270955863,20345.748788964185,-2876.06893622975,-1341.8280160320985,259.6873898880215,680.0794617016606,2216.6556332954488,-135.25353603668873,1420.298451149226,-17562.16383074247,26318.569491573857,-1482.8055603625626,-2814.2668622222463,72758.13419619252,-7513.336108138896,26818.37240397711,-58945.23167413891,19667.538139081378,-3941.5620357130933,57144.05773512242,-123.23742882120557,-6634.006684577007,-9607.970749394475,-4341.719635839919,10215.31278915876,21239.979601836752,2648.873972437463,5181.456397733198,-37440.575763182365,-2031.43708958138,11722.366000538274,1688.3631529188767,9691.475605823405
2022-02-21,26172.162115738953,-186.8072917287608,12454.048374323143,-205615.05576142523,-165305.9501282866,-126136.7261480187,2276.7332835779002,-140420.38068879308,12295.195325423723,6352.193222395017,16955.309104757773,-2084.448726975568,-106.19572971891739,43686.7165507293,1632.70502923337,-33149.088269379834,-9882.10525070646,-15829.346545173312,-18597.14419036683,13352.8484474141,1296.0104314674013,4613.220187142262,408.88326484918025,16025.435418308434,3840.927962967995,6542.373547071466,34694.75220242909,21805.04512568651,-3166.896958953903,2159.4101292365167,208.89591954918086,-366.75541122065016,2216.6556332954488,-135.25353603668873,1419.5905326951347,-11910.018730817312,27017.873058712146,-1798.9272826773072,-3154.0544386789943,79494.79816212965,-14231.392934283474,4852.197011317247,-75660.78025173626,21349.047565566685,-5226.752356166597,55934.16173855399,-1364.0911061994916,-7295.904021993817,-10378.57949094048,-9697.135147311277,-15027.061142061677,-1691.4627983825985,852.8965420452569,-21259.205425744254,-25015.58417702241,-2397.4403217630875,10105.154165422638,1712.7082525173983,3478.9713668444783
2022-02-22,7373.672873851932,1526.3900102799507,13634.596193064872,-181643.38026770693,-80376.23658075972,-132173.19335657344,-479.0037090960259,-71287.83131442766,6458.570765705708,1691.2026986152252,32267.282982492434,2538.10689565113,779.2030313902465,58987.00267522221,4885.5097191182795,-33325.58860990518,-8530.527079272462,-18670.904762703547,-18901.65556576513,9456.283442607186,-1872.3828624209286,934.186840810501,248.55669737874302,9928.869878353878,-9020.101430780522,10861.062908508982,26837.62392008339,31963.353811141274,-1032.6357251959607,172.01527997916918,254.11155846250557,-352.5316241277099,2153.112560601507,-135.25353603668873,1409.3700777916297,16299.149515951649,25164.949733336776,-2095.1041018367555,-2954.7789840250525,85985.63635789146,-9436.15067610873,26221.494186532927,-74008.64937772369,20606.920873883766,-5571.96618749701,60308.427024018165,-726.538883085709,-5411.000248924378,-21042.884554355674,-8290.467957454686,-22074.95950387811,5507.292814605968,-11925.912910198243,-14196.938066674715,-41152.099858910646,2665.5200007656704,9639.37319377113,1579.270752522847,4114.057749132098
2022-02-23,5642.171202222657,-35.49209706166411,13051.364401596009,-75149.2670486799,-103251.17921854262,-144064.8743410568,-12370.65296879334,-51523.02008229016,-5127.791544039934,7458.695500200254,23518.74113646382,1642.996578608907,-3761.914086995812,16923.090244705054,-1325.9711849849302,-40661.594556656004,-11540.454347380271,-18427.54670623456,-16872.861407302258,8588.133842243507,-1437.4595589393589,-1326.2983566832756,-748.4337851381742,16880.42876974408,-2248.763404722128,-4316.121197897886,11942.408762296995,31929.07501000947,710.6061690847464,-898.3184184536983,474.55772816297787,-364.84519033559565,2216.6556332954488,-135.25353603668873,1411.5208917842833,38803.59732863255,5819.535616124792,-1936.2082093472773,-5872.527317066881,80428.15687324823,-28785.454862966195,30431.5851381241,-79937.09800367057,23070.39217877793,-13447.11154641179,68456.7502700181,-1303.7730931540161,-7794.156233520576,-12694.004492157655,-11057.513121737426,-339.10812377464435,2783.634320535771,5502.807758905548,-31361.451157888892,-19645.917821014365,-7335.711805833173,9538.3172239942,1649.1509450805775,3308.9182674788367
2022-02-24,-1645.9769342655009,1692.7173637777037,14522.257463237613,-142073.36698032788,-187691.25437878305,-128581.46923046665,-6704.165776854869,-80013.3391084,11528.830718683625,5099.059381296621,18797.24181383881,123.1331601981401,-2506.157548734478,16379.126736514801,-682.8930869373334,-35897.30530936731,-11362.21914702879,-24464.47903532118,-18681.81420519496,13565.644087328663,-1842.6127805363249,-2056.8459080161992,-2040.386321812375,13698.37545356292,-11956.039139120086,-12096.611810008533,5627.392744994882,24215.018715345635,-2830.3305431673616,-81.19057690881834,252.79583142576178,-359.96309287653395,2076.182628960882,-126.91120799655864,1399.2626617189119,12252.345538690035,-34502.27134988955,-1677.4958495396477,-2531.189428788108,96134.4685472803,-20359.729644307772,36339.688259070914,-158515.92382233692,25006.553716433926,-9536.831800699732,59250.35332203984,-147.14195607712313,-12281.305778793045,-10755.440266466414,-508.0075954111221,-49340.49594943147,13290.126513482439,-45676.16403456456,-14173.824240008893,-38861.335714170615,687.1683819736768,14358.052867358898,1670.7099334451013,3818.5547430332713
2022-02-25,2114.02921984864,1568.364796530344,16309.349480226874,-331189.74799745204,-151295.60064984573,-149862.8609372693,-5619.6783610407665,-65599.47689308031,15563.937542027148,5749.972677960059,14509.292246821724,9350.110019564398,-1047.298135721503,5412.594775898113,-4307.776070323409,-38421.72057472759,-9689.338047807982,-23339.127623184526,-16204.468931454667,9140.963613791046,-3660.572244672893,-2785.22906893465,-2068.779864635547,12571.83740331003,-14681.423065880494,-12652.05432092916,-44281.47003232349,60356.27599292337,4187.16196265091,-3156.87275121086,249.425083338395,-1032.6750864850387,2144.662911246611,-115.25694235658023,1433.041265080849,-22180.556385911954,-30897.50406812736,-1589.0834824465294,-2588.2114796232277,94614.80454039433,-1661.3245895823648,101172.47980256086,128916.03118260497,16864.49289570801,-3071.6709359855718,133289.05283516002,7215.39106907561,-10123.440932650066,-2726.3667419732756,-12898.10678809951,-54460.60910411588,-1455.6395740140124,-28180.158174877546,-49362.46244989682,-51847.8360839223,-720.9093797496735,11493.863954835815,1626.5538177334652,5500.394750183566
2022-02-26,54377.85082679339,-504.18227313141387,28733.620337949404,-197394.88754173124,-102472.89595031778,-46022.02232432066,-12370.919741545851,-16279.92430629289,35001.69794175377,24462.89855076284,27011.345001622314,82056.6232018041,8484.057047366025,93644.97681680725,1291.2671249584944,17478.851170390357,-13946.952299211176,45333.4622591737,-14434.629314618496,13106.74003240557,6249.390783864592,-1026.698968705318,-1439.5914997465852,10066.524480784436,12804.27983681476,30725.230534889684,-33746.30094911656,90320.59366135421,6596.95932698576,-997.608240502635,242.53352487613523,716.4381237332186,2241.3302696450487,-48.97991141175601,1363.7568437558325,-22942.676307108024,-9845.926846358703,-1616.0118111122279,-2805.2109062511763,109053.12763299631,10572.61310292857,150226.4915549904,267707.7490292014,31704.823436826595,1608.180035905797,194356.2684523153,19582.91100887404,-6097.694476504823,24826.10889436002,25494.46442909324,27363.82423868407,19579.001829160065,141308.88055332843,149265.986743964,13657.850291310353,14194.93496346935,19891.79144900165,2608.097866047117,8201.290360291157
2022-02-27,-15628.719940352976,133.96007114643825,23527.57782156681,773578.4427777212,-150732.64500312868,-138024.43417135216,2279.803052387693,-167012.8350245041,1824.2267014115168,-8355.69177590235,10098.74685822555,98115.09695916763,8392.26898919618,-1079.6281954082685,1922.4328081435742,-8598.842222575731,-21712.8605776637,4119.55462348095,-29976.079989004036,5090.084132547544,335.1183581443771,3462.9529094261597,-722.7380356571412,21744.319763361655,-79760.0789687338,-10117.570455513913,-22094.82314120423,97425.99359025815,5665.50107605753,238.23595902153352,428.8013647268893,1127.8843603715602,1874.5907986553068,73.1946282492444,1472.484068386028,-18176.725274209934,29961.378501323175,-2163.604439691688,-3312.964125267239,78406.5870002974,1568.1530398011387,93878.90292656966,215609.5643247278,19888.228368197088,1038.2075154707095,163965.18084375962,8469.505928581642,-11738.918528374634,-12153.550576297781,-3369.277081790062,-17254.002301481414,28150.93941215268,22976.360526946093,40127.15575815343,60691.91043817854,8217.085765191863,21429.353641357324,2563.204769060263,9459.906999610765
2022-02-28,47991.90226241172,3480.035702520857,25106.730744917873,737855.2338078739,-155768.60195368063,-140905.2257557831,20458.66895914229,-252986.12635033054,1048.9388072376155,735.46825248804,2133.864379754159,95301.5981231431,16819.838543000562,-5947.138576280893,2723.501241033312,-10129.83958284993,-22894.735918219812,-2679.4968240708995,-33211.25780289418,2676.5124293064264,5654.227125688934,1252.3523064901788,-3017.8391584974624,23823.287984411996,-42380.44524739304,-689.4669400063626,49874.85491743698,235472.93974668984,-618.3473052700492,3676.704471843892,892.9419882077142,-522.0785854890013,-70059.46301974554,-192.50026591599067,1421.6626750370192,-13575.46260197696,34930.638355574025,-1449.3021788863566,-5181.591400333162,50080.921489936874,-4474.903002622888,53705.85591689868,247224.906451917,9107.703260142502,2963.2284304903374,87510.5294251586,7660.275640588569,-10197.905530509517,-37940.492657777606,-9297.839477711983,-15369.18273387248,82198.58044948732,-9765.03459617576,-8686.75088214827,183977.15514380758,6827.528022488332,19528.27076283731,1864.5519709439227,3891.568811957409
2022-03-01,-19724.351325972828,2764.3754496487563,20684.233351351973,742501.4692062566,-62972.72845952947,-100493.46108566577,2299.2986916461923,-400140.37431630644,14060.561009534384,-3015.4447383297356,-7111.201583157401,71495.72525130936,26547.62430041212,-9996.23698191617,-599.5055946328878,-10337.357474719234,-21412.36271575701,-3740.814082918623,-24985.260153556672,7842.393796768358,10254.560490781852,8839.988894760307,1065.7349297671024,24604.175919287816,-228047.08839471196,-20362.938494396512,33141.72842703829,-204339.3920115178,9725.569356864798,-842.2304266222562,288.80771657588605,-532.7833108260775,2216.2352807338543,6816.4210138823955,1240.3168341018145,10757.796312854807,27213.500352262243,10239.052368226176,429.4969019053042,59297.23291761512,-8013.183641921267,86286.51588335342,191316.30740418186,14429.036195931378,2530.0308938154835,91752.27417061926,8453.207513075497,-1574.8381757227285,-48084.39591977598,-5261.559770613635,4864.5225791633,-79285.16854043929,-7642.0073132880625,-34365.11899230868,195184.19940983306,-1192.242271549466,24026.44398891932,1409.5659439031988,577.0428242884275
2022-03-02,14145.574156627808,3741.6617608527904,25515.799168166,302092.0700300306,-94389.0768937896,-52038.875560078166,46262.04855869642,-324128.0233633276,22414.051179675767,-2585.1944369906014,7825.212630926408,76744.71194102959,22797.304016140773,-5063.72730345282,347.093081335584,2270.76723388338,-8133.527528455226,167.13603272565206,-14931.199990291298,22904.177580318526,10650.658939093053,4664.6960533342135,-204.04686945653611,14470.111986741082,-248871.56531703402,-5791.1707102473465,28856.66679547723,-224717.78544006016,10400.362309603111,2790.4980269500543,1188.1078057844097,-533.5004624679232,2102.4389969369986,-134.56556301129655,1266.3422703245642,99236.45110077993,18906.373920240672,26183.150496049144,1744.3119847537428,77369.47412088732,-1613.4364301358255,17547.81103158393,63091.89166710986,22481.03196217006,3181.6638559092567,66136.65507782034,6076.371401039738,9308.062093359167,-53930.461074033185,16664.121904508465,84243.53322991746,42322.91461697824,32678.04195220497,87294.28937006135,125036.97691381713,16278.963595981868,25452.39624820911,1845.8392300106582,919.9271522442563
2022-03-03,-19798.6609769942,304.81067474346753,17345.848902630998,238893.14932153947,-221302.15289443082,-161138.85751465184,-49828.26577219283,-431277.75067884894,-84386.68665077674,-2819.3200579347085,-657.2535245792884,52733.21297416885,13051.617584514139,-531.3678352880324,-1314.5071429501372,-14347.954268309326,-22322.17049493797,-9545.701892387826,-18100.05230541407,19046.321623462452,-1761.429694899675,3289.071011948764,-1371.276628187579,20618.532823340523,-473661.6726584099,-39395.2730498496,17065.806970561473,-333434.58535013575,8780.909144582803,1245.4063017144897,225.03144306824535,-819.8109183002604,2017.7710577197754,-200.84259395612077,1061.2905589033944,14584.1491783475,-44778.62814273544,913.0779209733064,-514.7106607098963,56569.77705808978,-15264.399380267805,-70297.13675205596,18470.80652330815,12109.548314648075,-2209.351984736859,-2651.90974985542,2853.2817212261825,1736.8928276434794,-51549.75580819211,-14750.745042485552,-33084.443344826526,-23514.46038012025,-289917.0322414955,-59783.467203069595,25601.039443991125,880.8543566970545,-5200.3489461733225,1226.9705317709736,1733.216598884299
2022-03-04,13816.828830704893,-2421.046174319453,22254.54282050278,-774265.9609831093,-60219.045442742914,-69228.1801087471,22046.919198699223,-342813.8352287144,-56197.24821912951,-5683.920148871872,1101.381006089935,-96994.62274306761,13149.00288665027,-1274.9090465526529,-1274.090180834893,-17419.725621228077,803.6248319570709,-5762.74128132594,-9076.502115536803,21116.269432231216,-4609.655945679349,1287.8515429196077,-3535.606198780377,7775.347660794361,-271823.1575984005,-16681.895878557094,-42647.473803482295,-208294.03901294497,1579.7690011121408,-560.2711951781987,322.3427723418768,-1087.256589161887,1900.2622626643554,-140.50478557145436,1288.290904678635,-30772.308565327865,-29535.40739992222,17723.498755189834,4057.650754518557,57106.664277494485,1972.9622233132013,-89848.83309373916,-60930.15643621127,20637.369659622243,3939.2358121939055,1028.1448546100657,11904.40212841124,-1833.3668233612955,-13423.782819851227,-14443.611615645328,183077.30888759173,1375.6641554238743,21106.72296939246,-17865.17693291806,-2547.415611491513,13926.351938904096,17714.660159005296,1094.7738852505136,1715.0643380492472
2022-03-05,17274.87645131508,413.2889683381634,25183.49552306394,-801611.1076250947,193662.51132330947,-45847.09297402207,7104.278400985214,-302507.93690590735,25103.116234188827,2534.273560009593,9272.097664897909,-103831.11679093822,17258.426205733587,-7142.476709299788,1623.1713521421207,-13211.463578077117,-3382.895350484447,1817.444268234115,-7219.130879290777,5702.377008277997,-7453.325020680071,-4157.879815720864,200.1766215823317,5036.243143963848,-149031.64973455807,-27577.564585568725,-37717.590325784695,-169170.05788422824,1145.831908106988,-675.8816033727393,315.451213879617,767.9217291873175,2292.980602143098,-132.16245753132426,1290.0854825264435,-32808.11204747376,-7430.720407684561,18760.67365611784,605.635977011855,65091.0372096573,13843.05426180087,-135398.42165429532,-66550.87164424709,18226.12457075657,6290.780906442217,16969.899555988522,11965.725578330832,777.6523772032249,-5616.347619987888,5433.247517600397,10172.59440013385,10935.81019651605,-46968.39338680291,-53469.64552588403,13720.43590972654,18663.24809899393,14647.749793909281,-55500.99787327026,2868.5630754505582
2022-03-06,14968.826783867808,-5797.076941744065,15479.706792148609,-642695.9284112616,105671.2196195747,-16942.724459050638,-4244.622391935982,-198873.3221132243,-7682.252988772337,-6432.880562892936,-484.32611117444003,-93234.48689381113,19943.80716239012,-7793.49624954004,-737.9590969124572,-22098.97038272228,-14511.31832283135,-6308.391022639489,-14944.73213224122,26320.984428518655,-262.51625850103744,4191.205726900171,954.1472636004253,7082.221170868466,-18342.216940126516,-17715.109893759527,-24182.09254355989,-107131.24218983146,3719.6709786947877,-419.618593500461,290.39436040891525,766.856665710755,2311.1712375189577,-155.29946714327141,1338.4593070107244,-29257.079324808048,22763.71691776963,18093.567588963047,72.61920341547079,84727.77389954799,3965.898149590414,-116355.24516145888,-44612.50741358496,27418.642422691883,2010.677519361756,22339.764772348568,5556.615863292192,-5002.281420477975,-1285.204224903915,-9282.776220141835,1550.642517356481,5172.635043913998,-53489.49799941743,-3847.2482418424115,-45120.573446732466,6680.2794286543685,11326.80862183485,-27314.542475117047,5411.2243817983
2022-03-07,22272.276610441513,-1179.0036292553143,17047.323927518668,-503181.0229670807,185136.96904367296,-15110.671036064214,5117.717458610915,-211936.8029125444,5624.921591852138,-23018.44645810186,8226.861933527818,-94614.63161042033,20075.833464679818,-7442.933116464039,-728.7998096193194,-22537.931950592803,-9860.051756507868,-6454.008432979229,-13775.372310953862,10970.409817693951,-1811.5855198149598,1607.3078963315577,1394.4330397751728,9046.638873430593,22342.4536049185,-13173.269915874653,41050.21886604525,-87954.19214908106,7518.382021938096,3793.6478119966728,290.39436040891525,-409.91503882592497,2447.5476229739816,-135.25353603668873,1340.9417161436934,-19542.60351625268,26556.730845706283,28441.97100263134,364.39439233830217,90701.8043907365,8354.599204088205,-119586.94834178039,-43711.651759942906,29254.134838887952,2923.5827524776473,20606.441070153618,8487.748489088217,-4637.775842668397,-8215.750422331988,-11066.130031952436,2292.762721681647,952.8541611527089,10429.436654398774,-9803.875270642544,-36728.0879469148,418.3878960263303,14599.62166588231,459.1072598189553,4454.470049481265
2022-03-08,25498.767242142123,-472.640916034602,18348.461201591534,-280443.8891481795,62488.63071655441,32634.253674087107,4529.47270596572,-263435.22269434284,17991.482263493668,-3191.8558414133036,-3547.048791800192,-92836.3474715201,19645.35883264064,-5087.182992936676,-2171.9362343069374,-24347.08305529711,-3320.3663078669633,-8402.784283648034,-15511.932244339794,14347.595728767668,1387.9963791011953,106.29539761195713,1096.6582145277555,9280.180380952945,6289.826452704881,-8201.852723885433,34644.38780580954,-61103.06326257666,7823.658242032852,4449.743457718575,290.39436040891525,-374.89401215635627,2447.5476229739816,-135.25353603668873,1360.135436703054,23688.70476363079,26717.924611393675,38775.40270798773,147.80069521931068,97145.52248622669,13968.553867796347,-104693.17857993767,-45310.14636879595,29796.53510967744,4232.235340194346,21203.35641504785,7923.808925171847,-1556.8296616433663,-1770.0242370612773,-7196.922859877557,3074.137153310683,8258.022811842537,26778.88830609563,-4954.763030958038,-27965.457408539347,5495.9814595845555,14870.548815248805,622.1547787865542,3089.892220636147
2022-03-09,94081.98038769938,-218.18554775978544,19652.25372156671,-19041.30022708785,128750.04612700222,-35509.02388908752,-7222.320363891881,-116367.67731442687,13232.807154772383,-11082.901396831568,-2586.250962855792,-103877.60683317119,19431.668407548157,-7220.2876560269615,-1615.5792389738044,-31124.764993950244,-10631.051095559467,-9654.528956880862,-19232.857085313583,13556.527305614867,-349.04886548468403,215.33917052100014,-478.9324027706865,15005.276512182427,31693.425348780307,-9638.463428905225,31273.16838941478,-55734.585200565976,10211.56040883299,5701.242261845708,1189.6944496174387,-375.7093665031808,2447.5476229739816,-135.25353603668873,1362.142707441318,75897.41167800465,17474.637531530956,33073.08215432163,1467.8173987224932,116626.90788856588,16758.492042005284,-126106.1879772415,-31537.510193613816,39023.16896020611,6742.6397398715835,18591.448073931126,7728.76326150552,-1469.8634482493308,528.7053352739174,-12088.761463837514,-5826.5475790780765,-10099.654488149292,31162.4905262106,-7208.592651159548,-7644.606737326595,-3696.9796249870824,8408.223165630427,469.906637818166,2116.152437248628
2022-03-10,45298.53323827694,-145.7191991080654,17215.01615524818,116821.85185937432,-243210.3583710289,-105184.6885730334,-15509.427843223353,-119570.93209851279,14580.736129425184,8590.1329585734,2953.9497531671595,-95584.31539985503,13002.990172197515,-2207.054700574394,-102.14253851225453,-21524.99463768353,-11324.534684516826,-9489.096775690361,-17867.096889175053,7338.251074635986,-3737.1520632028955,-1356.0375117183357,-1523.499456596633,22132.73509106946,27973.578591745092,-2099.9208721588925,21353.817304773966,-2253.9354068999046,6694.590494591074,5284.18746790717,268.02247450923414,-546.8134031555667,2231.072332230182,-135.25353603668873,1413.6478610022932,18016.89892711991,-39390.67979828586,31714.62937247722,625.2570276640608,119552.53243978566,14132.280830855138,-92397.23363187838,-30507.26526037328,40597.4559921669,5435.502973016201,16571.36244322047,6435.010283604284,-2559.0267527797323,9162.421011221033,-2456.254462744524,3921.1827990791307,-1358.2630381338788,27731.853188218505,-6560.539439684145,-22597.85187643397,-2834.0692402446048,9042.117953720366,1025.018675017051,1776.6500834526198
2022-03-11,41715.0460497053,2009.9700375885936,21745.390006175734,-78799.93417505134,-193735.24818629224,-47470.207046796844,-6164.519526906016,-106750.79992469578,11019.36723188136,9187.606858273963,6127.383812823007,-86436.02560564355,18749.048214082577,1123.304747060146,-1139.1057937635983,-18961.27756335229,-9447.610513419491,-3055.3346355441518,-13898.841133866237,5989.8409001324135,-7280.899771472781,-876.2562278321103,-1728.0364400734752,19815.78071180834,23005.19478397388,-2515.10139639214,-48747.34920392358,23519.562169578483,5154.391163545832,3006.6059559249884,241.37897720550316,-1068.551028567792,1928.56595804098,-68.97650509186451,1416.97456262888,-26207.97627382037,-27686.280988217353,20136.944055046682,116.40946344639542,124177.77892319392,9302.109977643975,-71343.74175336343,-27039.391150264062,34450.71227577216,3384.3409848890697,13807.874393116694,4883.597947046852,6385.61375592315,10443.105016823733,7893.45096701124,-32241.322959088575,48299.241733959054,22270.811550770064,-52147.85246227599,-56435.672431169114,1164.6572582658448,9507.18476351759,1053.1600931513426,2597.0119470954514
2022-03-12,10026.317023394362,1489.2238104892583,24977.19838997186,-111736.00943665754,-171260.59564150433,110277.84545044768,-17798.839877444836,-102191.44064457504,12519.504264222338,1230.5651858972344,711.3048777523527,-55869.40089616149,20507.07123840604,-6248.257440019861,-231.0510664301512,-26198.634064183465,-12769.752149755854,-1733.061723123722,-13704.814694862911,24725.791839845304,-5767.005014322242,-975.2882917294788,-956.8641118406342,13903.041043735186,13130.92638908772,-3610.2550966384465,-47100.364800091425,23461.65870264377,5074.829390269262,3518.3234405497797,234.48741874324338,1385.6765404754306,2029.0883274453786,-60.634177051734426,1415.93660566041,-34557.3928150713,-7164.369300117464,22878.963200980317,-142.27041923502725,108248.99411959303,9814.055216080524,-4867.14189676026,-36398.47975918981,33196.486775532765,3805.7359491692714,15810.131107004774,7384.809770426093,10880.794351410093,8274.93537388818,19947.05300907483,-8099.955138226005,15052.446455071276,-26386.432893527897,30207.780032444643,-50221.30000133504,9345.466382348426,10536.916957331301,-30245.310479054435,2868.8748673567798
2022-03-13,-113.90259601629577,-1174.1484819422762,20636.630865567735,-63400.142266304334,-166261.6742017035,118025.87629943929,-3339.3480427335685,-98125.55746830569,-5211.102475446286,12559.724519886578,5176.365169175685,51464.39717746574,19066.300834309513,-6744.565664612839,-460.07189888866736,-22355.694237258846,-12421.142675227846,-2324.144795993771,-13784.096995433789,21609.046520227464,-6910.581816462243,-731.8323699488551,-765.2573477997463,15782.629733770937,66411.8279177486,15704.73773981371,-17717.811630817785,24475.777356145685,1945.1537901546194,2987.1714904118076,234.48741874324338,1342.9918557220126,2266.7869742441408,-126.91120799655864,1415.2974565168875,-31876.767733620123,21210.36410521401,19239.613230856423,-885.0122019196244,97661.86337163001,9348.6236527672,-10572.104059521736,-27726.98235130074,35290.96451645483,2449.9548648880373,15423.521911038293,7029.587326012859,8103.822661135029,-14367.80653198234,2922.371437442517,12874.996886434707,-32188.88144510409,-31322.535199483482,-17511.764637128636,-38321.004466496,1873.2008280661848,5609.557978429186,-27612.220735851566,1841.742551546564
2022-03-14,10194.417089868806,-157.18213895216974,13600.136550770518,136130.80702062286,-114016.77615842917,129333.64488038838,7662.717967106664,-38626.38503059554,-2718.284167485538,11557.511038186502,7187.890695278068,40074.498364000014,19053.289498663336,-1739.4138994043997,-801.1965625021426,-16547.13513750554,-13257.810057890772,-2993.7718038826515,-14123.574031543661,5970.757560449775,-7765.909282845219,1770.3843646247046,557.001052010186,14897.66753345363,33310.49685967203,15865.396296807714,43531.947432276356,20224.763728103026,9135.09811329793,4359.726064020964,287.8988361402939,-537.4892043430223,2229.0527129496286,-135.25353603668873,1420.5653145557246,-28327.666487430637,20393.174634227544,27204.945155710706,767.1915213505681,91003.15655091529,14255.710633074086,30638.665663113825,-26018.339620453386,29055.20860809052,3233.091708201032,22327.57315860559,10455.784447871098,2455.454341654256,-22196.76033185608,-5710.290911441595,25622.918681079514,-18427.025697574776,-62822.108558496984,580.9402045405236,-13477.994054542078,-6986.305287091459,3743.111436047168,961.1569008173453,2786.5152640111382
2022-03-15,11579.090369693558,-180.46277726647736,15385.527326352827,295620.83071045834,-49363.37101977528,58829.99477626702,4473.599169999712,-109236.09061627653,432.95154934333107,10503.233262549527,3519.858486206448,84467.8304918193,17533.99020132159,2870.8035588034318,-7360.235988786168,-20777.94050290058,-16071.940831886479,-3859.6931431430785,-15867.883837205518,7611.721622724416,-5836.594529252563,1678.562494328672,154.89900952504513,20251.388316407007,7912.394496479682,-11152.259121847223,30593.4757655484,23195.643485868,7359.3108759489005,5927.200022113338,263.7508631051843,-537.4892043430223,2533.900039966169,-135.25353603668873,1416.326302815583,24570.125794091637,15666.744416691783,32355.371507101416,1124.450303788191,92595.37781742663,13546.073391915674,47855.43220623964,-32058.85336804538,23410.802845471226,4385.899649279283,20628.683745699127,7270.106115953575,1664.2246316526707,-22258.17384303761,-12327.297071579562,-11837.696425818143,-15313.010478835698,9393.076701517391,-19324.35366186811,-42744.3148617803,-3702.471689945275,2733.5528921017676,378.14271520586317,2004.8193495956218
2022-03-16,11028.75273251369,1781.1007663499654,13835.94159567057,310096.3651372669,-10439.02627953337,55634.558658508344,-8672.891832187768,-127788.3487607682,13587.234330747635,11751.155651256102,8329.385325976902,94561.00067901931,14135.315330054906,-5402.8358445708645,-6781.605201969511,-35021.624142106084,-38965.391802237566,-3754.7446256515213,-15026.10075856691,7834.5704225920035,-5123.572657379429,248.89879193055071,-1055.6510278470455,13094.13397373899,-7348.2232010930875,-11208.684663817798,29084.765483977157,21622.8353519202,11314.611506638576,7960.348947221346,1180.307366886558,-530.6968840915574,2476.2283051628524,-135.25353603668873,1414.542123128083,90845.35520814019,12464.90493223582,26764.55353673097,2039.139024252288,90349.36350785012,17775.09813892471,49107.07296346332,-33442.61686206494,27353.66906977354,6537.850109662158,19130.040707891912,9428.289543804538,1691.6395102106037,-18040.624102612375,-16177.137774265702,-16406.067960317072,3575.6330825056466,18829.940667370345,-19743.17883228248,-32108.98571141172,-4835.344220488232,3224.6136301069137,397.17971925513933,1603.8778901133549
2022-03-17,17800.729277645427,1576.6720642357075,12851.822057288387,256503.47382406335,-60410.9405494807,-127694.08470114999,17855.82472225229,-94732.91494230674,23528.803741423508,18882.046402173917,12885.345622590248,89271.35645232117,18058.18840641545,4137.779605445112,5691.81228961366,-17650.47499463546,2340.3006988365846,-5002.608667102621,-12767.135341931273,15141.689572851255,-4256.945096522082,-89.58135630719062,-467.21199347354025,22008.858685989144,11348.905231147834,11136.78722790584,25994.30151944366,26829.275899352753,12590.32674037555,6654.306956179309,281.00727767803414,-525.9909905746126,2247.8029752166244,-135.25353603668873,1407.189940865605,23503.571289042018,-31067.680261056954,35206.20427031526,-61.607632924318295,114073.2412992265,13734.729256579165,81826.45422009271,-20759.381681697385,28894.739965497865,5633.509040761526,19343.471560879632,11925.485863929032,11229.573038559864,-20504.629136940643,-10265.826442353835,-7378.913253578228,2532.473365776584,33826.68463461884,-16108.435579138566,-19047.754603733676,-2864.6642540170074,6471.33998607844,282.2536366344064,896.2631420121751
2022-03-18,29427.17751534447,-199.16087407019074,19258.12067762961,305158.8285836221,-110647.06249888332,-142315.5194109983,28899.005791832125,-102302.30446140311,29840.68170973543,12498.010402821754,-14225.905594177348,86994.55304776056,20649.410303831726,-1699.1513756508496,-5594.599179937557,-21112.829384981684,5843.990090218997,-3198.0649805939056,-12725.975414740551,16099.379044281179,-5562.283790589748,5355.395144321832,-974.8086309219652,25312.862341465316,22281.472951156196,-4890.169689557848,-46743.12600324507,26714.625345233162,6421.931587313108,3152.392875140998,256.8593046429245,-1809.4313284420382,2310.3686501402617,-135.25353603668873,1401.2759521989994,-38040.302219199104,-33498.561595750594,11446.713338626836,510.3392519571714,103618.59528617577,6973.55692108059,102048.6073696304,-38394.76260785677,27310.837300267718,2578.084739059763,8754.963238743052,10281.474499785892,15261.404304706239,-17390.430458788655,-2723.7156785553298,-7362.742550789917,-18278.577230945008,-22793.91846640469,-27628.093842048995,1330.1004863539247,1777.1451785803315,745.7479220483435,650.5371144190128,628.2496639990143
2022-03-19,22604.118471112466,1612.8063615156668,23887.58415117494,187877.4643644374,-53196.58220955433,-145691.17132878362,7068.82663199824,-68161.24952375265,37894.637831019325,12222.632976166364,-9273.924443223772,81007.08235091256,20398.1912922564,499.39784786596715,-5054.573299894091,-11540.902753556551,9080.340422279156,-920.8499394951757,-12092.407617738889,32584.533241660552,-6112.170763473303,8201.427608602517,-766.0594126401616,14123.088574440886,282.7025080546309,1092.0577217054815,-42477.15906234392,16537.871780559624,3753.0496988591717,3130.111773562313,281.00727767803414,1138.8455072999632,2293.4961050727857,-68.97650509186451,1397.7168968050246,-45787.30829768666,-4645.754523792183,8153.277463503745,111.90284698823712,101180.7790509837,11415.619666672745,47889.17855516243,-49519.2499679017,22832.45620260166,4435.284517428327,-4456.43470742292,10125.278467740654,3291.17582594211,-28843.678000561078,3082.2133208996484,-31692.76477195903,639.3214799595171,8388.700350812569,108652.36918368482,-33466.79567998114,-3059.9295573923523,11979.951783639213,-21412.275437768578,1905.9747674707705
2022-03-20,3461.698716092602,1418.2128478409036,15270.07704115575,183437.5197202615,-3290.3706335059724,-125131.6682839069,-1507.751699816597,-55157.83323494983,-54676.1755454835,4799.273887575764,-10271.947268944372,95353.10428330694,19538.55144913271,-2259.4145151914545,-4273.678299243193,-14734.101010761251,980.1405928812164,-3706.400663401978,-11312.279813095467,28463.306055672198,-5878.58945035591,4621.307988671797,-13.373707806967957,17913.659167473863,-2841.512533358665,-4934.561523900467,-26190.93724925791,23143.14305929147,1136.579708648184,3424.409492484544,287.8988361402939,1054.311278900147,2318.691539643098,-135.25353603668873,1410.4511855079245,-41400.97624667934,20947.69951541347,12036.874519899276,-421.357650717345,98445.23154465598,9524.501822058275,28325.820131801556,-30568.201287741376,24054.887695899986,4870.823306754344,-8185.055737583434,5165.68808332755,1861.3855063596088,-29986.930110269128,-27057.54815715483,-9614.406473055562,-2563.7810997798733,10533.227744154905,-34709.86431845356,-33745.621790852914,-4753.069054175058,2500.171794487279,-17534.27519606003,2699.949287518286
2022-03-21,-12637.818919318928,824.4865614347054,10592.333976527902,188588.44451273803,114207.43402809801,-95640.24735133698,3402.3832819175354,-70740.3859610355,-67905.08102137432,533.3784725898053,-9273.470897126208,35441.70773909963,5325.767117587322,12155.966588275052,-3461.678716933889,-44934.00561586211,-6362.771766345306,-6460.4839402544185,-11705.944093948465,4878.572946247134,-4182.127632255592,3678.9742035545355,468.2797479335028,14104.83422376358,-15095.387892116534,-14923.325452427187,35213.11994299007,20253.58816185867,2816.348824499551,1817.787164134839,34.02328191656602,-489.7901408515421,2535.8999391358834,-135.25353603668873,1419.9382610224438,-37872.88201101669,20067.370991856747,11328.606857808754,495.7228451799713,87800.88171981674,14084.137258264007,42684.18297998174,-51147.3041302293,13829.604229009019,6065.692314431782,-8512.442557085522,8871.034837398804,-9674.911661160544,-34869.50461267201,-32610.15789578203,-6528.337614398508,10678.868127797168,20862.2031913007,-12411.20250201297,-42768.62998897255,-11518.080701267378,591.3990406218422,101.92880277119549,2236.793211190645
2022-03-22,-30643.671352801077,1447.9013273207997,11254.457617222197,228204.4498129133,103648.33632006554,12694.06911937396,4269.899411180165,-85538.36985544689,25939.519256189615,4134.7287371596185,-11363.229041812741,85466.48704668287,9165.318773595263,51001.8254248406,-2469.5408320668575,37324.20411252385,-6989.505526233639,-7211.842073546802,-14036.611381962728,4264.167685086152,-6025.003974427187,4371.723809630573,89.1566941115822,11162.459731800605,-15444.97999741806,-12605.890213578832,25265.78935113306,29398.971404962682,2742.7321334823423,3369.0761418177535,949.0321966371273,-494.4960343684871,2535.8999391358834,-135.25353603668873,1428.9415649272428,26832.71185653861,17381.23401049152,13538.995543474217,-6439.188891029173,86864.83178888808,11713.94737238684,39812.385615949504,-57911.21163694225,17211.31957506059,5763.00838158706,-9746.041807297108,11441.289472723414,-10618.733231987837,-40353.69170654233,-12526.298139016848,-6813.187074968695,-5242.877011604674,-2107.8032373314427,-3960.849776291122,-42790.596356180904,-9044.983042313705,-701.2583751375648,310.11789162287613,3214.9534156376085
2022-03-23,-29779.57136294986,204.334014270996,12506.183351057258,335173.6936039103,112369.82086786687,68537.46834513673,6162.153802057774,-113362.11730327019,31410.1357977391,7804.589290095314,-15376.719592156032,98504.91884311252,5426.867030955384,54072.91554689106,-2507.476780542869,43838.89532069902,-2509.357115799601,-4532.091828613886,-15183.277022791459,10885.87520049965,-7371.143393798852,3899.698135511269,42.33958555454669,16912.43635441922,1119.476281092872,-9062.792598374112,27169.64496231331,32818.10439293503,4662.204680129433,5351.583249618657,1817.2927543482813,-501.2883546199519,2694.0351749157626,-135.25353603668873,1409.2397384049168,125848.08979187967,10989.159023968674,19498.499132308112,-3524.4884148205656,86407.70754606852,12927.464242402115,23974.421173423543,-78062.43642366561,20771.782297419937,8289.011442819563,-4115.854124960153,8515.203791909958,-9404.99078527554,-29033.545036452007,-14165.596644673837,3386.89654199906,14714.449743701229,20992.289296691197,-6084.158097587671,-23329.16406300909,-7199.056482202926,-4363.176135852578,228.31550344910622,2943.0818249218873
2022-03-24,-33446.5302232731,-1506.1707274781083,13955.14324618326,414454.60616947175,239185.52193238086,-13457.910111118978,-1612.772896637246,-117662.57892172797,-65286.983990094464,34779.401424305164,-16082.234952806948,90966.04302759183,14066.516101629997,28144.546969022165,-3917.3403419522137,38268.4721406117,-5897.156296804984,-4147.956448778029,-13313.811087077887,12550.955667015192,-4887.049960016348,3489.167247330624,1655.2085740052507,25044.832075856233,7046.28100009086,-11430.909457027192,20605.708332696588,36537.810874197705,3002.4188763566717,3460.7795957444514,891.3491678360272,-501.2883546199519,2382.338141896304,-135.25353603668873,1402.7173800780674,19817.753633445165,-26407.025354425095,12380.90871901471,-3953.5463809204375,73603.44581914628,6527.604045881653,25112.254551206952,-83722.06836798182,15217.846413840256,7580.733991237142,-1464.2535826920966,5106.409978043888,-18990.199411653484,-36141.031302812844,-10515.892407599289,10625.704558591782,1260.8292553625797,15504.429481207431,-25932.24065331489,-44654.37162538195,-1988.928755187819,-10285.92376381082,300.37236354377535,3842.6445416873544
2022-03-25,-27333.225967499115,792.3931844241902,14755.634697314294,361102.36302965356,67638.16989751776,-16721.189319477686,7484.167617325265,-92734.65266261161,-68399.77836280467,-4179.016519021294,-17166.647539377765,92404.75752228247,7416.262418070386,33460.815431300754,-3247.0926326966446,21656.13048457124,-14003.601957862638,-6835.185998302509,-13529.624301450596,7871.731292597787,-10420.795842673157,1555.4447116400586,-44.73428800496703,12283.569323364554,-4549.104358384118,-17758.72970943179,-47891.213783702726,44891.61360055041,1285.5588874369191,2756.708200008077,942.1406381748676,-1764.5867286447865,2264.560440219386,-135.25353603668873,1408.7869743297617,-56814.60748809911,-28879.09712823018,10459.606751827621,-7151.087651975584,70225.46008722778,4440.721433795174,29978.23221460496,-84975.96280992415,13863.638559332492,5299.547435376411,-4686.568092858626,3826.431035174799,-20505.21316859644,-36273.59555188681,-27042.149564655756,-41767.08032877264,10153.458162510782,22317.06529777922,-50180.383740170415,-33095.722514117486,-3413.4000643299973,-9261.086462087489,302.78659969625113,4618.761710717405
2022-03-26,-13032.90875973575,1889.1698465977627,19043.1135542152,224066.6671120489,72562.94552812251,13818.09021010672,1558.258948058965,-45716.256462499485,22940.526088622242,10456.241827449296,-11693.460298617043,94163.85239129112,11829.16448560661,36902.791322279474,-2097.652166902052,54518.48183569125,-11663.315166379676,-4285.341724508653,-12908.602677395646,23374.969508420116,-2991.008273734103,1568.815190111564,-1002.5138576098215,9927.328069488738,5175.159227315451,-14709.766437120476,-46056.859104227384,52829.018245711384,2096.432612459898,2318.273576034633,942.1406381748676,1060.7809223390072,2158.459831926194,-60.634177051734426,1400.1648593510333,-65118.002080922706,-10915.361451087216,9561.358783376469,-6613.9651209584445,78705.02398098377,11467.11320236291,50878.04938667854,-89221.5399333766,16478.649047367126,6981.8234330950245,-10996.178506954406,7402.953825254897,-25367.25647113742,-37540.44973027172,-15820.736431374391,-44032.458517052626,5210.9797839616,-32164.28946291278,-22096.7027343538,-42305.36144105233,-5339.048379325515,245.017533428359,-15572.097009518824,6810.58910220035
2022-03-27,-8499.391894108327,-730.2548261601183,13372.82543982796,255136.71951080908,11915.782721596235,39492.63077592992,3858.482709407499,170544.50410619064,-5277.892504451762,7996.564937647309,-12701.234860605748,58080.507842728155,21313.36486379878,60368.647832564835,71.43949334654121,66582.74527235246,-12222.700602730012,-683.9173398948042,-14318.164992551912,22647.18934764402,-6785.304150460954,1543.844009838185,-91.04225025584093,11916.60545141203,23392.96111772607,-18949.165773040208,-25370.0768355861,121514.41717110632,1976.2289673196565,1651.6258260726895,34.02328191656602,1059.7158588624447,2392.7014926926786,-135.25353603668873,1413.2086378716149,-54832.145955303626,21244.188131554096,11859.50970152893,-7103.699130072592,58154.24909881748,11622.053038351232,46230.08510223184,-92544.71106178427,13900.351588671669,6212.238885362101,-12782.765819053053,9711.053692234324,-30844.33148214526,-39050.7325751632,-25089.929287439598,22376.227899477424,17801.408122353852,49898.3962932539,5310.804324147039,-43383.33418156832,-5377.110302917609,733.6363370652298,-17638.792175609906,5899.44815473054
2022-03-28,-46863.40530637847,-1897.7416654262597,18269.538103866274,459387.9700584307,-71681.89629476114,40046.77509939002,-35984.65451436159,274871.8221283783,-82001.03667934994,12909.779043957617,-15184.583763678695,26057.28683173861,-5401.747143407654,18841.00258409827,-4593.27465669135,49386.03173108032,-7894.9059563223855,-4439.569883245655,-30064.95964618875,-1052.1133195082084,-9555.757490590413,-2425.318481200622,-1459.9556129648304,10429.572229567571,-771.0515290950809,-20607.523157544558,24275.55882448137,241461.7038285433,178.92537955810582,1316.1397346021613,1008.8752680216326,-494.7310312802913,2323.1116410622008,-115.25694235658023,1244.4604035233185,-48806.806644270146,12432.28401538734,-9821.830087608203,-9017.816134108018,-72113.24590861255,3600.3409231688725,109417.07002905,21884.173140378723,-27363.4279380632,4582.6915240291255,-12026.196751722196,16500.243722761836,-41655.19705883605,-66129.3954571628,-38193.332886934644,9669.685117013563,-20710.304881759825,-119226.99484751308,29153.101907116525,-16503.176933664283,-7528.8844534148375,-11942.84372633134,171.9290388107156,5835.530479681951
2022-03-29,-52495.63155050292,-1318.1337400641146,19163.591903836113,472681.9117355242,90293.7235231936,39197.09486306886,-45508.4311549181,468729.6354665947,-47622.34782861935,-5682.453566005602,-12230.212453464732,18985.41997728189,-8484.660875553016,4554.843163700889,-3743.399114179069,34309.15236806328,-11654.250252898573,-5719.160555953383,-45336.661062297935,-2835.5477404377325,-8339.906101447366,-2174.7088798993673,-874.4854301255217,7973.333096973722,-32235.801241411154,-16876.88802297129,24061.424738515656,301360.79048964893,1449.881829264345,2407.139200612536,900.7255235301748,-487.93871102882645,4726.376288050358,-48.97991141175601,1316.0062364738233,35064.4419889097,17623.47271867546,3934.649259345728,-10700.538750614882,-78947.43312010783,4203.15884150298,73897.5325991276,-4687.1076766566,-34550.17381837721,4825.8505616532675,-20736.21579879494,15945.280367139902,-40339.47010507928,-70329.00146670721,-33947.371236011415,-87273.62367389686,-9297.886583790225,-93881.25241791732,-57237.45823231117,-27228.084921416026,-13987.36805088149,-3480.9275715720105,118.29159559236683,5431.451226720299
2022-03-30,-1121.8053300208212,-1097.7662650895281,19426.63123784052,784933.6853533408,341988.2041265211,88140.77847501794,-29103.230330319806,792809.5911661135,9511.867134860522,18288.917684466727,-9661.157812517284,33610.92093421626,7368.362206932669,22874.20748076492,-1768.724818044431,152629.87833271618,-7214.150798797087,26291.955444304305,-16977.585281636173,-1232.9057531531926,-1232.0667833873104,35.06611922995944,3239.479954933778,19240.187937449347,-15439.880099267568,6633.546560853498,31162.05438907489,638537.0564101351,3944.798822867408,6031.250854063804,1800.0256127386979,-487.93871102882645,5463.513362233054,-54.022769603129454,2081.5034907580457,160770.94985406878,17961.704482986595,30845.479261777135,174.38388705369198,697503.9473374295,10505.06847646039,189840.33884646514,611402.1950164549,175734.5062879999,6498.138077291125,6584.851218353577,206544.3088049591,92037.01467851103,6171.066074445863,-23041.51874182945,25909.53241956845,97154.95102691816,15750.790408622113,6757.179031252352,-5600.529082060375,-10674.347044007332,-3867.348995035566,310.317015207214,6087.559246665582
2022-03-31,-89887.391991263,1711.805856217893,23211.68798714994,2192761.071312459,25125.336224518614,-5286.836310665007,-49868.89118231991,511503.60794816306,-30465.317792264577,-55042.17383534543,-76413.41541281024,47162.21743782894,-58046.98921561397,-17925.016818740296,-14101.019826016098,58485.06209922084,-27205.491743760882,1465.4305375657523,-3286.618811226599,2999.233437750545,2180.717956696861,-17211.712459437724,-9646.709875969265,25349.888835873204,-73999.59163178815,-36152.70984386061,19688.83337232753,326712.4678149533,-6070.551772162127,2728.8291104040845,922.9474042605325,-522.1749592857916,-76039.43195946314,31.18421260741723,-180221.0234664678,18928.112382930212,-19257.769548918608,21704.828248465594,-10416.923754443427,567638.3201368804,10039.965043660175,74706.31270780656,336848.51578832313,138143.14182073588,6637.220886662256,-6644.351661262942,82732.85081981082,117456.82405010256,-8296.770499817632,-23712.198044335255,-8524.912795895938,-139785.27261731203,-9498.837023439031,37905.27240240993,97515.39005197976,-10146.105085575637,443.1848321955067,398.3923407832384,4084.7935314602873
2022-04-01,-74505.15867652895,4118.207718945697,23739.423576802074,1600401.9614618942,-101116.03208714281,6114.052886795573,-29600.877928580205,579286.6422263182,-37290.44226863264,-35533.43491284939,-79921.6618575801,21196.98833622047,-21264.870357453867,-8576.012537711624,-12726.307743972571,76598.62130709641,-26136.30555284238,11911.86058141438,15988.69700145039,4242.90838478129,-4568.590923086425,2792.309545470217,-10013.819219799085,28083.939555699915,-87002.5805305681,-39101.18524074219,-40154.36468495923,-115955.66396132717,4512.645682920749,1942.1787509952196,26.446713928653097,-1767.443126398029,1772.3238200890294,984.7953450447038,1929.075247277357,-53093.03029847155,-25121.767403652506,-2852.7539637961595,7890.796002003906,612134.6350389246,2689.3141396196143,65561.98447538892,463950.39476134744,160234.4604237749,3558.7829397294413,-12924.901130593786,32429.16564448866,88509.43060760527,-10006.72316559694,-20869.879281513677,40738.6386433413,-93140.74322317578,-3629.9140884786366,-46118.46986656072,224950.34316602093,-8388.25750288915,7598.891190011329,392.6386870185754,-1317.5252011525613
2022-04-02,-71761.75649006062,6096.992678065191,27590.28530324492,1603341.892648759,-16420.07769111274,15975.784586224026,22249.00006306319,530453.0415558943,-43119.53110081351,-21024.744868022433,-64881.26150129195,18797.31408874585,-23888.5664965298,-11933.063956438327,-7842.5477419582585,58786.46117260493,-46087.91080198363,33702.2329282524,11876.197015981372,6524.572600463931,1472.6818291277182,12482.138613691386,-11275.877862206267,19841.673438146317,-127467.41334962932,-24268.46409073015,-35691.49641698641,-175254.61938853172,4939.876932408539,1996.0995873862503,103.93134186349069,1071.965100942993,1738.6471526726073,428.87643710054147,1909.912580267464,-51644.19630352572,362.98186472457064,-3876.5262093301426,9154.592157571522,655095.5586212053,6721.377543375229,53789.89153781645,149165.35804061228,170229.14337797218,5515.369442848949,-16966.510826356156,52710.15918481428,95824.60353933524,-1886.595376357831,-15113.64177504758,-31122.943527544106,-33046.94610477802,13403.429856864206,-42271.557515422115,157864.98454038042,-3136.7309471959197,7774.029358116848,276.12504814592603,203.06262582718955
2022-04-03,-73661.37146293378,3204.267676242504,21090.487821113486,1481010.1964811417,61954.895167422976,5425.633647002862,32936.515619286896,264572.880574454,-64861.95370549579,-39542.70523508123,-61145.23396994623,-79258.04763259331,-36466.086673201804,-12813.726050522535,-18835.64388006427,63259.07397435929,-34735.02039035629,27218.047222200446,-1772.289756509369,-3893.689349137856,-3356.1457115425856,18030.018877753013,-8243.109339415898,21642.83370327041,-327216.06851638516,-53220.06351901365,-31990.995151536856,-215016.32377932046,5619.521848425104,1558.5093925981657,103.93134186349069,1060.812425314331,1818.240252988531,-1.6857654293892566,1854.6928653224302,-64084.29405325072,13080.891659653595,-3002.4510205183833,9335.821570440634,645030.9941689051,11408.301678194302,3153.778125129793,122174.96224943508,171282.39128859207,5523.315690977129,-11963.03887139774,95837.86678677774,96133.8086858392,-3153.5585681851794,-30715.082388678602,-44181.48546584553,-122010.05604982733,-38264.62290604593,-46972.27363138223,75541.44830875249,-6285.50866407346,-358.9847850516828,364.4317128097589,46.84075218982912
2022-04-04,-91905.24689585698,2769.3370632854276,16283.58603642561,491701.0163455817,29186.144303338562,29397.984804666634,29974.605817797405,5896.344821201201,-103086.28205353963,-6871.888351458292,-70496.98841607885,-84816.23418446523,-40979.787914838416,-12789.652693653821,-11276.71239484071,16433.791154883824,-42005.26180176016,21676.513872627733,-17122.590340179275,-20287.665865480885,-10526.901321990219,18659.9424648023,-7938.311784174404,5842.526070252306,-396295.4275596081,-40412.92849762125,32816.72396488096,-450483.73271181993,4718.889470127526,-1551.1486991881086,703.6378141621493,-500.92198370577444,1981.7623055692516,-75.24158962095217,1225.6037020766285,-41647.53529732002,19356.53833145355,-2476.79530903098,-2537.8464744545413,144196.68616379387,12275.688353880101,-358709.59105432616,-242001.63692744338,22878.221359743962,6626.359435032372,-21936.117582659284,38426.043066734535,29173.300636272208,-6642.781749646431,-29665.56578884764,-21389.57358272124,-42008.94566569421,-95329.77955399272,2589.516698407977,-63897.73187504211,-4057.7500510443656,-7071.5894735612865,466.31959604098176,1011.1084839057264
2022-04-05,-19703.21785816172,3413.0869311789083,18891.242012880255,-626064.501368014,78455.55265799203,45996.93286323697,20489.312447832075,4488.716607435579,-54453.853627022414,54241.26748121148,-44921.12961156942,-21481.014210711633,-28996.573411331614,-4110.156234145994,-7514.377023549848,-7526.479910533615,-19506.328265422177,30357.39196874987,2023.342690887106,2132.379878211931,-8371.143542551621,41120.772764198904,-3274.893237441068,3288.4312996095487,-109926.25755584828,-20296.857652622835,21128.961331318795,-198859.68964093184,3228.2378649684756,2480.058631235328,177.13023789886557,-378.05371361297057,1932.8206456692744,-181.8463855434852,1221.137106690659,19466.109325280384,19568.138898674195,-2188.8807432868775,4508.443631286018,-25768.417859588262,12003.962399661952,-126078.45748800077,-56120.30455617489,-12384.121072413125,4509.9209152632775,-7693.829960961353,39649.363557238976,-2147.435237009965,-4677.516933691003,-23697.419829606453,222083.52223755955,9844.009623482745,-103249.2416150092,749.9468620794212,65263.522154558006,10125.817620395119,2486.116677147215,42.95052823116089,-236.99834211200573
2022-04-06,-23497.944645425418,-95.85177285854346,15515.841986796722,-301655.7896156217,353071.2600139636,13503.503045489013,2683.3319418561127,-113717.58582614134,-45802.83708392788,39197.11577516259,-62402.597940949156,-39905.94582763496,-29546.978057417255,-12469.533116937819,-5384.687506767084,-24010.332480751877,-36941.05212722069,26203.65271710699,-10561.440779507673,-5290.790074603188,-13123.080115928062,26232.125014571546,-3925.143816118834,1019.4214287870325,-114576.85495537316,-31953.115120993643,23031.35587593622,-198292.90816932154,4909.424958351698,3477.127015988951,1035.0101361731047,-384.8460319570868,2285.8692160288906,-181.8463855434852,1321.8177830986542,66118.39746115015,18876.01253147068,-2147.3128540013877,6050.921164098268,53351.73868062308,17436.703746199462,-199896.4487362667,-61953.49585752963,18401.992023583218,6269.151697104803,-16799.76159532187,11165.69444856401,-17677.8460176535,-372.075323730856,-26516.131389977207,-26784.611997231914,-2183.510901146881,19381.42679891082,-10262.759411414389,17182.588750430717,-7532.570026326296,39.0174803503142,-11.52162436751047,2622.469822727161
2022-04-07,-57696.706680041665,1140.0452626715398,14192.827679124222,-336292.38720666233,279635.86892674246,20289.35780874767,-27637.507561520695,-218355.16649832227,-50536.07111281379,-53031.6091142615,-18949.12827498001,-45962.13693068283,-30193.60654545838,-11933.462721047785,-9223.436377463564,-15756.570148153434,-48620.20201011757,23732.557130095796,-5723.8302787881175,-7118.638367941301,-11007.90724589249,22307.669636398743,-2517.5931638878883,-766.7685758236158,-42097.36589760521,-40679.75711688763,6513.447261214826,-150436.1682496057,933.4300363837592,2319.5331830790265,122.77440026936976,-378.05371361297057,2288.3750026960465,-133.68366353223578,1296.2514739064773,3737.7048460836468,-41137.89609542642,-2182.7302662297934,1632.68069256487,43901.296911692305,10947.830703898448,-203711.1263769418,-64809.38062366945,12303.600168102543,4773.356765214115,-14165.040137293801,5667.368267340948,-22476.06933794049,-10989.934686764665,-22939.49789663312,-11066.188459882338,-18310.532839673728,15498.341406416836,-19398.063883068484,26293.17543409743,-3231.328437169469,-3809.3777824876065,-101.24524599704102,1438.0422148666403
2022-04-08,-30719.172565889112,1784.773746956196,20764.38820028914,-662093.4349903829,204620.0988659819,42317.8548976006,-33903.71819705199,-103800.26521307227,-42413.9298469544,-44962.310488731746,-10373.207006905388,-34870.85709132752,-10579.021725659239,-3203.8578356640287,-8990.470390657723,-9043.975600681964,-28997.01387190785,26048.690100789245,3121.0389048031875,590.0944519913473,-9565.592422754267,23949.226670016273,-2047.1025444867764,-105.1447002613645,20843.687293226656,-24772.824242606093,-38214.0803889189,-108910.71938664025,2893.773313451754,1128.598855064733,110.54616203834853,-1054.6781123070866,2211.4450710554215,-125.34133549210571,1309.784138012343,-29040.230151597054,-37750.97728662433,-2104.0134277680113,2024.0599863184368,63624.073162243774,9548.732342160227,-156996.00747560884,-47389.40374087678,15764.936101031723,3411.4847713070885,-12404.45294084795,6386.290424908599,-22382.053202652874,-12556.964336785139,-12120.995940388791,-6447.181275012228,-3437.5471128613344,-59966.27961772076,-4702.183478513826,64124.56486495261,10436.485741573519,2551.068597354771,-126.73690099735774,208.80107499437662
2022-04-09,-21431.850970289586,361.77779925503916,17123.202930712934,-480504.70845088887,228098.2950189011,39939.90788845248,3850.081806472944,-88901.26194903755,3521.1895847644855,-16203.526429638454,-10453.307958044046,-32703.047408368235,-16427.464945821404,-4365.584021493176,-5338.68621405864,-6489.1451499909535,-10936.977008526446,41161.62811625181,2693.479289367994,1761.9804153117084,-7714.878232933986,20733.583539645748,-1067.1601087061804,1610.2559890455482,31359.44600193532,-10788.014333457573,-33774.78793989499,-73777.70504825217,2296.968221467581,2289.0196676406854,98.62642723426012,767.6978703767346,2362.535148356545,-67.40663258741158,1334.4437024989763,-34113.61962556599,-10709.095885813238,-2511.782961217207,1892.064681992945,72464.69947674692,12467.615616052593,-125000.52853667267,-44127.952714545434,16957.156440560288,6549.60106143809,-11477.668485763861,7858.865879645635,-22271.77940541351,-12858.789781064419,-5537.641854744383,8206.165118758621,7547.821540513432,29836.48817602383,-8127.327015495361,57627.48106069303,10701.543602798927,1197.8749500802646,807.5917087009517,-2943.592131562481
2022-04-10,-14454.393023480858,6982.816400219618,14900.551573915005,-87091.80762417844,193549.3521878983,40137.754549404366,283.37339357270434,-116479.2361245694,17860.197814684725,-11572.048346990134,3368.485188661827,-46178.14658265981,-21594.104448794133,-15368.257779584956,-14436.484996139754,-5160.292094924642,-25478.895125120536,35240.13963856762,1951.9399789639656,-727.4107382700995,-2331.475760762701,14390.418567761964,-2580.2250033763135,3339.283470171312,57252.59425885975,-18301.204506462247,-24515.112131764086,-19797.33663440597,717.6515526208873,1467.7216066341994,98.62642723426012,721.4431248933362,2459.0366703969203,-133.68366353223578,1417.5157797188433,-29318.830039385808,21512.951952927928,-1726.3310042294424,1657.989572383211,77163.73267768606,12800.599028664037,-121285.06734449473,-41405.01533883558,15232.855558334506,5707.400323644672,-10552.236605994945,3888.569489360811,-15144.275046379153,-14565.015978719746,-13005.068370918198,-9865.50268624903,5526.719831997864,22414.597935719008,-6898.16242321133,-36572.5583748553,8003.473572451811,2433.105074576046,1060.2428288844308,1253.2747939935016
2022-04-11,-22708.70434379868,8032.58020290201,12166.148706249498,-37308.47668957697,-158680.70904745255,60025.749947484044,1192.1389264155189,-104773.66713311388,7929.206249509908,7630.871821063842,16652.392812249596,-33977.28937769385,-18757.252295061462,-6944.528890485129,-6524.629464031819,-8280.935188640038,-21088.686944916015,33227.15648643438,4087.178082266658,-4198.848304055892,-2130.3285162577113,20474.86403931353,-1508.5214250140148,2980.7659823739896,66690.94297690706,11222.006800945284,37155.26213774703,22915.094861002046,1298.553937876468,4098.064688827033,75.84204351124457,-411.1283314979783,2288.931374770308,-133.68366353223578,1429.5515677462581,-15043.729666146257,26963.63280861822,-2020.7874255572492,2054.7307365745546,103727.74334768596,10868.007963982971,-70662.39109402712,-8527.307025632705,31978.150551262916,5173.788256676364,-4275.553317097381,5520.087144708084,-10896.553953096118,-10993.619676050375,1870.4921492825772,16859.985332466815,27444.324357497375,15830.046545074449,6106.291065986523,-25761.884495457994,7780.111040784581,5038.590211459089,524.1453823969398,1583.5246789299301
2022-04-12,-18213.017905417444,9256.043883864228,14830.208787902173,152026.8730139071,-100425.11193375525,78729.68500735157,-24687.239720689788,-92511.41069519242,21174.71630308689,7645.102497140229,107.33443125753462,-25935.00811640122,-19322.440734656717,-15080.501905940911,-7898.506238352837,-8321.55537955793,-21080.95063155823,27948.319000803673,4026.5942252232835,-3116.4910525729397,-2239.8388776354295,18670.690206877654,-3173.2603076552386,488.0785031391182,53754.478692022996,14570.466953826472,25281.813888918212,20278.024644782447,5463.879330537346,5635.262146556147,71.57043210719472,-493.324057326211,2139.100018544297,-133.68366353223578,1431.4228830804775,26577.554729811112,19661.445848386735,-2986.52040662584,3266.1872618374714,87296.40445124492,8944.37477941644,-18999.353582009426,-31733.97683420627,24237.96126196248,4475.004755521785,-6705.347101557822,-822.2835538115055,-8449.38915781002,-10344.570794368676,7284.990770634379,-9652.638161593533,6185.948056342442,31582.927463118514,-9670.061651710654,-36624.24798677486,1778.6195916235242,1731.298556316634,477.8029924165619,1815.7190099995994
2022-04-13,-9936.24865058384,10849.128028861305,13395.616004665757,167849.7713024799,-100435.93731865153,296638.94414512237,-18986.21262634736,-45510.78509001988,11560.5892273728,9299.718706163554,7658.306846930542,-40746.82717632071,-18234.868723837153,-14135.033471009883,-8459.47139570145,-24051.45936705126,-21130.592559484587,29352.921850090963,3790.4383229966543,-4772.3500358455585,-4831.099106370884,19870.841135708346,-2275.3854025454348,1104.8617449954145,55116.78861047304,24860.920516122165,31772.802322448388,18736.285951865844,3894.0836870159633,6269.730239567845,925.334305313842,-500.92198370577444,2310.387512860036,-133.68366353223578,1449.38347043038,102469.4867957216,16000.627830132273,-2717.850428838854,5585.952534273989,89400.65228196829,12598.458622020065,-595.4536853863299,-41841.8957770257,28895.021763141325,5225.315760699806,-17989.429902124815,-51.49821263528656,-9421.384108591337,-10626.882893394799,4615.513957722426,10853.805679579062,-25713.01549529857,17854.503994469636,-11507.933493737335,-29521.691456777124,-1823.0033648254002,-352.46874029718464,481.84833628956625,208.10102248033394
2022-04-14,-22101.207724336968,274.76025519038933,13773.93281884622,333566.58021997265,-219012.70615142188,300972.28438675555,-22232.96633391981,-99567.49114268685,6309.350887490297,12175.38033440737,6829.661859820152,-42136.454445078125,9928.389735247367,-3242.984748342934,6176.456128947883,-19552.897820138794,-22280.158753060834,29467.49043427644,613.8474633648857,-4323.10780628328,-3711.9222935166404,14807.399981663075,-2149.3424911631964,3888.4220203931245,33832.93504902243,13619.340052781208,12928.211272666496,20490.40236384191,2007.062061930196,7246.15241831376,25.050573172403926,-590.8111571612802,2321.40268209329,-133.68366353223578,1449.034918112698,21347.314133461303,-22969.065403293327,-2911.8305381604932,3433.2983555134183,97842.01630839123,7488.659587732155,36233.16218413679,-55460.298808337684,40433.25370410898,4110.741068685628,-26034.347295166386,4332.978336925897,8571.585571529018,-14124.841282602054,6809.963111796464,-9946.755172899022,-41563.48883213379,20423.725518735922,-14328.420516217579,-26417.199255272968,-1645.4586890347744,2342.65533656885,764.1049885648663,1024.3734347588875
2022-04-15,1914.7341497351058,1582.9548941164478,16802.858138517644,285694.42077966564,-173093.17620660472,213082.52041908028,-22678.785972126723,-57639.68804975063,18483.35366104517,-5922.453221101918,-55.22510488448734,66970.35117926226,20867.906837716946,2530.426860181524,4031.566258121593,-15135.834955052573,-19302.077584030147,32239.94984431003,1091.774394816901,4386.426136646357,-3728.6464550250003,15054.026271041424,-602.9365858461593,2746.02011308709,61028.13618304061,10397.143467647726,-42025.636595328746,11080.847209713826,6853.28363077979,3352.0030887289186,87.10716158450357,-1827.4257771026805,2031.4098821582788,88.87120930012219,1409.044435215403,-40531.18829757982,-25089.1848787067,-2804.4234279999937,2430.4497230794245,91950.41152542259,9976.041618904812,45295.27310939459,-91662.37925755559,36756.874892268665,3213.6149372651225,-12078.556174220435,7367.483584040998,5874.956020204064,-13292.043044949387,15812.397381884366,-440.22867289064425,14350.221619375185,-17659.535970086185,-19038.1341811313,-36531.90586530148,2662.481550584692,1827.2995205967309,524.0794371367411,105.7916214068589
2022-04-16,9679.6945188547,471.4503060145578,12996.1592789912,372590.77612016106,-76216.99680481534,221943.19933242642,28087.57575018244,-88124.71376718479,37244.43151590253,23755.847200631644,11523.434573102315,86310.99990641177,9395.965629432501,-9903.794846466666,1857.9594219372468,-18561.826374045973,-42698.015767188306,28170.40663957934,-753.4250268337073,-2004.804048995353,-5743.502107188882,14984.091327319336,183.97565868103862,-930.2911092403265,51270.936520770534,6676.03726252782,-40537.33013100771,19957.53269105032,4283.0028067934745,3836.9818397227305,63.94283148230862,1149.6835862486143,2253.351992274009,-133.68366353223578,1418.4716242692793,-48066.79354791483,-4086.1909337453526,-2517.4817236362182,2325.0928222256857,80960.86112152971,13583.569973601196,62024.42647788895,-59143.81630203448,22746.552153112065,6077.292898188873,-11629.754965189293,7493.275113016642,5937.900142908845,-16120.16685862535,-11383.877070235296,15690.504565287249,50759.83399977625,7834.063071110845,-17556.60211753408,-47508.10709295022,-6996.466734969699,-7379.681593122958,2925.538140587888,102.25066298725983
2022-04-17,12749.090782210063,336.82630859712145,13400.88510069405,364435.6128225378,-74730.57533669137,159620.73401408186,-46448.371236965264,-93625.79635206916,-57706.201964502376,16137.137242344115,-12249.680579606775,66586.35881264858,13979.48548037296,-4828.648580712821,243.7367921673258,-17897.10879981974,-41116.54084262557,22006.10270380942,-3783.4573344228556,-4277.852594368197,-5802.328029169639,12451.274632272678,-5233.111236211431,-4454.205145249488,42699.677476021985,9583.079811585132,-17832.54158202436,22954.82712487503,-2031.4890586772617,4496.5802312425885,133.2145226959599,1195.9383317320128,2486.4708337992133,-67.40663258741158,1428.3383387400145,-47962.64951228758,17351.858057362646,-2251.406760604581,1703.5980320319065,61691.12451243024,12707.238955689783,87077.27363904787,-51309.79745502623,17514.749863045985,6099.09903612945,-16469.263762644812,7436.313610215998,4148.9118262852835,-19905.5001761603,-22623.058154595084,13522.723600702117,-23556.437387165242,10092.62389025847,-29133.526956380978,-61618.90569368428,-7501.382625793267,-9048.685159346896,2517.761320570885,-467.2721405811103
2022-04-18,51479.65204973245,1575.1455659704684,8722.940908613073,208284.88478511825,-13094.013902270885,-209611.17163084666,-55967.19194200331,-48227.71144122548,-82710.0271529466,-7655.548776404779,-13330.49881940242,52292.860070589326,11441.891645161651,-7447.931841174432,-6895.377630627245,-17541.9959421588,-53331.06676271769,9873.379390395081,-10113.373902713502,-22906.793468581673,-5000.633766006331,8630.688699972488,-4338.197416403942,-12114.3059768973,-14636.67411146644,11849.916959980339,28851.277137744662,11189.235819292855,-1.880727035111434,3030.513510706378,133.2145226959599,-525.9909905746126,2291.3661468335567,-133.68366353223578,1421.1076528637216,-37803.49520095336,24345.196993354984,-2310.1994115521993,1543.067885564129,72505.72300101706,14029.565325265674,94764.16465959852,-35555.91878776708,14346.58421149274,7376.730917567961,-14538.459344489507,5326.053989005592,1526.8437477665484,-16537.84255634527,-34080.98704192921,-20609.396939576094,-8732.771440620534,9087.729208727089,9135.045081162856,-27719.142538835087,-19311.901269023816,-4031.5406972931714,-79.65537083298716,842.4337960524563
2022-04-19,50925.87268451525,1216.914857133929,11794.854063208866,-4455.216155026501,70674.43390137293,-64723.32384387498,-38554.64596592805,-34560.935948906306,-74443.22929767784,7403.590770118532,-11331.97965613945,67668.391052078,18409.60832751298,-7845.671046459628,-6457.8583814550875,-10140.13650447804,-40703.10575903177,11293.732649417092,-4777.052220667585,-6266.669352638415,-7524.646745294617,10084.186601315998,-3933.3473995325376,-4736.500790560343,12664.634921467808,20488.372240220873,19388.571415198472,17240.826170880307,655.9642318571683,5300.531013783433,160.27051782302527,-403.12272048180876,2281.4126556226192,-133.68366353223578,1396.1144330521577,32213.599196667572,18225.3790271526,-2325.972989758605,2244.2363708905723,87142.71593717502,13973.201094383658,53223.257800248946,-19908.199247294382,20272.802678931504,6501.4964000525215,-15482.410658769368,6705.529121322483,1881.3573090037694,-12451.955678472277,-23976.811076923706,-20346.897732602738,21292.107185582707,13918.36950431746,14403.895501249955,-20035.58004507646,9675.399219562825,2940.6911476358187,-4.038053252616777,586.4066093984677
2022-04-20,27835.138949380926,-405.7308866649379,11330.629203614662,224636.68210330314,199817.24995027785,-94938.03037550059,-30994.036706872732,-61601.7505318409,-68205.57274935333,5666.291538150616,-12465.182457194398,72895.01664460059,18528.88836946812,-6719.048589260546,-7880.425660423931,-19560.48890643096,-45286.94668776109,10496.752063227228,-12791.660637701969,-7598.841648916669,-6663.020402295976,7128.4233059225335,-4383.612991070047,-6783.826599662648,6036.710001211035,17265.650385659155,22095.12824839871,13602.786538974487,2888.5772923695677,6682.564690581779,1035.0101361731047,-532.7833108260775,2387.7962732523383,-133.68366353223578,1433.618559555202,128741.84766180711,15211.549334493413,-2324.4579335668523,3537.715196976753,87755.68088206483,15854.437389280012,70132.77662928359,-52531.35150551075,17990.23025966136,9661.905981928987,-15848.635239119723,4206.907933824303,4110.402604667099,12400.297585687329,-27983.82716996994,-9080.255288843531,13312.702975088403,20871.261806275408,-36228.333832214994,-29028.90927262411,-10625.509039901804,-1584.0717154655472,90.82213739455744,1484.207428903515
2022-04-21,-9620.657440989633,-630.0811329759935,9710.775542455267,272958.165671102,78832.59797300395,-225176.90070549428,-62437.41320277423,-99204.85974901669,-81767.64530375031,-6504.085919796637,-20543.439296384568,55591.49934507288,-5712.771096549339,-15912.56409527155,-9190.547588333811,-16359.935814679653,-59738.7656541824,6487.24224228809,-10441.977173299874,-27169.74234961914,-7771.284606533453,-1037.4849078553132,-2761.4172714650185,-9952.418213966708,-9457.342442571993,-15838.883053123109,17477.884432067123,14167.482600977204,703.9047008110234,4809.78612361601,136.12254478791561,-532.7833108260775,2387.7962732523383,-133.68366353223578,1408.521127986165,11506.231053225405,-36853.486181526634,-1718.246898803215,2020.8246073936093,70003.20152540333,10453.913892069757,25333.999018382736,-63423.401178037464,13094.239343885874,7902.894820159505,-20805.30390196009,909.5723547032852,-1314.2341092367506,5111.828248059185,-35483.51189976017,-6887.4244388235375,15560.493331138068,3341.7196276835525,-34180.59062087032,-46773.35924183095,-19058.135568212605,-2433.189425886114,-32.143545405427744,694.277287086747
2022-04-22,34616.90616845699,3982.942017831359,13635.193727748141,-241947.25762628202,176962.07523644774,-68173.0020547823,50299.831876669356,5976.81780915612,28075.82964299632,14895.914522702908,-10977.459992188618,56787.97076338496,11489.864824315275,6905.063666144128,-3529.6012484525936,-21537.16211989695,-28700.351057444288,25649.486524959677,3220.107127543665,-18802.112433107948,-9369.07814279167,3099.5130387032586,1427.771028637818,-6463.028672365025,49943.292290646794,-11682.087996817363,-33069.69434280634,35538.865060517164,994.3882875451812,3980.4914738350644,90.58632878603957,-1043.5462694528542,2396.9548506027722,-125.34133549210571,1418.8481498942674,-28716.88261533518,-32131.63392582564,-609.4640710079999,1585.3836993511884,89260.6693924961,15240.479771048786,70128.0898802852,-56055.62121828851,16200.667430730435,4655.882692866015,-16636.674322329265,15049.504452357858,3303.2127650656585,32286.946449750638,-7823.345853181316,25755.035085127565,13141.613309661261,-6902.766584285263,-18431.822181233016,144819.95219989677,4396.1307569778055,5435.069975567751,49.83941906864533,-31.208567640214312
2022-04-23,37707.826481400305,224.633468839749,13130.797803894238,321485.4600649176,218808.5112904749,1221.5696320909256,36421.29991489563,-75570.7638758154,24319.294746920357,24843.271772366712,-14949.939956610699,67277.96260531021,8202.239462881877,-3387.550099778704,-2124.5949428120443,-21694.152793106627,-26701.83115620222,21304.876139152453,-6440.10078605381,-6348.8215516851515,-3410.763190365953,-469.14141590937606,-600.6593024265484,241.71296985738104,56227.9665170535,-4664.9810738204815,-39088.063047765245,22727.807080755767,-343.7276770390497,3077.4797090172947,556.9062499486372,1076.3020296627628,2689.0390245207486,-133.68366353223578,1430.59108397614,-51492.30950479822,-12912.291734004437,-681.2600921049283,1044.270226120461,65037.90195617306,17438.56190885546,44315.810909871245,-76204.05485541801,12180.248953426617,6943.328038822744,-13922.604028005202,3579.407467617896,-1810.7021120123468,-24362.988719320812,-13522.677844681602,-8235.770201479736,5978.555906019124,-38469.04677003454,-45178.134677226655,-48503.40727766928,-10049.075922003201,-2405.0568832127883,2640.1730492626284,2121.525094236805
2022-04-24,42157.619216506326,1052.55113386655,15190.946455965774,368388.63800345204,99760.64897410513,33762.34618283572,-35550.14135412768,-4390.718418873146,20559.878761402404,3138.888035141408,4708.827401607448,48667.466831920996,7431.933833634282,-12041.939474597602,-1266.8035816744523,-33845.41361700713,-25611.9383335266,21873.10367869356,-2152.7875005392825,-3097.4237502769342,-2543.3753354480536,6513.46108497456,-1931.1657007383778,-265.44663009076316,55607.99992372576,1534.7970732211734,-9089.25140255335,15859.454451942242,-1086.9236344024134,2785.447583869387,167.9041261325827,1077.3670931393253,2549.8610636933577,-67.40663258741158,1439.8008975813832,-49755.29532203934,22350.305153022855,-1989.5273497134574,1463.4103603148237,77088.77739220636,17746.53298439389,53042.793652943205,-75935.84454906767,14250.483997683368,7095.836326693453,-15093.992150233513,5711.622308509686,-5830.465975724068,-241.5681244163086,-1697.8327753960784,9908.885890244095,18158.695371652102,7177.072510592248,31253.426597636382,-40534.19966597086,-14664.297609302179,-4400.414707259946,2691.577304391899,1923.4761299997053
2022-04-25,100746.34187947624,366.5368561967104,9582.922996351972,371826.0116489087,-68648.21911701244,89252.09873379392,-41108.078449399196,-30483.69861598038,11476.75978809647,7690.487574097731,4806.9218075647295,62659.00535684956,12940.87198160327,42398.68763254851,-3420.0997301455295,-32562.797255393518,-26140.64551171682,15254.036674910338,-6162.805073655487,-5920.341467715464,-2576.4698154309317,-1811.3592240430553,-2188.625121343056,285.5797403318078,47960.034997990246,-2388.502527473146,26559.378601089054,49174.38741489281,308.6125521582787,2977.0961220916993,99.99188902652071,-494.7310312802913,2763.8600954447434,-133.68366353223578,1431.6465127985912,-30844.899674634915,16581.91948806073,-1636.868988801521,1209.3232554524782,76796.76118152891,21672.79560966343,37301.055853927086,-78073.70638729277,18512.724155517135,8401.72736881266,-15619.404728134876,9857.459481464204,-5103.334839296826,-21622.490957779635,-30073.83454355637,33311.97971334732,-3485.3642736216234,19791.131795064626,-2676.9226193951376,-50477.855454904406,-14450.155568245782,-6083.277285412099,277.54862844116997,2424.3278620173433
2022-04-26,33663.25984094077,539.2721565275093,12283.668857956876,377375.411344918,107316.73192023364,86148.8533238367,30566.319012615044,171688.79081488372,11829.717224377666,9162.67929868669,8800.984827836892,25288.3473950178,14777.128059405866,47527.826355476915,-1335.2962806692615,-22561.755456334256,-32621.63802844188,19046.40281071326,-2628.4680111661237,-4537.495835507936,-2062.1386574070357,-866.1192263238612,-2293.33072268239,-15.643649016589961,55196.319607513025,-2515.578097110015,22225.044093393255,66984.79955683461,-242.907304514411,4851.128675509127,78.32871322329889,-487.93871102882645,2728.0196003095716,-133.68366353223578,1439.672956440583,37238.666922798824,19819.39209283581,-493.3197485428098,795.8169264518519,72138.67078979583,21103.952577819848,66878.28995169936,-75557.42005205475,12177.809458648655,8424.182167185845,-15646.325237560235,9623.313227714598,-5693.749923309342,-8794.99310735967,-26398.01757481149,-9881.25053266318,-20310.25930225286,35806.77805513655,-13680.464517581902,-32409.09587999581,-8324.773072839605,-1679.5564686251382,2.804098572381747,3158.420383875873
2022-04-27,73943.89825028522,-846.3891430564764,12919.133940899475,687710.2910345064,82183.51278153721,31660.024744662893,-45967.75139770627,198228.83940058903,-82859.89882879517,-13608.041534547388,-11177.37974267184,-11269.805552371889,-6052.3767693601885,-19201.04433077565,-6313.566084876786,-29111.294833131124,-47811.69917398191,4906.1381947774735,236.86895970800833,-5162.654950839575,-6617.3604746156925,-6228.1837839465,-5847.551923480529,-1894.4295641430792,1481.3974844192321,-5234.215943881535,28218.767081051363,117814.90603927005,-1177.3033452656064,4908.522969032926,302.9904405883508,-494.7310312802913,2768.692492905681,-113.6870698521273,1455.2170233115462,115085.68300802595,12595.282141569947,-617.188069950015,3143.297829868094,66509.66575384306,25745.508820498617,123660.21482449224,47460.181622106626,10896.991571880902,7144.147529822572,-25688.667790895994,3998.0112962168973,-6324.7322652008515,-28196.479868925242,-40982.22247459475,-4510.447698152587,-35676.799611271614,18065.863288165358,-50592.74477311122,-55738.00668139559,-12694.637869470465,-9575.486494038898,96.28628865643526,4440.1539859042805
2022-04-28,27584.899369651277,-1100.0876307435233,14814.67022678258,404618.4641185644,-209243.98190667818,51700.864382442596,-36892.410262949285,411264.6987950901,-46083.55561468477,-5725.423976857434,-7419.600612041728,-2754.329333387619,-1765.9008278572587,290.3359028787829,-6066.49504519252,-28948.243794881033,-56346.79869179586,11701.181127151503,3780.6262689861205,-5786.697736050157,-3854.249358207491,-7272.800688922984,-3853.808099109109,-8432.028393971992,17191.75387944431,6153.3686680172705,16176.160883691775,216515.76239163912,-1449.7869811568355,4251.970396795386,22.26159385664315,-487.93871102882645,2499.8963224334607,-113.6870698521273,1516.4682427044672,22092.887074545302,-30075.346410548318,153.9848109626298,2196.9488405439142,41470.148364037246,21615.265937821885,110294.41024137608,75025.620637854,10059.538448989977,7203.990017161821,-24760.7460392581,8496.148342066328,499.18477310244816,154690.28880668033,-42147.8707049115,-47815.05164686109,-3082.1148300041723,6773.254970101421,-13225.916591459965,-67925.33873709527,-7394.5779376166265,-1341.1008564130232,598.1915658474035,3149.8276836306195
2022-04-29,66274.88270757745,-1300.8512907026443,11194.735506582812,937786.287425843,50657.69449744109,83151.4568352896,-6448.948816961902,556299.1267553425,-18132.484482873064,-12476.73438703042,-15504.42259168966,-33168.23066324597,-15995.924935001764,-3234.942289032681,-3303.1528977206094,-59052.36052187854,-59770.76696959098,-1343.401547584205,-14462.360789025148,-8287.980317752668,-6121.763374615086,-7793.336640912106,-5484.20920039765,-6718.040160309858,59537.90684481565,-8030.6640382211735,-55640.89348648781,318166.44191825064,-1593.4321108889958,4388.2280697887945,634.1963043863229,-1771.3790488962513,5436.323789908757,-113.6870698521273,1640.372903520713,-65944.4112269409,-28536.507201328084,-1050.3899311907178,4141.719276881105,28918.65483034067,13542.40123609087,209784.4029852834,528840.2307476301,2762.2347608852933,8121.399839407857,-18782.8278798842,10376.07830576348,7434.718750355452,365534.30038048833,-51679.16962730333,-3087.23752348609,-36068.458196149004,11572.63088471345,38150.657217248416,-60881.63426349401,-21727.06750458421,844.5938526017767,131.7401990958649,5693.528119171324
2022-04-30,88231.0347203164,-325.1085537195845,18255.734237371973,1083523.614582649,-32555.152448961235,9941.871282144253,102801.60854234065,331438.5336889267,-24026.34075750284,-15393.989684115044,-17119.072249866353,-25031.080695288198,-16213.703211014765,-6933.234596243825,-3579.936365356219,-68657.7413889969,-51985.38402078976,2895.067812402786,-31097.615606827778,-5253.10848152217,-2513.932394224565,3846.0715118659728,-7106.417231892051,5034.890850993708,-9608.361265143685,-3973.155118645735,-54707.6913858264,373270.4927362598,-11946.14258172377,4328.904302415303,38.17046120226483,1788.7052493106007,-114883.80600191915,-5.6855480375116585,1469.0110113117053,-71052.45454066817,-11974.385954618387,-4574.5231131182045,5082.445178093927,32920.401721654714,14007.665547178538,43949.16880500867,332290.44311117136,-939.7221768407298,8130.6666883107455,-15627.220912746987,8628.193542247514,-14953.21128717783,225284.54122509185,-41044.29775366521,7417.708947684896,-168641.10457401705,16687.49528601904,30021.961764063122,-52614.44003557865,-18653.079982022315,-315.4608775154766,983.2436254753065,3536.4253118556753
2022-05-01,-639.3814327459116,-2465.1925562962188,16168.522399736325,842687.1199771648,100723.72412025224,30861.93791846508,52494.31308352217,253737.54300177834,-33306.95884255633,-21080.03509806572,-12506.29620673888,-116768.10799047821,-25975.292909883043,-11386.408804758705,-2643.424241286762,-54107.404753048715,-47503.222788628555,1051.6832301534932,-19175.305278150343,-3348.3608375035365,-5133.169816166166,3426.0452495992513,-6158.62389852881,-13601.868147902405,-18448.61178337114,-10157.527920717122,20029.057487523558,-301610.14674541395,-475.7476660770303,4463.949881888779,22.674091679977582,3227.0315324156063,2808.7781308729036,1765.2068080419954,1368.7725884021063,-49093.922685301586,20847.09776608433,-1162.9914623721008,6202.372432192085,33379.3021754453,13453.592388104349,82489.27117886179,370267.99827870505,5234.347281619279,8615.178677106029,-7931.376318185747,4938.974028144767,-25605.541577101783,311924.2917862622,-37562.73951420764,4180.71755907361,-12627.626688046728,-24649.114842649782,-47247.634676891306,-55780.59721947608,-10537.886672974324,-7131.147141323052,323.39887934413673,-24052.945637068595
2022-05-02,67414.02855182142,-7021.524898664096,13548.160818044016,616972.9710083704,31627.88548439332,-13896.109261758522,54664.41277132671,86615.40428555489,-91517.14349545613,-22218.332745882515,-15117.137755673437,-62912.65591655669,-43727.55652711421,-8408.953763476256,-1867.4467127469825,-43852.949061897336,-45497.1375119352,-17631.73438974718,-20647.594970763203,-9083.182658095555,-7556.177342416846,5927.176740349001,-4015.1068949636783,-13637.441347466669,-39232.61616572054,-13187.102399588835,17127.63536091021,-353930.4719685676,621.891402836648,2877.9302940920516,22.674091679977582,-1515.4332312900438,2684.3685911280472,-118.46491139262848,1374.012341201662,-37476.40922948186,14033.767662649518,-2289.9297415143374,7801.0472871425945,40644.57456761712,21640.181869031105,-17006.73443731694,102447.91954382423,9902.107437636736,8250.073514901731,-11713.24331499077,-2501.16774435382,-11740.766096080413,296928.30710028176,-47214.513498811546,-37498.91433485388,4483.393586465962,-20469.527917184678,-22447.44414056168,-56578.92602123767,-11531.102274770165,1264.3121476629226,290.8711283767195,-826.3073939045679
2022-05-03,90430.92848185761,253.8177570826256,20497.213849892498,268007.61586181325,167054.08271321145,48634.24518373463,73260.3585409325,-13819.36720054113,-49257.33333778246,-1770.4407103604804,-11333.609085006374,67893.02172798014,-38844.93381140475,-2590.6917705199417,-1548.3971181450054,-34231.735675127544,-15552.1531370612,-4026.3937692786176,-11801.008605982577,-6941.897709592804,-4102.211574438972,8275.398681745328,-5595.184992717688,-7276.072168562892,-30915.830444139734,-8268.862265183157,11264.101139024486,-362610.95185471326,-38.61413870783741,4801.9020834161165,49.31758898370853,-1160.0252723056688,2829.8024290186722,-52.18788044780426,1423.1583538497007,44653.70238960383,15856.258104714389,-2621.9500060752057,7605.9005265123105,56438.663819488094,32125.041021272424,-69868.28064122229,84717.54448743335,11236.20654486031,8907.05652494761,29409.742101365344,4224.890788608138,-7345.088974927423,330469.85327290965,-14941.917175460701,27662.355762894098,17814.887557477115,-8501.835891690327,68322.92657125497,-39005.773054037054,16731.559258627447,2911.589596361384,52.74946241721648,-85.42097577392053
2022-05-04,8049.62305244452,-2875.49500871477,12103.609591960576,285626.28504385566,82960.2635037015,11437.423779863117,-42064.931334711815,-229655.0041131679,-93436.36112756861,-8039.750021232612,-9779.549601070285,24706.06451694476,-74593.46313145166,-12886.698580794178,116.2499065520243,-43547.241237935785,-11577.812150360092,-10261.245355286077,-14744.061764914866,-14115.691916098422,-3134.9209891122455,2713.833656389078,-8694.15577433835,-8289.084824443766,-135879.3223938055,-11282.611009098542,17011.006690258422,-512306.660149581,1387.3772288937469,3093.177467957403,778.0642802167976,-1553.3703650791063,2703.783634549355,-66.46943104809215,1229.144345527965,79137.3794573044,5570.845690045607,-3699.5794776052817,1365.779090023812,56639.19307926565,21162.664554407187,-233697.4789694545,-111396.18527045831,19201.648870093955,9672.60404208802,-129874.75017833497,4542.018137610095,-24977.313985597313,150105.371406931,-35241.51147450114,-38503.81579791931,-53581.27832167971,17159.359487280457,-206782.16938747378,-70656.72334692416,-18716.644874678,-8654.680978989169,122.06810155746791,1442.2212605799732
2022-05-05,77822.20638527347,730.9507877397801,13390.3568571928,-602612.344260576,99607.0287909726,-24415.834479137393,18099.484256502285,-91959.77881315752,-19115.896455585495,-7972.988024254284,-10163.681818522848,-25930.32963256812,-26323.445020173007,-4193.065910363137,158.17383958472135,-13520.058956167035,16831.3592332272,-1616.004446519796,-12559.154997825277,2133.8005702181686,-8642.480545538008,20576.34256956247,-1681.359710454668,10999.222857287828,-34561.69112868942,-5632.868787092686,12759.810149078075,-193103.17001722608,982.3218145695647,3664.2679942405125,730.5239907270396,-403.12272048180876,2061.9194752497406,-133.68366353223578,1384.0210968207373,13456.827139387111,-16848.152564776086,-1689.935749940803,4073.1462750951905,64705.509095954156,22841.901544749213,-159409.76993050778,-49623.20351795216,21099.679096242427,11037.941241073193,-43763.12540146397,10756.11012731422,-10813.728461291872,268450.2645622116,-25060.751554486626,187788.1130964212,13712.180492567106,-3568.537117849208,8035.7743912841015,71878.45757820028,9553.880617790743,5996.254114707174,111.31752550324836,670.5114402898707
2022-05-06,18634.391498472585,-4882.78029755971,14749.488736342977,-134857.35113851933,203029.81286402533,12760.96236783596,-4029.1635106779795,-151770.63470540603,-9238.746093478458,-40355.17437868992,-12189.37515337503,-61121.56066785305,-46670.75245181429,-9342.508467563433,-796.5503359194977,-25943.721784136258,-2739.543002471156,-7935.735342606829,-14643.371861775488,-4319.922454187753,-1404.1924395143044,692.9028180604237,-3715.8273767000555,-417.940826688744,-28222.358206098477,-9348.587032197263,-45261.853969663156,-168308.15223383455,203.66913317049472,2775.943690170083,528.8420819933017,-365.4029665090995,2537.9497563344203,-133.68366353223578,1359.5638154430244,-30819.130591434885,-24196.858280994165,-2280.952714620982,2015.0555083558077,56110.546828953746,11817.25790755422,-152202.23928179772,-59347.94125742647,16888.83317032576,5160.706976011058,-67882.61970533608,2440.933744309449,-14328.496958904496,-30443.648090077222,-38734.67324135247,-51405.374240415345,-36455.32279861107,23178.773254554784,10471.893958371851,-57074.78259153549,-6973.650907691821,3001.8043418688626,191.0463064029424,5241.528753443568
2022-05-07,26381.918754343184,2251.755936905585,16381.254676660446,-443219.0294788559,163291.1360392703,25568.258508295075,1836.3695886994988,-94197.6777335126,26070.46926950413,-21034.78848884248,-3031.2928364397612,-40252.66490876726,-5451.803039254274,-2418.9613772549624,-2004.2830672078803,-13958.508020909881,17440.70022183191,-4410.268985259133,-12570.37477266149,8491.714663493902,-6420.885547872091,2526.53272622902,-556.3269807348245,-1548.842213533554,25959.13552033281,-1867.71576086527,-32394.272351360298,-99560.0796998307,547.448688112758,2419.123221987695,119.00177802069427,416.36282320512464,2431.566260775014,-67.40663258741158,1327.1577851487127,-34961.45717099151,-6415.650068266898,-3301.9067700849437,3489.259142653139,63178.990899855286,16658.010046947275,-125050.76399451974,-57378.093428353845,21281.4176913662,4611.789513582405,-33809.7539104603,12323.590014233327,-10123.222686553574,9461.718297500096,797.2458722999484,5517.741671372636,6082.927035269884,21104.496857594313,96505.45720359898,101906.08566986005,10006.999129037276,6640.410832028765,652.854213294158,-32858.07904411336
2022-05-08,-27433.53266114942,-5290.762030596139,12170.42173601264,-100326.3595707179,97224.4387158489,23990.895310146378,-19021.907391795627,-137273.09361489047,-6379.541548420348,-10445.735420463468,-7437.037642961051,-61329.3318972549,-20074.05115526417,-15299.396204171437,-3239.078205303673,-26698.60155095885,-78874.41153076093,-27394.49855039234,-14904.063863361825,-3784.302536091446,-453.47047024532844,-2170.0871125615,-3233.319081571697,-5508.312781866005,44145.14789452409,-5193.348780531907,-5479.864671145235,-99660.06852981591,527.7787787854268,2388.3233296403687,529.2545798166361,415.29775972856214,2537.9497563344203,-133.68366353223578,1354.6978577290433,-28451.642161854037,17708.905410206968,-2541.2153734537756,1810.9934487447028,49812.471427140175,10159.388087732139,-155610.7223364477,-67089.83721267155,14051.790087998623,2376.8235385892344,-42402.830541737836,-10302.390415437503,-15609.368195439429,-32184.096065148242,-39924.43900116297,-24582.206530770323,-18656.624853376037,21358.32636291148,-8642.796114126651,-41947.93980901907,-5501.304078299542,3435.8406608002338,-298.35521950232237,-62919.436324208844
2022-05-09,86938.49286425501,2248.2310852667465,9458.967010115897,-478458.46704148164,23392.038444599126,34790.7200847069,-4906.642726737109,-77898.98208783678,4322.618761566686,-973.8922999023166,-5079.2751761817,-44420.988811571966,-6626.996959386155,-7245.125421807633,-1498.875578343669,-23183.948761025567,-59994.81131560849,-23825.370958354095,-14550.277735013044,1549.7562696744903,-5730.922166204961,-858.0679747527502,-1928.4414480238652,-5509.038228660156,13271.78388543841,-11796.022481511021,24113.80261253361,-47170.92946707783,-1822.047657673365,2878.877764518562,771.7927305293707,-289.0957911634741,2431.566260775014,-133.68366353223578,1344.4720289956658,-19490.76379640776,11745.428665110305,-2619.8401947177435,1983.4940114758174,54571.96100441067,15879.343393291969,-109678.85117097123,-33318.20412897696,16514.876061848194,5926.732507189003,-41543.562293928975,-4193.81746788411,-18300.12962144261,1668.730028630621,-15484.017892572447,6451.669749646587,6012.820435064326,15963.586319637085,-2370.138980119343,61041.29797635916,168.88593775713753,5183.175743646405,-70.32193656379036,475.1322297708673
2022-05-10,34068.9981718786,877.8951410097663,11506.926360575086,-264563.7238506986,102049.525083245,103017.07346126049,-13808.672514804468,-52382.480356637425,8409.733915884966,-4441.782415468494,-5267.898444439524,-55449.71482338097,18367.674826762734,-15219.487780520398,421.09616669549405,-26729.423600653525,-14170.945509040297,-6131.605944216971,-16757.53911793681,-3351.497144945263,-4697.772859221748,138.5624982661716,-2611.1496267217467,-2279.3124831953755,37853.755202491535,12521.247319934248,10292.97887154843,-13696.877199822111,-700.7745494229925,4410.098291267847,136.12254478791561,-295.8881095075903,2492.3419275492133,-133.68366353223578,1414.5947860178048,16248.502562907088,9950.04307897107,-3073.3137220825274,2914.5055321314185,57267.808415133084,15433.774585949333,-122256.91233626739,-38571.70659111095,15243.564802483594,5429.92634776785,-46961.70822332533,-592.833122160714,-10330.43625780591,-8392.743857231648,-21909.933856492287,5139.57154870968,3658.4005460539074,24645.512881186707,-4768.407179045876,57889.479656714466,3073.975689847409,5939.23119048619,9.629151500938747,740.5479443074673
2022-05-11,96222.80814963396,6539.305713631336,13577.68087716912,-30809.324624271576,-207950.94343467153,64237.08271762247,-17653.239737899123,-12314.441766005279,19393.87833918166,7102.6481185538605,18447.751805688233,-58109.09903594066,16208.25300084415,-8012.809477374937,162.15067535644152,-30311.1936070932,-10723.970013048685,-5944.256752418602,-14552.358447117873,-2604.0247580658433,-2207.9333201952822,-318.15831752412487,-1512.3769512744354,277.91057108679047,68417.87997680783,42730.59267960981,30891.34547629779,18228.097509102245,2382.0770297037807,6113.614618585056,300.68050705985297,-309.91820183707955,2275.8666368054137,-133.68366353223578,1428.2178318339766,66395.99192870679,11538.18744902088,-3435.1262353508264,4216.73324324904,91095.8829931865,22143.559245550772,-72923.66216133328,-9255.873507860822,36907.56430901761,7786.791840291789,-26280.428560578028,-2675.7242639925603,-7534.082736659511,23081.334300354996,-4476.590530211315,-7558.061426606663,10142.773690085007,21375.192464578915,-12002.559438808796,-20593.31476045162,6634.734933945088,11747.707859374465,562.3044904751055,1437.7671600577423
2022-05-12,67873.42782918009,418.4576672699503,12959.043618420474,178196.52968829818,-28235.72035780995,155958.44468889068,-32756.61447992736,-8032.642007360393,6054.706563806174,12815.417281239676,3128.528515144781,70916.69984616918,12638.962693854875,-15265.85763773766,-2206.1294532278653,-28973.304910580162,-24092.91548244659,-11926.592684864452,-15803.835433281009,-2966.0464090120595,-2278.631561023308,-5697.75653754855,-3312.8369582994737,-2978.6415461509123,14966.229528750453,18621.201048596755,34649.05052404698,12388.448533286675,152.55235632553666,5343.260985066672,109.06654966085023,-413.2351336439732,2165.631216775505,-133.68366353223578,1429.3661967403627,28052.247569504863,-16395.491485483955,-3867.1933933451655,3348.5393990067246,66155.9444288264,22337.170342270198,-11523.055396421758,-25847.369087315565,21390.500535179894,10110.01056124347,-26476.436433559116,-3766.8392565285008,-10094.638139355888,30435.401341129396,-6120.795764243861,-1752.2889212228854,37986.356636521545,14723.399495923484,-18668.29049319598,-30128.812418358546,7932.693315857907,5868.903873528442,93.87753701368217,1948.3604440817235
2022-05-13,19758.06764379263,-2107.492970753044,14195.28447492563,262773.3920927718,-231327.83776447148,192735.331893489,-26225.187063618578,-49785.753274473806,-24785.864282300037,-6862.058924807142,1635.6157558702475,63822.497802806334,8525.742058123416,-10607.646510850416,-428.3660542232993,-28933.715899176863,-76278.17189186954,-21533.406792069312,-17551.2165186587,-4008.62112501026,-2349.8334302043577,-6173.17671463559,-4488.019324689392,-5137.868646969561,22974.248668224798,871.7224490544361,-43438.1993761441,13470.031690422411,1961.701669665497,3174.0118063729637,-6.725000487591842,-1375.3224649052795,2297.6716024857983,-133.68366353223578,1406.1055397547407,-40224.143576950766,-20836.167879767443,-3153.152918973349,2349.8389364717896,41259.77295038043,15228.026648702995,-14898.134906128798,-42242.06813346734,17632.735638942424,7590.714152832589,-30383.332530334665,-7649.802877549775,-19168.800750214206,9109.779616395957,-13984.233748222925,-10902.069139887317,-23265.134341261015,-39169.1248267202,-33736.13424379914,-58033.42765065738,-6968.381017066247,2646.4731491061243,611.5136333332487,-403.8675793538994
2022-05-14,34353.601603323004,259.5053269568368,17655.77090190983,-66147.83765889522,1051.397523526064,110676.83150725829,-22272.94563210902,56007.45093993278,790.3947105662431,7383.628145953479,5542.7893466951,62015.02941289036,26926.853874233188,-4310.8486245170225,-3172.5450437235386,-19292.134171881,63.818028518356186,-1044.1792668936885,-13851.024183659407,-2228.0900754475433,-1817.9651741882944,-3738.150857253411,-256.66691979326424,-5829.6187767843185,52496.86634629732,4708.353138425859,-38495.706255565674,23304.050497070395,1187.3899701058872,4143.129284371333,63.94283148230862,405.21014757646253,2347.1246917554317,-125.34133549210571,1405.867377667701,-41048.64281278809,-14260.888435475697,-2484.1757930125514,2251.344058573596,53013.88097887329,13996.64813719523,39564.70993712723,-11223.061238084838,12051.443049316193,3764.6295224124538,-24514.189444998665,1375.627194617485,-8044.397943486589,13548.721437946191,-13962.322590704229,-8753.47725037664,-3974.848603198533,-27576.994383772726,-37854.80982840234,-4813.242472096593,-704.0288463302913,8945.251264896664,622.9426990199129,-21541.851947250423
2022-05-15,86505.75636232927,-2767.6889501100018,18360.47374158878,170784.68253734038,-213361.16519238538,147102.08584788826,-19215.036098130335,33600.14481326549,-19208.25458935884,-5207.028665067357,1982.4988012713306,69614.96933477646,19126.57322960406,10167.659752258947,-3604.9665937763293,-26597.07624113821,-2311.601655830198,-2949.0222873855528,-15389.985495705187,-3033.6011248810046,-2987.3309900445247,-4879.794812604433,-711.0164037774722,-1566.204247357356,53825.634937707284,7379.597417190989,2425.54923817041,5452.696269911469,524.1841380405023,4019.978334198897,-16.250054670885817,1327.045779030767,2293.876802681111,-133.68366353223578,1406.9269779018855,-35552.06962088762,16305.140014647355,-1897.1117208067526,1238.3601714559766,48699.400279217065,9913.972963338603,36317.90220262401,-30706.458860580493,12257.250182382568,4471.346920642083,-31197.6313377995,251.9135576711974,-11466.526741149088,-10360.312140866954,-11015.99345437048,-444.55468018495776,-221.62821397361085,-23330.879703407823,-9948.805487629856,-28787.77236668127,6589.2655873434815,7434.3129396009135,749.7837520114098,-12846.947437760731
2022-05-16,32708.74603574759,-2134.4684585533564,11425.20959217785,199402.30359652772,-139018.68498444319,65322.138022393476,27213.82366402381,18566.553210136084,8249.31792065175,4082.8623601730155,7988.603157647788,60016.95293935326,16050.892184440087,375.41970792073874,-3500.93000606947,-23911.44799398323,-3081.6588531632733,-4989.93627633536,-14605.072334543262,-3250.5753453887755,-1969.4739444534353,-1691.9442199501755,-2573.484881572247,-3817.451180755743,48918.802815807634,441.4937387496481,22482.727520794655,7297.102820468041,-574.6607549955396,2931.18065342434,38.73643507782549,-406.442815299857,2316.237717407983,-133.68366353223578,1412.0582973888395,-24528.73972516341,12745.324672068871,-2496.1795311359356,2176.6542463906517,47858.762459252735,13213.30274259324,35641.52660105881,-41296.07960687032,9268.30283832443,7250.726167097401,-56816.73694025233,-641.0885668309502,-10258.223311664155,-12828.829148282806,-13769.611832883722,5866.771322257059,-37433.792836877066,14232.746065950774,-12583.892412485991,-42997.28362524412,289.0271594558899,7467.156408033232,249.87785965481234,341.9313872369204
2022-05-17,84755.68785694294,2043.972791092008,14880.050561590047,189809.16276383586,-39043.88565818152,81439.95517046997,-48254.61833342568,8031.2160350299455,6583.43622471125,3915.9784248069177,8677.095074971243,89901.28799362163,15999.70310900042,-1273.891999159249,-5168.306844869225,-25845.063792921297,-6840.408128063165,273.39533483540754,-16629.14514512233,-4251.699505706827,-2792.6400094324804,-6132.375219361678,-2350.483863051719,-2627.3346546669745,12576.024145079034,6938.483643800397,6198.913896494948,8789.323750411613,-944.9669398907806,4520.060049131986,108.4206241148112,-413.9522852858189,2424.0545013257442,-67.40663258741158,1414.105315234529,24970.611897158007,7316.7400505445785,-2911.4282149347164,2084.4151720262216,57319.47100910226,16722.650576190463,52323.67350171862,-33176.958821191685,5957.316126204351,8895.335839382422,-51296.73936296224,-1270.6884107962542,-13155.421386012236,-18096.46882189531,-16636.430860775683,-4699.189655271614,-25982.415449674147,7768.157229796257,-26637.635755620366,-29998.85158222997,8842.514699369602,7650.596940639019,88.28736742558718,-433.15002960271306
2022-05-18,68464.71951184358,2525.806534155262,17224.983374589807,224851.76626663125,195918.638662162,-123979.05583748738,4746.73672788913,39770.65220681384,31892.64366151437,16909.80869581601,10922.972754634138,111170.94012385007,22141.14314639105,-773.20108497455,7035.452744460284,-24782.89891665081,-2994.7138145023328,-3515.5076730861338,-17308.234954024003,-10875.178507929906,-1704.0150787597531,-1338.5121540098735,-2770.3204868468656,-2020.7111798456597,25738.923066879543,15305.051827482803,31482.460296009325,11169.871436844474,3623.689792249216,6399.171602318396,1008.1332111466694,-402.8204424315865,2335.3334319898067,-67.40663258741158,1424.7518923517218,127488.93704900995,22040.079132993244,-2986.495578088753,4847.949222818586,73453.2119999465,27420.94290078929,124172.2747653107,-11005.41274420829,16864.51358643651,11333.735465262353,-19879.30883564559,2459.8800040061724,-6768.270401107833,-12049.108183437424,415.18440548582817,-4518.011076548425,3166.3605320281636,30022.286322543452,40396.047571440184,-13213.625736984779,12148.501851919133,10688.980801916316,98.00080097625035,1084.2352170105278
2022-05-19,100854.84069638797,928.6772073782947,12767.632361715965,755492.4322375655,140466.9241756425,9892.93150457351,-45273.30430875083,-97282.77372259933,-32196.048757304892,-8715.91945408683,-6024.065520790211,95430.79754792008,28216.536056075245,-529.0253579323485,-1762.6165575239427,-20516.684077202037,-9065.980310247047,609.2548265197793,-15428.650110184364,-4010.728073216217,-820.2265882265426,-5329.875604686722,-599.865646903085,-3702.205567798066,42254.966130833396,9252.83953699246,35882.118735583,38892.114754148985,-759.8935640734521,4584.632804089838,139.1858380349532,-418.75638150774273,2365.920534676882,-133.68366353223578,1403.7342133652528,26791.319803699113,-17282.630480359214,-1722.8057729330224,1952.4783919370566,52030.70196639637,24032.313090207885,92971.12825401902,-39524.487397447636,7106.9255241802675,10976.027066880817,-58223.64578828907,-586.8573475455971,-11755.84654874106,-15885.651963196004,-20116.717863220445,37453.15885002536,-16260.963120596483,45456.17233291536,-35721.53618044668,-71411.170768504,-7026.332175690806,-300.4181635408331,251.49215001955122,1190.3120733147357
2022-05-20,24700.706889237772,-3601.381568650948,9370.351954931968,580962.0867858224,-197680.92930714643,-160262.8423573819,-50393.03663948037,-114624.28307880035,-96330.61716849575,-19843.68906167173,-9445.082638533087,74181.56367664627,2926.9558625792647,-6019.919746282581,-3688.315345475741,-31727.55062156287,-84729.51095286699,-24335.015374394607,-17991.05310602644,-25271.16207684848,-4095.1844014449,-9791.795606268988,-5274.395886403359,-18852.8373632731,-9592.192649597322,-12515.43101875145,-52750.78017765471,20054.477492420556,534.6827841443476,3104.018019128404,63.94283148230862,-1076.796643662687,2129.5705776295167,-133.68366353223578,1349.044516399625,-46086.57923684993,-34622.93902660073,-1019.303426820831,1502.9758708786253,35541.486727635514,8487.550314543256,18815.4532720029,-55117.183512934,2432.3362029922755,6668.600827404122,-101165.81714576823,-6161.7648956504745,-14819.85208068266,-24062.587277149913,-43803.33597606119,-70297.71137074336,-43183.465834544375,3927.3838988873695,-43733.61359936655,-185203.545595396,-17023.1128096909,-1045.8043664557213,-141.12237948278505,18.198100467409972
2022-05-21,25035.41467330495,1733.0683632758735,20984.60117651351,-582707.3111896168,108017.8627104277,2218.8261689416395,6021.2296539980725,28826.960912457893,28284.37973158859,-2814.270678132459,-1937.301843094052,70286.26859816148,15567.059465115071,-561.6699160852304,497.2372888606326,62.57477770897958,17465.65622297489,-1206.9318091397806,-14579.784400830358,4492.475268202277,-4949.275523786769,-5711.9568710149615,-444.38097479138594,-3970.7705102969157,19829.951573738537,2916.0834890766346,-32323.23555462939,28720.4632384169,-466.5375722883209,3636.643669728022,160.27051782302527,416.36282320512464,2061.5875328940588,-67.40663258741158,1340.7284415555112,-41376.4810736507,-10112.922615166868,-1988.6829592017605,1872.0193393501866,43116.42197189729,15673.496377589607,53360.782668320215,-38186.01677289221,13103.616918195732,2062.4714666800764,-28623.577307223954,-364.89207634042305,-2618.9856736353904,-9499.11698669833,6256.578918023743,164658.89092781825,-3838.464823082022,-30074.248879075698,51440.78564755149,103500.75715706446,7991.967583831365,8547.006634847929,856.0100956257473,-26051.249251232257
2022-05-22,50977.815108694966,-849.5615530647073,17974.308641780648,203020.80239821522,151104.641488361,-117626.4007264304,-28520.832640292938,52900.169275316715,35642.425376695915,-1333.1882352704843,3398.6011190746954,78909.41332441018,5966.235614145496,-3809.1356883693506,-719.978276413945,-11712.787981612875,6402.333273045144,-4889.840568937498,-12358.58341541575,-4601.017280927317,934.6026562625625,-9288.20427379046,-502.1440489645281,-9529.820075072965,38777.79648279798,5817.812858372057,16097.588796412267,8717.406269958741,72.80982962488082,3791.97502591812,702.8210371455348,762.6144922177516,2354.833748838276,-125.34133549210571,1463.3870470708634,-32906.35508878641,19865.020001214318,-645.065772442672,1757.631246434017,47594.594287548534,12608.48225324852,57792.7977376627,-41723.875374384894,5542.528426421334,2867.323379580763,-20001.503445777147,1058.084759656585,-7020.735896984291,-16654.761245602644,-18748.239304273768,28099.788328806757,7614.241949518219,-21386.8965957733,43636.6174912226,-25727.344753336496,10041.69166823842,8140.919761322485,2201.256395484838,-25461.137379811233
2022-05-23,35985.69005502884,-212.7250946444916,10169.008731801328,349942.29307439853,51493.844879524884,-94975.9190265482,-38531.88985804607,-12374.85262195913,9301.317445833349,-5774.481967307239,-1241.633764374461,77699.55177917745,412.1114851600055,-10815.849700062652,-2775.768858650298,-13404.471892933454,-9293.800927099954,-4169.322824533678,-14524.75073945642,-9266.035281787877,-2911.5069235845513,-7953.246752404858,-5429.400393936829,-5966.937483648488,30165.708172150662,2938.711342930239,8740.974794883532,10488.358289473921,-1770.1044718367898,2686.9894554211737,39.794858447198976,-414.0504879907978,2387.7962732523383,-133.68366353223578,1380.1344773855362,-28097.96629522904,12982.445372604265,-1418.3932910217445,2369.6273783683896,28354.43121735066,5296.210330649623,-27019.206610758167,-61213.0375361786,-2752.6029949591,4715.467145176534,-59229.55999373141,392.02571385847114,-15544.923573845253,-17763.346584156192,-25980.36998598719,-3059.860429520124,1704.0080198717974,-3126.7945126757804,-18742.338673903905,-69793.24664528892,-11643.399899102587,-2647.5306387959004,-92.42791742836332,1031.2391538993288
2022-05-24,49420.49493843115,-2530.650418041426,13274.396137766227,-38783.79662861501,15472.83753956554,12044.212248530665,25250.167096486963,69607.93470372491,24006.606662366677,155.64160477494806,106.54946206744489,63128.240040398945,16876.86480723741,-3766.5110412601252,-1538.0274709300147,-15822.472871923801,2280.2430378738245,-1703.9640046959976,-16431.417595917905,-6665.053351364826,-4626.690792616209,-7579.790050125121,-2495.6465396982812,-6226.065310414355,29996.39921645524,7029.379413662497,6355.846049101421,17152.85483184233,337.52255419770745,3692.6841585970806,90.17383096270515,-289.0957911634741,2313.8598308515416,-133.68366353223578,1414.1522541770373,18969.324960335034,16733.361264447114,-1971.1258440445324,1731.7643136054526,42069.29328631495,18358.199742527384,34269.591776236804,-53579.315003493,216.02029967931844,5418.133304971999,-52934.04577166846,-2590.4848937989755,-10996.14253949267,-16989.545646979404,-22656.65480711023,-8697.845320772272,4844.74299717255,39225.6034635645,-11891.515769704509,-16490.813944475252,-2942.3198377738654,7194.778558819111,167.56305939098016,4299.108073842759
2022-05-25,40077.54818717375,-357.46630545836945,12852.901453064878,323407.4750728385,428164.7424854733,60572.30598618588,-15299.622596116591,222804.62951202726,22372.30159997723,9353.933963054902,9014.850187554144,42592.6463811929,12377.378384349453,8025.305233770775,-854.968518838233,-17681.899023235695,3518.399798997725,-4108.474588676065,-14579.291402339137,-3931.618919080919,-462.18084325266966,-3015.560060733294,-2771.0894339571214,1997.105237722607,37870.47623159661,10080.335337924,36796.3136445546,39291.772589201166,3417.733347990631,6043.848584297399,938.6824498323878,-406.6778103043126,2495.064519405255,-133.68366353223578,1461.5581038035793,136861.16094180333,14697.524816659776,-676.7173005077151,3301.119757157438,46447.53549333144,22360.783989069572,93756.60072968116,-70278.63694455024,6565.697894994342,7056.743554048782,-32568.39825414322,5498.190080911373,-14489.733707253054,-7592.140526333898,-15582.521207179103,4589.013743995889,23029.732434300648,45274.30913623298,12560.326096768591,-25833.803342983338,11121.160662079394,6512.375618490254,47.02330646604676,4461.2995086660585
2022-05-26,76955.38142432607,-2215.057360388489,12202.647454748612,907791.7319364669,294384.7518311647,41126.29630538092,-16132.4836627642,96890.8373437069,-38758.91858141757,-10504.494369727672,1061.785705163937,40246.936484050624,13449.641716632124,6297.94328523201,-6956.22515309866,-15294.229451291778,-2787.0819682810834,-12954.307134244244,-17174.194153293964,-2986.430870611864,-1351.4272798816296,-4505.832912117413,-3390.8326546902613,-7145.499266472065,40595.03272098127,21098.816458821268,36948.49784310201,77898.32143464863,912.7681364441094,5074.003098475025,79.02670318126148,-412.1990581680821,2561.499178496403,-133.68366353223578,1403.7342133652528,39775.31999751665,-19815.06415544164,-1142.8694834179803,492.3848810277311,39840.171777907795,13782.787620110434,87141.45177702168,-92695.12048729268,4351.754027067665,8744.666517694386,-63216.64145272841,1745.724454264966,-16698.125500444687,-5879.149594010276,-22306.37691188127,15804.883744803768,4370.922020026057,42544.69559352263,-31367.522509170514,-81949.4287431686,-3565.471163557002,-4607.5577494623885,129.709042484611,5643.4956837995005
2022-05-27,39832.79372047553,-7780.95155850116,11452.9834202184,686349.2562043411,-309045.69221010455,-8045.300117358824,-11393.819287017675,117156.8658621023,-129599.67002352726,938.9071498419348,-1494.1723328516607,-36422.44303967262,1043.4899436159048,-1645.635860158768,-2073.7901886905556,-22540.244399007377,-65708.6860318341,-20784.83077878329,-20920.97399050864,-4127.294815508446,-731.8765659016367,-7493.103597521813,-2749.4243239822326,-11346.467185157693,-6591.576168689366,20486.61345502162,-57869.16211797949,72111.79258548573,-368.6186010951974,2323.8206224722226,17.010474724183425,-1361.9728213141539,2186.382442907067,-133.68366353223578,1378.5034164654658,-61042.59410119277,-31766.310661236384,-424.03722715537947,1197.4168787495832,19451.136032986433,-4991.666079031993,42427.89871436657,-99549.60803335495,-2067.0602328907726,5645.971901567865,-106255.46417578362,-6014.549953040401,-15879.07078404399,-21940.009753370752,-42294.50210732208,-65712.66242964887,-7343.797817882694,39548.146109530884,-38578.24298881421,-95901.99541168188,-5037.439925485173,220.06502991441107,392.8046426425134,6031.85362326627
2022-05-28,39313.56193667191,-240.55710131363185,25285.677289617997,-55307.821806163454,-34686.05640315938,2199.3533239206,-32991.4064689511,359661.08989831543,-64834.16248575486,-8112.9654791546845,-13815.273456976387,50897.66869739581,-669.0029978114778,-5609.301751512259,-2928.3242568805445,-14887.92962256752,-10030.25096280844,-5319.140385429625,-39986.92752815596,-2477.666669908437,-4867.205938033114,-12583.07300275526,-4466.7471132342025,-11348.307696006552,-38105.25350723343,4782.421280475195,-48826.59854611155,218475.36542985452,-2888.5063541357354,2175.9396243794936,63.94283148230862,388.62397677614433,2531.7602344260545,-113.6870698521273,1431.0655488033258,-55909.192677751,-21065.06126099442,-1743.80265831084,415.39255057896025,-2246.753997077348,-4588.2074958621815,101637.22519415905,29311.44680614397,-15091.543436462549,471.29571651121864,-123538.86921920915,-8954.283893439637,-37849.79514418627,-21861.71383498953,-47069.09740161653,-22956.130469635682,-45720.344704204705,-41217.515946672895,-28033.95013993887,-76375.35058800672,-2770.2886003871713,3575.663086017364,497.40063089246416,-116385.85959572373
2022-05-29,11513.035140360776,-2113.6179411308417,20486.182211817497,-206378.15766967135,191749.22381342354,13379.515060981683,44338.93110117999,449180.288705733,-88311.3592921018,-3495.153638465833,-8540.115363227995,90110.75095759844,18316.658499450456,265.5530912186432,-2896.72653349383,-12320.117696686937,-9579.685155515841,-8417.608769201555,-38055.620899032074,-2066.612266378288,-6097.303023571556,-7048.31547077779,-2723.5560835350766,-3591.6336366705054,55150.3306707164,27454.14402971167,19801.707031367834,336091.65789362165,44.491825218277654,3020.510150981543,90.58632878603957,388.62397677614433,5351.180956186236,-113.6870698521273,1456.0010717212485,-42402.27198186792,14053.003207259633,-507.1344834870999,215.58953172309464,-4813.272896353463,6636.411743883354,94116.04520375637,31159.68248480359,-10156.238150960384,4865.129251362336,-80802.11099582262,-9075.552968037191,-22243.231560222855,-19570.439821418124,-27821.693909210277,-46840.240474816295,35618.54875917976,8163.707901247447,-5766.144618993913,40329.440213570124,4307.6791305089555,4145.480518342046,541.2616494941863,-73575.89328038917
2022-05-30,29041.32291244816,-2355.6346390874514,26513.971114543874,604353.49979876,-95856.8009677736,91249.29630074877,42197.341512638886,657562.7009458311,-23348.133143332918,-7314.824226088267,-4562.379222868825,47089.737742607336,5722.2322019428775,-4181.5612110615275,442.98879197169117,-38916.6972817723,-18662.41430531423,-1886.9904169382705,-29350.027748919012,-4559.189618673309,-719.6566355262405,-12627.115151948181,-4161.327509959565,-1380.6215507587676,27526.786302332403,15503.880547720923,26869.808345428806,595997.734180221,1709.8688650943418,3981.552082427336,79.02670318126148,-443.3439136673497,5912.96296967914,-47.41003890730308,1615.633149629031,-35177.91541355017,13810.229535707347,-3069.4766267764235,9102.378674427913,33980.362719646575,45496.95979647807,144453.50517945059,467857.22109898634,-439.2822515463116,11935.225794903388,47228.13968451483,1363.341147191034,248231.3656966411,6586.423739396529,-27587.293805107525,7443.27978666118,86028.2083931452,-35790.12302794136,-7118.473019938145,-17008.470424474202,-4798.9503235793,7613.158633117893,275.53884786872806,5738.504813672456
2022-05-31,88643.56355797595,-1174.5025245718816,25832.221201880857,1538275.8244684036,-4524.326910190448,3037.684867238935,-28890.6945674866,514620.6810464264,9310.051800925576,-17941.732396679712,-18972.39809058748,65613.43961946384,-14394.884772362548,-12250.631342033077,-3870.565072733732,-37507.66371303385,-28583.964516086107,-12372.334663679678,-50652.84319743322,-8024.764899857927,975.6199959230664,-10887.717423549342,-8183.669883235473,3535.821180449866,7034.320215948856,17308.555079367292,28731.981557948853,370417.4219242009,-8260.525688652224,4015.0609575451927,79.43920100459592,-433.217036836295,-99121.77851730389,162.02466434442366,1541.0398897535802,58984.46515621813,8974.397337318485,-3570.9417363422144,13512.854162798965,20809.090521375212,65067.00560477984,66104.68925344068,371380.8833514598,-4242.347325420062,14821.880573910683,14700.913660942382,-75.44466709809558,188657.41333775182,-3552.0451139374886,-32161.0782800734,8314.48589579775,-70915.1391477487,-25858.697385410902,-24156.42698170195,113531.63364771381,-8856.547695111885,10711.831187702577,270.0879189477008,5701.416840260802
2022-06-01,-32386.44503743095,-891.6790466220772,25110.147331913366,1600602.556144245,260027.19238455984,142188.08589258615,-56300.629551816186,502150.8023913378,-43316.868869885984,-22211.36016096445,-19028.574116192078,60888.51135194756,-47822.01992129637,-20507.407451542244,-4880.660741029418,-56216.56807696417,-28278.268005511592,7401.4077700459775,-49682.3126728223,-18099.6284166044,9253.18815733114,-15662.78352306411,-9681.087580026486,1732.8665868844284,-69402.91107036624,-140.98975364685606,25835.857990809745,-151289.3605695172,6146.434519802358,6135.672731290114,-614.1377035227262,-409.9994597901725,2280.6351636667378,1614.6254902405487,1457.9806404662172,115523.5121092698,6890.62142208075,-1976.3634922860028,16457.52505056082,31844.0349834433,68525.64827828572,113581.3253280765,428919.2910401764,-2244.9791348527033,17921.551223305803,-13484.488927215967,-5804.922993810788,184864.88401239837,-3515.5966152313185,-5693.035299643107,7326.708243622139,-79539.95647327673,-19537.672010531613,57239.88670876515,192180.34742036957,-10407.855859455078,7902.032157808417,280.06557429037264,400.1279103465005
2022-06-02,108787.40560019772,-560.7337578617191,25305.478888218837,1695304.6370734023,250076.49470917703,163947.98698740505,-31775.757070874475,422172.9753138091,-52230.161982345206,-6942.175317320172,-20153.758052377292,88511.86749717788,-24797.054398801924,-14177.17079905245,-3025.489206913078,-16136.063967604667,-39150.121401527955,4443.137845402856,-61870.41536469062,-3786.0338492490773,2566.684540693065,-13325.075550828973,-4303.669663298043,-8918.125690773692,-60592.26245409888,-11751.623300059877,20199.789444425813,-191486.58096073673,3811.8184592591774,3338.133161104404,-106.12580876350798,-372.06228594678873,2590.3355790628816,-118.46491139262848,1467.495544933055,54528.46345627087,-19037.87321274967,-1128.3015937276077,15223.250792417914,32683.729813031627,73169.28474470698,60178.453698570454,150325.10946653347,-2436.2009657206586,16899.774443164988,-9677.04472876049,-3208.7846929700527,234256.13981671853,-1033.60960991734,-16971.99061648258,-21552.684903866673,10385.894061721085,-33553.59523126059,-23812.64110375791,247948.66085225274,-5242.322905582954,6188.397168666974,80.5162926606663,419.68320147366035
2022-06-03,130290.34732986457,1363.3098545003486,30527.000914187713,1505706.09503559,-96922.25002543174,-158450.1688660293,-4676.412803965307,226847.44132980157,-25565.76169086061,19909.549090439938,-10929.706421017732,64147.455964501605,-19844.200655840497,-5219.421471902528,-1308.203587173618,-4549.389977050429,-34393.74488351621,27618.972020288176,-32934.37594699048,-14863.96985028245,6831.382587965238,-3950.259665240904,-4905.269819021381,-28243.130883476766,-36692.70972833028,-3437.942877481863,-41067.58503963739,-152662.9679759915,5504.19282371222,2667.4640467719423,-36.44161972652229,-1044.404342153857,2384.540733090772,-103.67022982081141,1407.5715056563308,-59981.239736091855,-22347.712117126892,-1241.47223948604,15558.930534504565,29930.649007815584,48959.20656967037,-27247.95918736857,148199.94292413144,-937.9440515202975,15628.62572399589,-14989.299280452262,-2751.3138400323105,171702.80625812517,-6919.238752141543,-6563.8690388000305,-16464.614410394857,14986.813981305104,3801.613714782682,-30432.713990857497,166692.6447800243,-7580.486737777853,8998.70467800875,229.3940849870434,-102.06366274936101
2022-06-04,-2944.3011458985875,4794.4899865422385,24152.19997200067,524134.47626444546,-43472.98295648757,30828.64709182497,25277.60330629666,-143693.20322660654,-75413.20265516083,-915.3629431411127,-17545.780734324013,81457.8487325462,-35457.657792756065,-13194.053773495334,-1369.3799471479795,-19952.563276156972,-15322.316167529996,12490.424752341029,-16261.08274522852,9259.27990684087,12468.512551883454,-1159.0851860557377,-5790.877402394068,-18850.499909802325,-122458.57448007072,215.85768427562562,-42324.21884816821,-376917.903723305,1915.8096050904771,2565.6898037880574,575.4930908031573,718.8172462611726,2144.9075021222134,-142.5043204961321,1300.8740128196173,-54559.8502318659,-9825.63093833089,-2824.1196055912133,-1109.0227764738402,-2422.229212868966,12495.51445684797,-247734.3888712426,-205790.2372794475,-1591.3200075850355,3326.5816801034425,-7334.13504587858,-4960.859427770582,-28378.595119507845,-23743.85443789577,-19197.058017732466,9107.465699417502,-19211.448242778173,-56562.160022744734,117299.27944910248,-41441.51169167197,2110.725977334202,3399.194200066488,520.7318145153858,-42588.756903578505
2022-06-05,16864.868071109937,1686.05009889721,21873.099759233035,-204879.93171261117,91632.70404199083,33904.249029552666,-5779.594354659398,14441.148304276867,-62460.675235876275,-8176.328221127766,-14761.555505804714,39365.06511114798,-38814.0581841731,-10588.984543741703,480.85565901372814,-26798.810575691707,-18417.27377883626,14161.189485083434,-16994.794838469832,-3692.7098480991103,-3156.1551079933456,-3439.912646351729,-2452.8047865352337,-16237.755040728447,-97767.03433382163,-3133.2658371106722,-5992.875832222995,-223932.95843507128,1002.329990240938,2617.345407228387,-10.210620246125767,359.0461399624921,2360.8184699244507,-117.95178042109931,1327.8216261905122,-29975.68146349095,14633.055329377059,-3120.9913338156944,4219.259378904557,-5944.299999972651,22277.473683173474,-139991.8421278655,-70278.80885927593,-126.59477234751844,4467.875334461754,-15502.60727810912,-7996.658708343931,-32352.399415767937,-33342.720745724786,-14910.162932672938,164760.31537234288,-36498.70339607843,-51408.24776133231,67251.14823670042,43772.78940263593,3052.2881992603034,5441.926167430274,99.18965098185049,-43543.883596580126
2022-06-06,104463.35669569812,1578.2385448932716,13690.60041318598,-267985.9277367983,231772.7756845458,19406.841515122756,-10283.924315133394,-96563.22036531453,-53990.28581387564,-18403.56779841528,-19917.0120025377,63150.041362769574,-48792.70423883297,-8495.51696891916,2883.1125458429246,-35283.437003549596,-16556.232198391757,12194.737583498076,-14833.620362161662,-3490.1463385587253,-3079.018083924003,-5219.901907793652,-4006.0632726016893,-14587.56049194832,-86381.99841249516,-12230.740795847767,25915.98107766889,-155256.11775573058,162.47838660670504,2249.317011325754,601.7240902835539,-259.3208907776909,2601.3995361616617,-132.74646199291638,1359.5791523313899,-25075.755463441536,19721.824168369298,-2301.7048251797264,6912.196973232433,-8035.1630730167235,28525.626471375166,-138352.9477478893,-61738.600101735894,-3288.1695594031057,5773.107929951999,-11685.525909798615,-9136.814489725417,-9762.105197428347,-25797.87695195004,-26727.931368924023,-9112.590363747353,-21417.674006505564,13662.934806137931,-702.3301891704145,45194.50994224589,-56.13181704645399,4155.8941491803635,56.74240333801853,2400.6739802952384
2022-06-07,26655.0293187989,-434.9637668215445,19849.570993544035,-289005.7541586704,315062.2305797849,33920.81897347198,-8869.962916367916,-91080.45970066896,-56735.57371870219,-27679.142769161248,-17745.389887144123,59050.956590832764,-25929.207682429496,-5053.1336264226375,3813.3826026940487,-26507.94351827885,-26844.96755928197,16286.45314434791,-16999.688092335564,-7380.9763778109755,-2797.5758780194424,-6566.299532512851,-4609.5984129052995,-22298.097769820284,-24222.29214144157,-6813.97742673139,20892.44852429048,-156789.7893954015,35.82717747524191,2104.19039923495,-9.798122422791339,-266.83036076365283,2805.9722900679117,-67.40663258741158,1298.642066046917,19312.728298805705,18417.061326689214,-3567.116149597554,5599.531777311153,-9292.358088092278,31769.236148959204,-185297.97339236015,-62305.40472142816,-2679.394209647191,5466.873128402539,-16862.232296635706,-7953.406400140624,-15287.029249997839,-21357.264556161335,-10204.609688786004,14000.446304450106,6059.020185172492,9321.401253916203,92587.6760054669,50020.73551048293,6604.432496706353,6156.6502549616625,-127.84772903962823,1572.161914493423
2022-06-08,17721.963689805692,-550.3556047872381,14662.663513329142,-52025.04867556334,265755.4243389761,83181.67738788929,-5546.406777610209,-70387.54549595612,-9872.611572128113,-38194.41813585954,-20968.1069696649,59010.70674367809,-32204.353785768246,-24070.05534561401,2560.496257031166,-27666.93770041842,-29413.30350568005,7053.487584799875,-19792.231732179844,-6013.024944038739,-758.7342917095903,-8584.27613955984,-5696.810824916115,-26192.208687879836,69822.60496910739,-7665.668892133385,22402.493663238267,-136815.27001915098,622.7658212385936,4653.672747712518,-611.6421792541049,-266.11320912180713,2806.3208735179433,-133.68366353223578,1326.605291165218,83430.70388983015,17293.13406343526,-2519.2358452584044,5596.689917162273,-11629.49155178112,31366.748978283194,-155116.80979581515,-55006.94901568798,-3947.2811601192134,5706.8860387379245,-16709.611690400823,-8968.369257828266,-18753.191492162623,-18986.891184380984,-29729.26491342706,6022.095445571536,-3750.5781630675515,32626.862076066507,-15027.630810793187,-40098.91087906154,-7203.331520798226,3719.9816596545766,9.696674628100993,1692.3663085451192
2022-06-09,-7777.577657504661,1194.2063332383386,13807.33637067691,-50912.91949390079,229766.89038935478,100587.58174617153,-19151.76149210029,-95135.62843933575,4717.365228552151,-43821.6303918927,-24453.008606041774,52106.193800167384,-58992.036944370455,-25879.521057284677,-1374.2082775349377,-27197.57567365429,-30039.796791619658,3631.217625610263,-17155.19737504776,-9201.729130226064,-935.2468073104894,-8731.570561882545,-4733.399381065079,-32849.722952950266,39062.772596027105,-19758.97406367445,11667.406715899702,-102736.10303172549,-591.2553582870594,3838.3818788960743,-9.798122422791339,-259.3208907776909,2703.854248075724,-133.68366353223578,1325.2227567302516,11514.877555114877,-38343.380161012356,-2556.786641872932,3588.0962888983245,-13384.661574101805,26428.135727926572,-172934.18316687428,-55240.94405638397,-2757.0510827687795,5856.952311435608,-15050.274095141083,-8488.897803620199,-24319.538402284095,-27480.12722323778,-28443.76808032646,-14722.052124941918,-16199.827203798366,7136.323069713764,-19973.319827021616,-48254.29585207395,-5762.416359024053,2122.5467394299767,-99.44389028001098,1227.800429714071
2022-06-10,43999.85045821497,1866.7193165182407,13588.11231406178,-417245.139170227,189157.19646593736,9490.44869551275,-40065.72791610632,-32931.99858975987,-11694.750427181127,-2160.1072564754904,-3245.940155820934,63416.43989261545,-33775.94582597137,-9226.464764434812,-1070.2878439029973,-10740.182911197682,-15276.070480162578,8258.144700754148,-16164.924230804314,4149.483200477366,-2330.1879973251484,-2638.5365348754444,439.55944819728757,-19025.690477400633,28397.04666269567,18208.95248389923,-38172.821290900196,-24836.33565378003,1180.5160930422708,2027.3656356451409,-9.798122422791339,-328.8357477792001,2280.5028655835567,-133.68366353223578,1434.0251483514007,-28146.609240589816,-27724.710249785454,-2165.5836129349073,2940.162699069593,-7235.894503613697,27255.278848903872,-115679.98010818058,-39749.11905433731,-2662.135153254352,6430.0393872419845,-16111.773454695884,-10345.841205736195,-16210.389205734267,-26538.76203431437,-9116.380274456935,-10999.898740691935,11881.468329228668,32948.647487277616,-12763.413655039878,63683.21758102317,8557.986815490902,4644.445257728795,-22.20069438871093,-291.9906961281784
2022-06-11,23960.82437439152,5433.258509279609,18604.0953015805,-67589.01939810172,-41800.05931701577,-17273.35543195594,-15807.703275498512,-27836.183286361695,9950.659143944926,21780.404393766396,62798.88077539145,60762.183863165556,-17502.195005269998,-6420.51241554276,395.2533817628738,-2006.2166425664009,-13502.366019758607,11891.702965741319,-16366.523162661495,3373.581341951208,4242.985552113441,3621.538112528212,383.3357142984303,-3776.1100436436845,82109.39033217452,41884.390001395244,-37940.447984189275,24311.45723335188,280.1935342107444,1936.1764368827505,-103.63028449488674,346.07793406071585,2188.4213583451733,-133.68366353223578,1409.4187900295606,-33722.73279328777,-13449.96025875962,-2193.3618018956745,2401.432295789851,-5575.854519416578,20395.601826303995,-68217.31253007741,12536.360442174015,-1075.28323157598,3185.0464555992885,-8573.44998071794,-105.4118396669478,-4272.813546390442,-24952.047773785067,-8545.891125838265,22658.660947709846,37070.35775012238,30697.55325711804,-5881.487584265825,3259.304211361039,7521.800570022697,8328.295096843261,2092.9776902522076,-16719.480025722394
2022-06-12,32580.16713648284,8514.546006797638,19259.89998578502,206641.3965341479,-82055.12283297617,90177.85605693344,49.89562338686147,-72732.00613162242,4256.1201223198295,5135.898263125918,1859.628751978631,66077.6833574235,-40583.15309922931,-8913.519308669931,1851.4530596132477,-17717.83999203646,-16723.08208567183,15122.172618885543,-17081.523200885433,-1874.9977287872514,5617.36366166301,246.27658769814116,-1957.5071510280707,-13370.144228737725,52154.556167269875,25234.958319908863,-14039.369318496672,24868.817806634564,1476.4683300921483,2195.981706572996,-21.357748027569457,763.4556968837312,2277.1425497514233,-67.40663258741158,1365.327015430907,-35156.30161136392,16610.92012692627,-3953.1288774804398,1754.5369886596443,733.3960138731836,23624.669353015066,-17641.59562837833,-28074.18759055018,1650.2769966802155,5510.273045884482,-10318.024806562786,-66.07498993319223,-10270.526631652809,-26610.138292275624,6568.079226557114,10470.819591792791,-16951.427953975952,10643.848640301072,81438.96574053343,-24406.872588499886,13059.14430353955,6468.367944433972,383.09177007619087,-23762.49597182659
2022-06-13,22238.302463753185,641.9342323531787,10166.137272158036,276929.29153958545,-101311.14855231589,198604.686448629,-38398.69962762199,-99546.27794141158,-9952.05538936978,5299.902641708197,2319.6394619600005,54662.09761083704,-48069.094914296686,-10886.189932072219,2309.5104285388425,-24747.339341460625,-20109.53218464508,11698.677863356956,-17590.080893087466,-3233.2870699852315,5095.136090081429,-1044.1164116502387,-2187.5755164556576,-23304.63588237304,30240.15997563857,19135.41917121167,32397.69390726622,18028.53632131096,2343.664409874993,2451.6777800023146,-36.854117549856724,-376.6679149140739,2286.459859856079,-133.68366353223578,1417.530887317529,-28985.856445938676,17618.010620589404,-3896.47497149596,3578.482956345972,-6737.881946107245,25893.10506335716,-2897.6865220510845,-46986.67094854689,-1478.5376852477775,5880.657137590434,-8699.789043101237,-5237.399762415869,-17482.261896828568,-23738.189015877495,-5142.51525338182,943.3197452434792,-29765.308778381164,21551.259320636826,-9127.094519929316,-25166.83951259886,6950.339325220853,2309.9975747311287,16.592169892370123,536.5799652741357
2022-06-14,73230.90991294684,759.17326861567,11635.301939671328,186962.35298057346,-18196.935004290448,235458.54604626272,-37230.28330940314,-19722.7020745246,-10369.297249083385,7909.30409607764,3982.2060826741363,54036.63823863724,4850.170816014616,-8979.047155386099,2250.0104972786257,-25318.94607685106,-24235.553932566672,7734.2150611173765,-19737.513305023043,-3462.6554686333375,3437.8048589644623,-164.09437122339614,-3490.4348228801505,-15896.206328162332,30995.653619166755,12605.583247837805,26370.271911442338,5015.193545124105,1606.1548131234008,4322.644159496821,-36.854117549856724,-376.6679149140739,2378.8899505444942,-133.68366353223578,1432.1744354502284,25259.094328942207,17257.12109704357,-3271.254434082711,2778.004857841125,-6921.606141605151,26640.68028324446,43770.5703329623,-48102.4441689651,-4088.978036527814,5130.388488478099,-14296.909106595462,-2885.546363800025,-17089.339236574968,-28155.28794366427,-9824.825902051085,-31263.067994750632,-21565.17203788788,37801.556747415714,-18320.09048432362,-25718.762342828686,5713.307406797776,6180.08181972541,-129.36645718005235,1041.0326768977243
2022-06-15,24154.30423037459,436.00219685818297,12249.650786533957,315595.0415324575,-21068.357847562555,235580.95549305947,-32422.295399995506,-53036.90422495909,3501.5665257341598,5605.873664695506,4753.398856285013,59779.91260239682,22268.61397420786,-12200.809528953721,2902.1551566456155,-23787.084426505375,-21528.13780521675,7163.249903224924,-18839.417460253477,-5057.293502691828,3948.381565730442,3369.039525891408,-1044.7000663785452,-23015.509887823886,49510.91748225909,1760.8717494842936,27622.63616256455,12536.765383048116,1453.2256815846506,5500.721224014147,-638.6981743811702,-383.4602332581901,2485.2735681742133,-133.68366353223578,1419.467133045271,104523.16015382564,12942.779062493788,-2768.7409381846596,3786.986101874269,-3047.2691079441165,28719.399557940138,47964.97546649762,-87916.73818188797,-3861.888234030572,8804.502987629417,-15768.33242961813,-2409.758459989312,-15737.041138132394,-16534.017256381794,-10126.726964490226,-1675.1736286491046,-13615.197070173199,21048.449508051664,-8303.789610347258,-24604.710781393474,11612.157329213955,3896.69660795459,-100.84850188088922,98.97841223723076
2022-06-16,8602.976023093128,-1158.6949782195916,10746.716775508383,363449.61502067314,-233454.30055861356,230699.28827090733,-31399.70417271822,-69391.86957823139,-21027.09835351759,-8496.923271127856,13513.506367769347,47004.446795265896,13383.851084884185,-9831.599665944523,2835.31817415778,-28579.240701475454,-18815.103427132475,11813.727220008434,-18372.301485136202,-3641.700585217869,4023.6002777546387,1232.3153489550236,-808.6256584668895,-29031.03057594972,46738.54811215285,-7869.127728580782,18765.495299432427,11979.285190522503,13.725841264409098,4402.644022905538,-6.5580017352990865,-693.4704227740395,2286.459859856079,-133.68366353223578,1419.365056364894,18918.11082709619,-20411.382699702714,-3178.877044111181,1946.475927755317,-14328.715329253888,25646.645885392878,51013.479224917326,-63265.58752413059,-3706.082763307604,9339.101638343705,-12241.893464753588,-2888.119613176911,-22622.30883739208,-19685.55688174341,-13651.5130186879,-7971.810569802017,-20749.120482630948,18836.545581195358,-42582.14235983364,-39906.15223036935,9540.278025510026,-1762.956077912859,-42.03043670513796,362.24442535081886
2022-06-17,28644.010552987274,849.1392981984036,17886.95979740435,161599.46596147944,-109394.01781613092,187871.0774785822,-6705.219109541755,-23404.75293129301,18689.98570414725,22561.209146535024,16206.15796826114,98070.74732319731,19775.396239334124,10930.399498226305,-344.6792879136634,-18058.352470263093,-19898.732634935917,13888.493662643155,-15309.31814304984,401.0992038839411,9593.200879916045,4866.398934653412,-1531.1700147226252,-14552.624901901678,56625.63759994704,11729.082266505526,-40903.24197819885,12438.826063383352,-1006.6899286995912,3299.9696363731555,-4.294729372856659,-1075.9812912232112,2273.6560668713378,-133.68366353223578,1412.2162891180196,-38696.50400944308,-21961.93535381458,-954.6208945210298,2229.208687586503,-9904.72089422259,42880.30584378398,92365.90054988454,-41569.59162534451,-950.7605933926668,13050.541423851713,-14192.18857731986,-6746.112136572446,-12314.869220209726,-23054.987076535865,-7227.095039273459,-27496.511675561873,-14833.433767754681,-21682.12781964456,45922.82876456164,-29592.553996507624,429.228154609513,4959.974258807105,-103.49361982547009,1045.947346960261
2022-06-18,37129.4471700941,-1541.3704727335933,20298.827268095083,365894.34569403273,128215.5727727691,-73027.23332908866,-8215.501053643244,-80226.64781830256,-58211.156536192415,20498.77384336725,14170.670567839226,92792.24987041863,23630.508787451614,-721.6902010373155,4931.703068774189,-12538.298328867246,-27914.95872588098,5434.607036348724,-15995.195331248302,1490.0015665589053,5912.129648036482,2953.254751095016,-2955.8931224232338,-7227.850682514689,16354.07106566876,13846.447417325391,-41459.66195175105,28643.377762633954,-3987.8819855312686,2309.9937521715888,-139.79883598191165,746.5496188745329,2450.949511517597,-133.68366353223578,1397.532043847445,-50259.592294600574,-8346.120110321952,-1139.3161805283362,1432.6005897204107,-21571.531355112587,36950.587918648416,143546.47888527368,-34309.352238181265,-3084.2109508322783,10690.079366443237,-14715.67291637174,205.35237393772286,-5892.9448064820235,-25707.10869598225,-19343.783999243235,11194.486195762121,-20376.375498707122,39400.122230046545,-33898.95757076973,-45259.994371295834,12124.506022099366,-349.0995129124619,1974.256731298497,-22806.638678875053
2022-06-19,26360.47310196196,995.2581420478191,17069.72837727848,268013.3781842131,134909.95404459603,-95554.04005427384,-14638.313838098751,-73173.62657810215,-72547.8664687901,3972.4011038944045,5541.711982220009,84894.46016526202,9043.07092933156,-10391.158055362888,804.5236905051254,-18750.384163061914,-33255.118768832486,5809.886381870123,-17254.340247048956,-2097.1179719272077,2814.0431921935287,1326.6628360839914,-4696.419602314591,-19660.579247840305,2649.487635878689,6345.5355526007215,-11905.438864503565,29344.9306253469,-3000.829315836367,1435.6984949147698,-61.23551830767103,747.6146823510954,2314.5166595288692,-67.40663258741158,1317.2183271484128,-42321.47274354551,13447.203995857273,-2487.3188738764507,1443.0355660565879,-29587.593768214327,-4513.816071010301,40262.35332737852,-31289.829514128003,-4746.788338637374,1139.0594065165287,-23480.684666099558,-13493.360813645071,-5539.35994551234,-30886.919956104757,-21883.313966972542,-9169.832235396207,777.6188022811098,15211.260951071163,-131508.57915624938,-46662.42260693176,10751.902977606836,2570.342126120267,1916.14731468116,-31611.294192849702
2022-06-20,11645.054074576783,1771.9164616600804,9585.490766919422,-17123.21273719726,51523.46342231805,-67594.76406602818,-39448.557201570045,-31987.1346659506,-64010.32416947678,-9236.394377613798,9369.669618244045,58494.86228384107,1498.5744645668867,-3730.5194409829414,1317.6894916630567,-26041.300920602018,-33607.379429192784,228.86219362917154,-16950.581632897934,-10552.804056212368,3435.5099916193312,-935.569941598085,-3156.2565003921663,-23418.86368738831,20091.244626806136,5748.052768331205,25488.98365323027,20194.461081738882,-1612.7869410215822,1369.75157582526,91.62045914452557,-248.18904792345842,2270.5494964429317,-133.68366353223578,1429.444498503818,-29347.469961060047,15424.759049610038,-1495.1233415842892,3155.4707270813988,-34315.7092341918,11876.22231568054,42994.30326977502,-51840.053671254,-3623.637135256395,2175.1152933658927,-9702.78120890059,-16517.058883290614,-10899.618524724214,-34652.866201777084,-37448.86533192944,-24582.472813055418,-20350.64774615234,14058.47499234899,-13192.305009887341,-30778.334601775638,-10600.566483992789,2068.253146686967,-110.27353976648862,1989.1600601007435
2022-06-21,49379.92139576519,1625.2857333653485,10175.546223967627,-102988.85092973332,182914.81053311983,18962.097099507715,48371.44344569837,-32696.805865599457,12477.71100282777,6497.5986136539495,7472.126700254684,91445.38614713166,6067.399430033001,8302.880724988992,3642.771580555046,-19131.988025079532,-33231.78055788806,5206.1516660308225,-18942.448700645473,-5030.947793820309,-1481.5200223884754,-1058.2885599460958,-1208.335638018639,-19585.183703810017,38069.18511732674,4406.036159651362,16098.59927658007,27956.94442309122,-3137.6382003054214,2069.252460642824,-104.68870786426022,-252.89494144040341,2282.0581634351192,-133.68366353223578,1450.9560748203462,17705.51454052602,12490.047223577998,-1855.9213580609248,2878.1931761201467,-32418.47561175496,18877.74836465595,67442.79751865884,-52127.37624102769,-4301.018537317424,5845.709490943307,-10810.493420027498,-14443.130059927858,-8760.626518637477,-37258.3683326358,-19610.937367342885,-28625.549502321723,-2317.5153796378245,4880.66557637231,-8000.769176732414,90367.45112031378,1969.2183811955751,2412.947246212636,65.2562378400716,1611.86777068182
2022-06-22,22817.93111602299,397.34950260535686,13542.3357386172,227814.23042933736,273006.16770125506,29619.345115743774,-6767.744707927878,-82355.01939178938,15508.399525092453,16894.599885683885,8133.3441733244235,104751.25926518335,6835.531995972098,7263.217135747234,2775.3232399848416,-15055.720602051837,-26631.985101624094,6724.65255234985,-17554.86730999149,-12311.956585517775,2204.2598406107545,1533.9623860792206,-2105.1043025576982,-25769.656230835793,43653.70051897119,6198.60426515972,22345.497353261584,21122.886454655345,339.1419573596072,4027.0274458309514,-621.5797312607334,-408.17913942017026,2376.9329920023383,-67.40663258741158,1380.45971716531,103708.93645767169,14151.828053405745,-3021.379916317822,4734.4873088046115,-32456.29543141199,23618.829366739847,49507.32707908025,-64865.35854879981,-5402.131413696392,9759.008272911384,-13084.514512659867,23359.1425998848,-8024.282551201364,-19834.77901539972,-6213.97146758847,-2278.4763074034963,9901.763139303037,18541.17319397046,58241.1934199139,-32832.31332032077,-1102.6303866365301,2727.6701517475303,152.04038291498182,2471.215643377465
2022-06-23,33937.52322515528,-423.5509791955163,11701.170680028143,306366.7149141373,-33307.486123967465,-124705.8663664545,-54299.665746650426,-134003.805926012,2211.0123012975473,5049.147766631749,-20380.18253634656,78951.74011717876,7907.90240154098,-11354.51778515519,-6963.478596913747,-17475.226273354707,-30652.244895923468,6031.907071308353,-18524.638586283938,-17462.709126275644,262.1483397498966,-3651.0227251766783,-5374.502987727212,-42893.79954972898,47852.069154506324,-6478.7761347571595,17403.868556754103,10711.745509239592,-1887.0909379958516,4005.614344775569,-33.946095457901016,-372.32839040395766,2376.9329920023383,-133.68366353223578,1408.1977343121257,17798.03705352857,-28642.493188969158,-1735.6311447360063,3372.1843866502436,-31295.239153217197,10247.052402919797,-38228.29491659076,-74823.05096367112,-3980.194818705512,-247.10117584873274,-16918.119911983853,-35023.94133884504,-11600.997166590605,-22899.76181851917,-29411.349417472844,-17452.047166859666,9929.622167613712,9111.53214457705,-24548.211553999357,-73173.67002664754,2711.1021667261393,-5496.211680101216,-220.270715239816,3222.387764805051
2022-06-24,37752.27016887705,3307.6931458516387,16006.78952626881,-156948.69996742744,218209.49873198703,-22302.165645023433,49844.34038262135,-50660.81598900741,16156.033406856966,14685.15871317431,-7950.026441923583,100164.75968462888,17726.52536137311,-11215.422369223692,-1497.4922742332521,-21476.00082743597,-23104.477375663235,9676.727133112356,-15580.70123151202,-7781.628159184308,-3775.1353392798587,-990.3901754765379,-226.81838665876126,-15385.409531471749,51530.87174394913,-5982.792936788041,-35625.47153641784,41278.71621798807,-29.296747592064378,1626.5690120335225,588.5195184365583,-317.7039049249677,2663.181647983749,-125.34133549210571,1434.4995713561293,-32530.351059770896,-20093.796911688423,-947.3988133549797,1620.6689467362423,-31355.0883561347,12434.62306662339,64647.08517552068,-70450.73343116717,-4410.924825458151,5193.349737474351,-16479.489266302808,-25402.627500349226,-9785.744105642852,-28663.83614044676,-3607.7068735335947,5912.026146739709,-8615.30565691618,-3731.7387257156715,30586.426305901976,93052.00990260736,616.491025278893,3947.8006584610403,-148.0259566884884,2550.903715765501
2022-06-25,-20494.016851748424,-515.1610494044967,15452.075721952897,211616.82577920868,169078.0349150339,56835.13495569786,-18866.445424395464,-36393.43590886961,2581.1972508274466,2734.0582408310565,-13642.53803758618,92921.17850043558,1848.2391810342874,40345.70586336123,-2921.030603707559,-22971.57624506788,-24019.91070972763,2680.130289016951,-15581.666231018153,-3131.6556079424877,1162.304079112998,-1381.398212419896,-1190.6637434033241,-16322.103455886683,48804.039855218376,-4354.322205961801,-51236.91650084892,12888.87021067667,-1998.5112523784442,2094.8406001111903,349.341492149165,684.5499072567959,2777.3234736747945,-149.09959049698853,1345.4231120355469,-55138.348426665965,-15806.900403295487,-477.7144775533821,569.011318984932,-28637.52704898098,-37662.12655678576,63863.2546397462,-112781.98137501537,-4498.116832452553,-20572.413884641188,-10075.747215261943,-84362.24999492771,-11408.364029025683,-24494.535369090652,-21177.364858406807,-5811.265955959112,14211.752334619963,-34750.24657900174,-47907.00918134601,-44408.43901191205,-3613.456944845909,5343.956578137438,279.58586881004555,-79847.01723834887
2022-06-26,-16547.74545626867,992.6767914200043,14988.366237442178,-52039.79835932021,5832.316014672126,62686.409599917766,-15802.64069550066,-17257.395320399053,-8236.116806238655,16.85603242874913,-9792.66611389559,92381.04644805023,5545.70429760793,-9528.338856789585,-4712.355434285866,-33120.04327245143,-23156.328581849943,2485.5843597187995,-16730.288366174875,-6372.97106318706,-770.5158398868016,-345.63432835627486,-478.1226663410109,-23745.903351738758,49017.21558857069,-5926.866115615341,-9003.586145307469,38650.84906580429,-2035.8668378938955,2073.947983195978,-23.761338675819637,326.39509581895527,2601.00548985013,-91.16487996289986,1271.561835538256,-34297.1414617223,18403.56180270241,-1564.515499983656,451.37476990609275,-34590.31254228356,-46127.072440358126,41435.451003622795,-104443.7758294403,-4847.069195166186,-17367.418132728162,-11142.69458582611,-85477.07734655472,-11467.549707393398,-32597.232077588087,-23511.614967837846,-16584.308379262427,-20298.564580387625,-3134.8615552951123,-27414.64052946785,-32602.79230015836,619.5217270933613,3672.9731277723877,199.27592499479954,-76790.03404992563
2022-06-27,-36080.28814291201,1141.1578816248548,7675.532870746036,-129925.39294087578,-103843.5267683659,51180.76909388492,5942.6957785896475,-17655.459971392662,-11486.669158977773,2770.3414561273967,-8078.525451525804,94855.66973822875,5764.632378639885,-10026.739167860296,-3511.777006310512,-28193.68409645501,-29472.19901154843,9539.540131690406,-18042.75903807282,-5496.457626264276,-739.2629257730215,-1460.3899015715715,-1183.7834388393626,-25329.645824791354,56219.03879340121,-16137.399488151501,26017.57665250236,97581.6756795628,-2865.963379108625,3503.8609929501304,-23.761338675819637,-246.3376181007427,2425.382039786715,-71.16828628279136,1326.9454954469325,-23305.58622143591,15847.66210029245,-1878.7041736154076,-1731.7027127413025,-36232.016326152785,-39487.34859144237,87659.78968062781,96501.34002364689,-4953.255824111278,-13648.688159638632,-21458.26443182011,-63124.16891631893,-18272.916270575257,-29020.762637222266,-23744.02104558886,-23670.760287700607,16047.005589468556,-3678.725466355936,-57779.44804943172,-32418.218763651443,-9421.391123352609,2812.7767155964643,-127.28986333090097,6380.2390144994715
2022-06-28,-13997.946676681446,-370.604205089223,15710.95708094824,-52754.91019356319,114940.61243382904,61865.33067091547,58080.40388421925,10333.633403162314,-5514.31356655535,8802.227272203818,-4985.342612878631,130574.16813754334,7612.090234971603,7399.006470685908,-3052.2685460997554,-14922.680072281948,-24684.20450241732,5559.894504765256,-20396.262555762172,10251.825352752907,3514.601295354012,59.61034395997012,-1647.6032768052175,-13518.78440444459,70870.14587552588,8539.262859947805,17679.903770658453,404696.3938638436,-3227.762735981213,5180.880415927903,0.3394455449541488,-253.1299364448589,2878.7855264142645,-137.44532485701012,1426.6867486712772,20577.90683585294,14257.925712014665,-976.005541253255,270.3253096595372,-24881.540790501676,-22025.914168868396,113915.52954750971,127823.63732240815,-2472.456890489385,-5444.097797839504,-15631.70809916217,-36178.0271753469,-10591.76155908724,-45792.80464141893,-25513.115591730442,27234.880254812408,54117.203899194516,10094.679646041775,62422.6393978438,-35623.226464796346,3003.465267637889,3932.5912606502116,2.15509754566051,6233.273803628443
2022-06-29,2476.885809488178,-919.084112639172,15311.748311701589,831813.0665890197,235012.92174130672,86374.87251509544,74764.02284209194,-157958.92338899092,3232.2743114627465,-8794.40510869293,-3573.2149339151356,138218.7826529242,2696.5192147297025,6616.397125115129,-1947.1519785700243,-34326.39408501698,-22950.92792517283,4479.092171354754,-25699.794162935024,4900.208496224962,2030.5118986932068,-6086.109875652777,-4047.9546489260374,-13633.081786908295,67994.97080975317,2021.2432967927932,20665.584213299444,391742.78155450796,-1163.8485225575132,4589.353682234823,-558.0371278967768,-405.7731088307947,5606.699372492713,-137.44532485701012,1525.2896832200904,100110.97114127703,6710.716504659472,-2692.4066418079774,1952.6392709361726,-18714.169260881987,-3729.205616476984,148270.24537966185,372949.426288086,-2055.9389009062324,-11832.794722727951,-13885.273685935765,-36413.05983677083,-15938.716596963468,-36468.11520616246,-26379.736342907097,25779.092479631578,-10147.47244627102,33382.662249450244,86283.768147485,-21577.55604914877,-6355.6692869762,10237.057265206422,-15.012976760556114,5377.253567957716
2022-06-30,-67112.61086497425,-137.73969584433073,21238.971497700742,1124831.936167529,-163194.21393128834,10866.272262693801,90067.8077248226,-150165.7021409269,10229.437408747044,-6881.1140387480355,-10126.688115904832,128393.53069186358,10165.51205456016,-6782.548139602675,-3701.578938368761,-41977.2986240301,-32226.38215504558,8687.28908593091,-24081.632474427395,-1522.316601785533,-2822.1198973416695,-3983.2343776524235,-3215.5698935520363,-43151.72640275719,-7172.390524208822,1125.300400303222,23886.971372908003,341549.14015058137,-13691.501977332158,2558.5025555845273,-112.22626380380643,-412.1990581680821,-117101.82287420108,-129.10299681688002,-139787.88457706367,17580.79324415544,-23894.812083664612,-2721.990561636854,-746.7347560409058,-24105.40686284347,-7355.656156322435,40221.49001405948,279013.551767471,-3068.679093350832,-12352.591970086898,-10770.056381379076,-15385.469540317028,-30926.36830239425,-29816.32078826702,-15378.79642665336,621.4472787191116,-23319.90741432955,-18955.839766513396,-10648.342612544991,-35856.441897273835,-4862.404717811121,12622.257626489954,158.8416775217636,3370.34195779129
2022-07-01,-6812.845942576629,1647.430606821794,22127.38854887631,422240.56216439494,67690.6688190036,71017.75202176858,68222.15279769433,-140435.01457179838,-24957.725730528655,-7657.8472600926725,-8639.539192412478,83145.09240798533,12285.430364345182,617.513657582814,-917.2526866962373,-35684.06463890245,-49322.16440451462,2840.650372764847,-17621.712610176626,-1835.385233247727,1377.9105889947937,-4302.112510009365,-1679.9797600845693,-22508.639909287333,74674.5190135435,9690.943587218753,-35325.9030226283,-213345.38636918156,-29.19559679527947,2247.0329310902744,-332.83172590563055,-1075.9812912232112,1871.2542155298654,4688.161397885746,1442.2570896105751,-40306.226539277675,-13250.74688189773,-3180.6863359465606,3758.246332408134,-24559.45876867912,17932.645547760625,72041.43132026325,326384.01452426973,-3472.923689312334,-2268.0648435571866,-3826.2974524389215,106736.64253180096,-12244.384338081087,-47479.97327520395,-10229.10799884772,-14456.879528051259,41855.41780570772,-17500.42167680289,-12490.138751673618,-39331.92947742604,7377.760496818402,10445.93770249282,-126.90544674084038,1577.751775277298
2022-07-02,-2440.140807918644,1286.8338986154736,23920.47928624216,385923.6782245077,-15283.609102365357,70698.54569908071,84768.53381278657,-141913.3473540417,-4255.485838723025,-3753.4419123773387,-9358.056294636104,89365.55487866115,25262.778236091886,-366.91543241813827,680.5460271059857,-26748.798535207494,-3720.3587552179033,-617.0074432293011,-19966.127484611177,-6703.22544841138,-1814.4607359832148,-3252.027688443325,-1779.8804969582434,-11009.937452729795,33234.683408656776,4776.272095118308,-34833.05089879116,-228757.97169487595,919.0392659863421,1732.816529277476,-332.83172590563055,764.4300224908658,2026.5320315707913,-137.44532485701012,1449.1280002551064,-46883.24723646826,-6690.506536670934,-3556.5679735759186,4695.6461985336755,-19514.158022294127,11414.487919446068,26930.58449330393,145707.74300430244,-3020.8359481308526,-7828.064090389455,4595.912286181403,103080.12432108576,-7703.309991815858,-32045.37823138581,-11539.918621234427,-27919.4141167008,21628.713053459564,41835.52158724119,-15924.096534825443,-32154.633668895556,13742.266634143925,10553.609926095849,474.3879731469201,-27771.678245247364
2022-07-03,-15396.857393221177,1074.562455982005,25968.5404371977,261743.2382107118,-102167.88875800095,36251.46734011102,54596.53964694076,-197830.3295798751,-8719.12146136156,-3897.3426375948784,-6353.6493492662485,80817.15217843161,11635.503272129601,-737.627872540406,730.8111766467755,-25003.441606620756,-15200.978829064774,-2081.405275416247,-16270.533060548336,-16676.97483460157,-2480.388788357735,-5487.615045473909,-1584.5519972644393,-13578.788588640688,-9527.898486473609,575.1164194057039,10561.12633178253,-262370.5623833564,-1158.6932456348457,861.2723897539504,-332.83172590563055,775.5826981195279,1789.6989867808138,-71.16828628279136,1445.3190453226457,-34555.187597792516,15608.936437917124,-3817.392454730803,2762.5519333258344,-28931.783850293697,-21224.90098952741,-53358.73670541389,106189.81344950627,-4749.648554788271,-15735.663100070322,2284.6196137974894,5203.551714713294,-3190.4571560353675,-20982.267373782794,-15529.523458014059,-30553.245698050643,17006.827067939248,59355.53795228563,32682.575341423337,-53305.87993543574,12504.203747369322,9616.539552004457,816.5696825135592,-24004.005434049905
2022-07-04,-44162.97776004711,-719.4927316138727,17231.343756693328,-158326.09018766234,-73320.80163998966,-28503.492425672346,6467.338285779706,-342957.4171395221,-28096.731696993942,-2694.517388688283,-9564.669972745116,41249.51460770722,4197.765332206322,-6126.6050331319675,866.3766223575857,-39360.01342790107,-8302.412504866394,-4477.009229997215,-14008.050585293258,-21382.628619894036,-6327.413383334413,-8289.158921148215,383.34213481021186,-25968.05226161705,-53875.29499725676,-8940.96502720724,25445.838282986497,-366697.1747899526,-1812.0412974085846,-1464.430720013067,-300.72169973288084,-291.899367632491,1624.989975094527,-82.82255192276978,1178.3540435703185,-20347.00748114531,11769.502528679803,-5322.424560679655,-3559.719972918378,-33536.78701038039,-66431.6775027136,-124846.75292938172,-153882.60231211962,-6097.291812615409,-21609.84198439022,-24324.73209960143,-89765.65570662697,-7697.963072577074,-32869.06505056289,-16059.19390965514,-7811.977251289108,-21478.033689711032,-79950.44266038176,-135056.779129498,-59388.1848560663,-231.1109696335052,6217.845758391543,9.915320754720966,3327.153106380888
2022-07-05,-43291.17374962472,-1560.3586718651272,16675.682390047972,-863852.826503115,109457.71983871523,49040.296194745344,580.260059244451,-225925.15724291067,-62816.46086099918,-13574.159016138741,-8770.07035002852,-93907.42154716514,4756.871023549318,-4012.899315166678,-645.4083361307138,-14075.081284286713,3116.619512044723,-58.11332686546939,-15483.716901001731,-1943.0494723258598,-7744.980770243363,-9253.071229857216,1101.1989442148256,1890.696014495952,-37909.95979722553,-4010.269697116231,8414.043786850525,-197270.14436633443,-1386.4380972135182,-687.7698379186713,-301.1341975562153,-289.0957911634741,1636.2419091655893,-157.4419185371186,1148.9621939611761,12443.955391442893,12892.204994195317,-4275.612056217989,1613.3962499143918,-29857.02640271101,-35190.65194971255,-128401.40744375529,-67737.99099828402,-4888.40168146453,-13350.38800649712,-13185.536509007688,-80830.63066903228,-11262.76703849396,-33592.18216737852,-15763.633443535691,17750.08852056344,-13723.91158454667,-160198.83689273804,-18288.003634821285,17264.183783473218,5189.497267595043,5112.619484334706,-207.5474942713833,1619.4429412127288
2022-07-06,-39616.35805166034,-289.94433124844625,12885.271700916204,-918865.2178629821,191821.8411415462,36879.90641154778,4523.862582389549,-261641.034053659,12409.664134928062,6328.846733730805,-6121.892552708849,-115983.09954662112,5181.380187609146,-10703.451905610491,-221.19918706159535,-31092.05530570027,4710.504302091993,-3883.3568431649574,-13686.653497979069,10645.311606676496,-3589.175278763337,-5660.063256676087,735.3421236096508,4191.155742800586,17548.258640857697,-7510.067928827761,11484.112844615764,-135418.02344695758,-499.1893247824237,215.93473865942315,-894.7295743434893,-289.0957911634741,1691.1613143220748,-157.4419185371186,1265.321578777185,51490.465236437034,8086.96917004744,-4626.515323482014,1912.1735520558523,-28578.754093247666,-21870.499511750742,-133255.91896593006,-61109.685117117806,-5629.7361395054595,-7084.648841487477,-15925.293394144119,-55274.65556742097,-7883.825737457662,-11939.780416955524,-19255.217707735384,6389.203149723058,-152.63978024627897,32420.277144697982,18189.297878895013,15672.623576899206,6469.418465709086,6435.381780369826,509.54575820102036,1614.9805832053937
2022-07-07,-30413.06857091741,-287.31584571292876,11215.808112668696,-663274.2132679564,112003.83660563595,-26550.470734037175,-17178.235232920902,-264539.4033254363,5637.534244203702,-12511.37348273569,-4419.855486021956,-119031.92111991323,19320.486737682317,-11367.558244624957,-1731.9194845062636,-24365.114586279324,4524.950039915328,-5449.312919906126,-16590.78193649776,9670.460412177194,-1732.237864537302,-7019.833428887512,1618.33539920921,5318.271703463159,33823.73315321554,7965.082032580926,8974.068496450365,-85738.68778573137,1224.4670881342668,1338.4784980103236,-214.6764249684221,-291.1822159906453,1658.985178533825,-157.4419185371186,1283.0760059986544,12801.842251940014,-20123.727388230836,-4079.7973593417546,3278.1083258190533,-25184.725661996574,-8595.403511010792,-129180.19973430371,-58200.67445547516,-3327.907481577578,-8442.505483057423,-15196.014200842741,-50015.899977426845,-8559.976871120198,-12198.797614315283,-12885.782358640618,-18295.57626854111,14964.19820982916,23824.205187077838,2022.489248666407,29716.365504102396,4956.997054192839,6137.201843057459,388.23467916156665,1630.3922175820712
2022-07-08,-66382.98261017255,3646.7820635111384,11512.39982333206,-625270.4902890731,76161.7967234627,39117.95635963141,-16964.7420541438,-203409.43332301528,15072.724928954012,-6002.148531428245,-7727.208216409178,-110005.32954890319,16721.712359882396,-15420.786099323377,-1992.4110346740797,-24446.58183753227,2844.6447901860965,-7391.4344137400285,-15475.545946650873,8645.117074717693,-1586.0826400411618,-5474.557090756705,852.7067415577998,4030.180340638378,44573.728126608316,5101.682417053879,-38807.35334161467,-65417.491958468665,1464.0448600710251,-2544.326029367204,-237.47418768569833,-325.67604632258576,1753.2290633455123,-157.4419185371186,1269.9310383875961,-23210.325891555673,-22716.834010090504,-4250.004932893549,1880.8647660700535,-23010.08968246881,-15587.707765618174,-150338.7490309461,-63420.01046693691,-3368.2576373695447,-8216.190836107995,-13817.530830167136,-63258.110035413796,-7572.2907605800465,-15111.355743049256,-13686.627349982129,17879.745770375062,1498.421612764681,14659.314869595084,-13546.759974935661,15880.044699447786,4849.231430274442,4964.969419059771,429.1782366492637,2899.696938051242
2022-07-09,-69557.49614400009,2885.863412268333,13964.355442876398,-639976.5216962018,49249.41372141994,10445.802417190242,-9050.084244584592,-203433.6326054828,10351.571198138694,-1326.1523445669714,1616.760627223221,-105470.91061139379,12763.363348618172,-11490.247381410452,-1427.0835019438705,-24199.646802375886,7795.633282209966,-8596.128041854896,-15847.157028634763,8713.96341134937,-2960.8342999396837,-5815.667545045184,-1058.8132944566582,-3538.557993960674,42581.7707024956,-956.8022187298945,-35270.12226130016,-37634.64882972097,1299.8055164353505,-2664.6400415226854,-237.06168986236386,331.34491519776276,1552.6016829744185,-67.40663258741158,1338.2322971051085,-35071.37500987445,-13195.051854859415,-5300.993581512464,4171.918130042686,-23983.88755324491,-8132.0866579216145,-125433.55009865203,-38782.681459645886,-4431.267029227586,-9868.271642641028,-13443.738404764503,-25705.239542445397,-9108.195711071552,-11948.605768620091,-8783.552122614738,-24605.963933338844,1646.8897134638669,11083.341087088953,56655.05703441447,31743.30313123307,5986.7289742178,7196.5932242675935,1170.0158692671507,-42488.27785273938
2022-07-10,-22989.161926876535,2294.59124182952,14225.791128737057,-602578.0143956845,-30424.31799373226,-17126.241874624142,-6982.783001141912,-199040.8812056392,7147.342309480689,-2447.9361386766486,27555.85294671206,-106566.67908093636,11661.192872202817,-11684.842728339301,-672.8296161512021,-27232.012106960872,7947.709524898656,-7287.240092231361,-14490.001235940123,6976.441419824362,-752.528053898282,-5712.743105815736,243.40603024930306,-1800.6314643908381,53691.204937028546,-580.6372631754612,-1070.7953185835659,-6363.930090856633,972.0073486747962,-2745.5164047851677,-237.06168986236386,308.28909714388703,1522.4352031258472,-133.68366353223578,1428.259219054814,-17848.687431019964,20528.60195895689,-4168.418617669378,2100.5977292784137,-24145.15140123351,-10402.016141538315,-87375.27651746571,-39928.91153074363,-6337.197020380498,-5553.605354135955,-12090.133626306375,-25676.61104312677,-7592.143341698275,-14647.013414344929,-22180.42810757349,5012.313266795907,-139.75304301490564,25736.269993247675,-2183.952542877309,38350.07242830325,6606.389882288757,8775.332171927914,799.2721179667858,-40666.44072050861
2022-07-11,-24219.17552567558,3969.9719860159926,12664.086194166208,-533802.0145980777,-206808.08909350168,7085.3406489334575,-15303.518772381067,-104237.99968073213,4140.841453123772,6547.5642020974265,19077.64137453673,-99330.12137010143,20341.500437439594,-1994.612222991422,1614.9398686968598,-22636.322512224993,14684.284292080343,10367.227144755623,-11946.860882191959,2967.5588213121714,2336.1051711642303,419.57725030982056,855.6741293655496,-723.2143279688034,70359.41153182616,-1145.2464599854095,39151.91539827206,9659.501726784605,43.044460220593464,262.8334331711936,-207.59056969447508,-292.3955086626986,1440.1414185517447,-133.68366353223578,1426.5335476916794,-4914.885302802431,22480.342244327625,-4697.667688205194,3611.0816707021377,-22621.594246717505,12280.635373297666,-74455.39598846238,-20202.5244576537,-5328.453753796735,2916.1655392510925,-4727.303534251193,25058.95492565469,6828.759370761991,2656.728244529662,-4203.901911157846,8581.414377646477,7279.370002137989,21328.790052483062,14308.789872871328,44151.50973327058,12233.913157589534,7939.835862843515,590.6897761981597,1370.2785258583067
2022-07-12,-23277.67861279476,5329.928330776436,14398.56941247081,-338854.01737001375,-271723.93802841916,134779.4941945126,-20269.56057365777,-89146.02657897057,3802.9653832026615,5858.890604595732,17614.86929684581,-102385.61179333375,22698.902403447413,-7042.778748500397,866.685429352566,-28656.140780607104,7721.83522200599,8208.513763826668,-14155.823930324306,5367.26273584271,2637.953398758147,249.32465769022338,-1546.418647204598,-586.7819180185434,61637.852190894046,-534.7212560811713,15906.47540438886,13503.459637366706,711.0215971057066,718.9944328006293,-147.21864411296292,-292.3955086626986,1524.9959656208198,-133.68366353223578,1413.8003338613821,10697.32034266983,13269.481289476946,-5125.673743030287,3671.9030294389736,-24232.100137010817,12830.643629406906,-12244.064717291823,-30963.757882704624,-6008.464113083206,2953.328808419499,-3972.492470616809,23061.10182543532,6239.2431628247705,8491.468448181118,6830.705383251116,-12094.821588268318,-28621.98868382936,16049.158894402524,-6580.862770433268,-14287.346563509767,5938.835646419299,4499.379926260416,684.4302804797252,1947.930324849559
2022-07-13,-21265.114933948385,7516.666285668115,17126.785703322777,-246206.29521705236,-224620.3554780836,165265.71215893296,-15419.659038355425,-123767.51353974843,12615.658305104336,9434.066024253236,9494.478196057416,-43612.074229326885,19308.23239398979,-10402.042818003498,32.80961536183753,-32000.714213690317,5461.40366879681,254.40116619176086,-14776.902771300389,8912.054373349743,1879.0202998486502,89.67376452814074,-1109.0905247723251,-1864.183676420065,37158.1029573165,-896.6357712819,18389.080137193152,13930.483969234097,1377.2280335274877,1516.7955797546667,-305.4619285162826,-309.91820183707955,1372.1118798020482,-133.68366353223578,1424.8867165518313,54211.31910956266,3996.446306790889,-5087.4720149376635,4806.509613269043,-25233.3852107162,10561.918302595437,-10894.094906377466,-42280.693789754616,-7003.471991772829,-807.8653056804642,-7395.026088215391,-12745.302502446808,4856.787208494319,-12137.43900626314,642.8598728173031,994.992279654761,-4007.744083529755,5318.954326658292,-39773.23840060964,-24779.977257644616,5936.255376151063,10716.760698919188,584.316226535436,2832.068488829089
2022-07-14,-14459.835089030841,10799.343900165384,12562.156081194069,-183502.78763737105,-202254.89940305965,71872.45409152658,-19073.59811192046,-116567.09521628397,18134.687297507076,6259.592688297504,16810.55936603043,-49509.636086628976,-638.3102357959456,-3226.2732861324503,-570.9558800657043,-27010.191869535716,8586.970845062575,-1101.690643565918,-13397.850693238976,11194.585591145598,631.86611613588,-447.2585589234616,-650.0785632538339,-760.8940147823105,61688.444557164345,-3715.3172529534095,17951.82903290919,16994.072793597457,899.4813138394727,936.4847531020004,-239.70059586722482,-269.88480606986764,1528.5139654728068,-133.68366353223578,1426.5564996171265,14247.69066719062,-18844.985542194067,-4773.928408419849,4524.963713730119,-27180.82258427543,10258.235948384252,18800.58820302731,-35661.505017706324,-5210.9842236386385,530.4204438919035,-9270.434233798507,-13856.352885023332,1490.964527576333,-16013.38609111721,-6353.594266806194,-3284.82044667617,-18623.001757316306,18858.161650734644,-13075.620340576934,-24433.149658636357,3407.44870207275,9257.944436657479,572.9143806883029,1429.8201954478484
2022-07-15,6231.900077151629,2422.059956493004,13030.307476102285,-164515.3900257285,-214744.16822670551,56525.876474644654,-1031.0513063715207,-120704.57490229141,16265.975225551694,6913.399097994793,14631.040623737586,-49124.577934439316,-994.1293654669462,2662.7504462116667,-635.551242439823,-25561.231695778286,11643.993225120472,-4891.015731680504,-12762.910898858008,10833.666521224266,431.03691306716775,-950.8467094297929,-743.7498347406614,-1207.9850918092461,21147.745541656215,-2112.7283399365842,-44425.5221052695,18176.17475076572,1402.5965413014485,-1268.5347978130285,-239.28809804389041,-347.41455755685047,1528.5139654728068,-133.68366353223578,1423.689503955626,-22030.464971285008,-20349.82621024616,-4102.29264398852,2353.304669944768,-26483.1667217362,32287.903178074597,22389.013539627413,-34445.910084247334,-5872.400770147187,10124.789606258548,-8843.609264678043,-4899.356925196805,-409.113919202751,-17439.50444709682,-5991.649412329018,-2805.250979948514,-15490.953224466517,18611.037557234875,-11923.340380161384,-18530.055549711728,3483.7939405142934,9233.798515946564,684.8049507249478,1880.0897292570623
2022-07-16,-9678.660332460075,2395.576862483453,19007.098727632678,-231399.04529057856,-211872.74175738037,40445.099010677426,-23190.90231602669,-122726.86206463195,20952.230816098894,5744.444179930787,15138.92214510341,-47031.8915736797,529.7972780659928,2335.8713537542058,873.4501288211657,-23564.252634201002,15669.393178315215,-5521.582249225553,-12314.383664690788,10965.22836783751,1470.850900831279,-1061.9000451304178,-3535.8966582912626,-3532.2664111193217,38562.20268201949,-576.094293900289,-42679.017369160436,27725.706093802102,1224.0659576206713,-1528.1984994363463,-169.60390900690467,432.70520137502984,1433.483508929838,-59.064304547281495,1415.7622858440893,-33674.70458610196,-14700.555000912445,-4276.954186061359,2085.961659401573,-27886.76548661364,24596.133055687354,25841.723399796847,-28076.80495739218,-6972.7768333098575,6766.786044818726,-3947.0209860440336,-4781.553113752823,2088.1442375496677,-19947.249556279203,-3151.5731478037605,-13512.524388993355,-17026.283847902232,-15026.298588479895,-26854.20836896999,-21626.23620045927,5548.153422895633,11361.178073390642,1149.2878900460778,-40558.51744024571
2022-07-17,-15421.84312928425,2453.1450376939983,12429.97997296872,-277339.6842768722,-161591.17527782737,11294.236438205486,-17495.293571708236,-73979.87994517181,26195.840286464743,8828.301123531286,16160.81266380784,52129.62073906504,-1630.017422685266,3221.2140357984526,8587.108778396512,-21914.669810142685,9706.402962692955,-2952.749959478613,-14819.733972448403,9575.674443142401,209.296263633337,-779.0897353072338,-2036.322717615947,-1479.4547193544515,42414.05810616567,-8275.701477973129,-7927.8024095808705,24513.496272009943,-139.5135802764355,-1354.0295542710764,-239.70059586722482,352.1641279280514,1350.4470439461597,-133.68366353223578,1425.6323100438426,-23375.96836200825,19688.952787369955,-3746.9078187054406,1247.3951214416543,-28709.69439012953,5858.942594383696,36288.52123792893,-38655.547190087564,-6540.60520678731,1038.0092207568077,705.5390611324856,-6291.7996801538275,1754.3213766903934,-27055.36647089355,-9506.541513527496,-7531.437508513942,-15166.3378622702,11241.17449596797,-9109.209372197838,-22120.968553624385,2657.4827820234623,8585.485485115547,1447.797578116274,-37337.67236484642
2022-07-18,-28426.249216795364,495.4856690420364,7741.653453085035,-213524.90778968547,-71986.67996989077,-191653.975363726,-38018.53647024871,-95004.69815160477,3263.6367225893073,4019.0990297647604,29167.361480654145,44520.2237577475,-3231.3135092818507,2329.9857234434103,1343.4606642953436,-21622.674450133192,7220.943832592786,-3921.980713126167,-14153.565072848458,11923.09199472589,294.1910492473884,632.9840149132801,-975.2823129943793,-3387.9481467853525,32830.45478149372,-9907.899089535389,34007.27444319817,24812.546076124258,1930.5190820605792,-3491.3442097361512,-269.58421385844804,-284.7562666533578,1412.5146098641285,-133.68366353223578,1416.9668631949105,-15008.142311650034,20962.685009944962,-3079.295249874987,939.9172500809594,-30088.051653086113,11249.234791419743,68502.42972894781,-32409.365296967302,-6560.787645315832,2321.529979447002,4257.241970761759,-7335.591117447471,3455.0628241202626,-27408.30069349372,-15812.278853913009,10941.686521014062,-9352.307293588536,11003.504094834287,-10986.562716911063,-22566.59074869383,-6725.205230160881,5813.275462659097,571.7057770528977,2064.425617781537
2022-07-19,-34487.058489057614,2160.863543299356,14989.478883070304,-176977.86726801962,-76968.39922166301,-180857.8833266832,-9125.469811075238,-116082.30790613218,-2240.0431663960653,6486.557022729628,26150.089893046697,48149.62054329265,-6651.771676954459,-3941.548802287789,4316.181476313219,-30452.66283137112,-27592.470699419024,-5043.37387259191,-16925.498746277146,9351.30622830816,1164.5721871846235,-1899.177706978874,-954.232361685683,-3294.567842022304,6320.392396391744,-6523.60555510493,20569.577923456643,24412.763657792686,1310.9795815457019,-3131.289628681257,-253.3734806767681,-255.69851790942033,1447.8495708016285,-67.40663258741158,1418.1640757911161,14695.689955052956,17086.08566188119,-4763.846677890155,699.9493396139775,-30626.67310797163,11398.546921624595,32020.49145970752,-33279.01323956295,-6310.7959812179115,3090.363965043248,3738.3322614768717,-2707.4006494443574,-1728.2217249907374,-30874.313355129976,-2972.0876414624477,799.5164811649734,11194.45244936951,8952.672141225052,39002.64587542946,-22955.501411047,1869.138741948983,7236.646008953274,624.5074987980129,2063.3192238949387
2022-07-20,-27390.11341160562,2225.1088530090406,12861.444109405478,-277953.610328424,-41233.541394436295,-141449.84323744455,8601.057265323303,-77309.6781048913,-878.7306350276839,8267.915452635516,26696.207007347257,49311.482641651484,-6326.560129914898,-27841.925730732804,7177.119502979131,-21776.614645074023,-19250.21021138791,-4541.643016592305,-16905.661824836454,10040.629481119668,-77.41792241697021,-2473.185823957363,-843.9015123122034,-3881.0807685990594,23576.990977711255,-2497.115263517143,20976.308845523272,24897.687026413754,2555.4961142083757,-1088.216794134647,-823.0234583400803,-255.69851790942033,1379.8118042943888,-67.40663258741158,1420.634195675301,67956.5931334067,8395.297029780411,-3698.8658377384345,3063.60538767896,-27056.059153219714,22927.664361952535,28451.02966470743,-27985.38408190933,-5577.932701037802,6824.552314545042,6677.281121084621,-3286.8501245218495,-43.62801060669358,-31191.280959467455,-7678.92523442451,-1569.4828439776022,19989.40896360969,9970.088095438488,-20029.568319046113,-17217.636851336047,-135.75626168873941,7254.67012702697,747.7279033777372,3306.018929231907
2022-07-21,15791.643511014485,422.10654473925,11107.934379335155,-146115.9119299899,-68503.67225264343,-145637.5638127398,-31529.73442671956,-103604.14691832974,998.2725270252304,6333.748071744951,38050.834853656,49024.736780423475,-2093.074863464646,30579.593026356353,9286.342136797459,-17701.715267260577,-19048.46391478704,-7079.128899643042,-13547.233400271667,11881.894223292671,-76.38636389096706,-4775.415303787427,-718.3063005098288,-917.1212527233408,7739.438289290458,-290.38214369609113,19546.026731188467,24915.50769279244,825.8289120127037,-1395.2549293084307,-207.4187591668863,-254.98136626757463,1439.1826045412954,-133.68366353223578,1419.0234313314543,7944.658461457691,-24728.441653625378,-3147.5526015870687,1648.1180885003541,-25086.20752902382,22025.36999853851,24371.191404740777,-46971.195556750194,-4905.8583419881625,8327.728142971224,9750.688602876315,-689.9579675298903,-5051.150796157515,-31223.145001766883,-15898.338543121758,23984.97291343219,18979.27782958866,28120.504023856804,-6992.146847212511,-20073.050711777192,2465.0632173842732,7036.000775310798,683.4488988915895,2502.8442295216655
2022-07-22,17140.010872999635,154.00017375742033,11083.39144906847,-131021.68499258981,-75758.80316508394,-165611.41859695286,-5320.192238936241,-116089.56417212322,397.754578988199,6462.294491886182,33848.69939163711,42692.42064662109,3646.100315573228,21464.94884103394,2919.438477327622,-18051.726193274702,-17031.67943315392,-6035.332483122671,-14608.221110196353,8114.359701588707,-190.39427043215065,-3576.740856807707,-198.45663111467485,-6212.192902898676,20.780757629050186,-3748.8780390115053,-46610.29141786234,26753.254315715683,880.1112075957933,-2434.9908497264973,-229.08193497010814,-317.7039049249677,1428.0204358527294,-133.68366353223578,1417.175889145405,-27287.92151508204,-26960.74206612708,-2262.2050005759183,534.6031139701181,-23483.57256946349,14026.640219990433,15662.346589362985,-51717.84137262653,-3489.1550303068343,6436.257245256799,11227.385705095498,-982.9484115432249,-6541.331990178004,-33667.61095109078,-21530.871154662356,7977.14236465943,17789.595281156773,26214.136087445622,-13965.99086717658,-54783.7223599466,-732.9483211582146,6546.762559046889,675.9941786232719,2249.823519505859
2022-07-23,28069.81125893874,3159.6984852190812,18465.386136661567,-331149.606638608,-14563.117354856458,-117004.15186015745,19378.255556594977,-58012.449858082924,5143.561740647103,2434.5079183768134,39833.27814744762,57656.81516095574,3071.249026988854,79321.06033716635,6011.630662293938,2778.0611897417275,-1328.9922037868237,-1144.2659658307261,-14704.280457009474,14448.170234369067,2422.5244234026463,-557.3201629604325,-2750.3252461321817,751.0709080871029,26955.850067724037,5551.737822992253,-42081.810977041656,25161.02865973836,1727.8989064103075,-1844.7289764387383,-207.4187591668863,331.0781241940597,1281.5742554662638,-59.064304547281495,1329.1598171337414,-33208.355003904886,-13298.098607229524,-3659.3303556910155,1232.5893663846318,-21142.173228483633,11626.683531729792,37284.709167121655,-57483.39169217591,-3486.892867425941,2453.203806904506,15579.26659546171,-2281.3002760639656,-9262.86180513528,-32918.99481223151,22534.731589299303,-19914.148176617564,17744.203106382414,41686.83419142464,119633.53776475083,-554.4284759860207,7360.331283929741,10787.072526109485,1077.3879109796833,-31233.19898265481
2022-07-24,76454.29083589587,87.84768277266086,16796.693648442677,93608.71665150116,-96895.19966944109,-140512.17854630496,-32865.225328535686,-100525.14092206072,-43.810602819808196,1939.5834460875176,242.07902872857176,54204.88398345336,15791.283765321785,81156.01676557185,3257.2312459922805,-7623.448787466295,-6172.51350353799,-3831.302667991544,-14694.74875037909,18456.950798965678,4500.389554555286,-4865.673818925827,-2127.9025461283227,2058.550801554931,16946.55990763825,478.26158973499105,2974.6611574929857,12760.7824018906,487.63646057532424,-1766.237191801069,-202.9555218073442,689.2329356319004,1268.4587050384935,-125.34133549210571,1401.8103713081332,-30456.81458489528,25502.56673762956,-2536.8854805130295,2127.5555876426097,-37197.55236887747,3894.4734807583736,12244.50184644241,-71520.72589061661,-6142.287372895842,915.0326417506187,18590.52477742389,-3618.005860426475,-23914.97810188626,-31021.083085797633,-12079.113049951644,40326.41711659731,-14531.581138860765,28905.114063998742,8859.856033034312,-34737.95906584701,3689.1538486751915,6801.023988447024,989.6577799529359,-46467.438734179064
2022-07-25,18097.046637217405,-3785.714623087025,8761.347990635773,-80333.23944322793,-95806.25399299795,-64079.05335709463,4252.234619898578,-53441.226602362956,-4782.059716158645,1134.4633995827926,853.942177763953,27598.960292227363,13038.537521432796,16345.097447036369,368.05706377774413,-44575.56426111552,-9176.83644448666,-6198.094074749487,-16642.909041445855,5865.837721591358,289.16095500077006,-1416.1109081109062,142.72416952985836,-2189.233973664366,11538.308774117813,-6233.066665060365,37224.152582780924,40325.57820174384,758.7684428536501,-2981.1258206874063,-170.2570941259848,-251.78611282380902,1112.8884034544187,-67.40663258741158,1402.3421919330049,-20653.236132779824,16811.562000191334,-3279.73453910617,1938.46916547752,-49339.99108283312,7768.795593217409,25080.05977479957,-61518.96918159747,-10050.785450420713,2458.9367766237006,10982.8349348138,-7372.732637798789,-37913.55762422683,-45429.19735572187,-32394.698474095145,-49228.17088918372,-181.88358423790828,-133153.8512392569,-33543.85991539489,-62767.83205909541,-4389.769037171433,3094.5999669792345,646.5131619821868,5742.432338284052
2022-07-26,39896.10454208903,1344.4069923097215,10693.018772231428,-405071.396088509,-47752.21046959376,-39036.00952578412,7161.014311510073,-43236.033782512786,-1453.320523867171,3571.479648577235,3940.2386205655685,47533.354975491755,17643.4348649129,36577.703776504364,752.0169863750381,-29682.622534045586,353.47415422550057,-4965.91436419573,-19328.365203286798,3830.3094392292132,257.86529198830294,-3173.851592402119,-1050.1753388307939,842.2114515030275,15795.27928170465,671.631830483264,17229.347542943695,71237.8246659396,2238.0748904620814,-1637.3962739891963,-207.83125699022077,-244.2766428378471,1115.8526368528562,-133.68366353223578,1403.1770117922217,14880.043308536337,16892.005566383745,-3161.488650659327,1729.6093203752584,-50791.175913194544,15280.223147255398,32366.183179323274,-58300.74744030508,-8541.877133492317,3609.627276907773,8727.76701965724,-7974.8662123347,-29638.07014571909,-43342.79302400464,-12340.283357603614,-11305.911619044793,-9917.196669690056,-71148.64202702936,-44416.20277129221,-26646.02601578323,5759.26614984023,2649.749333203374,641.1039510852124,5471.166557088386
2022-07-27,55545.64143837099,178.33276266100876,11427.375656013253,-208686.40116159336,-50446.84930497907,-33492.2774319758,6495.024070618763,500.82122898144917,1217.6634695818475,7985.831750383148,4825.843390998187,51493.2096355068,15122.690508431908,77720.04774098334,3196.795634173432,-27902.214530422447,-12606.604743351585,-2628.5553754852376,-18663.888415120986,5938.900198411434,1168.6717450240635,-3834.057984968677,-2270.014067277155,3322.181071806761,20015.295175210726,-434.39784166735194,23380.960984928442,96301.46922717764,1604.8683880388899,-123.55356620842133,-762.7295780691484,-251.06896118196332,1240.4984004786688,-133.68366353223578,1415.8804495226732,84405.52096273875,9209.046635492397,-3269.0611563212947,3746.402604340912,-48481.5401773647,14201.823074512085,43210.047220162465,-63940.48226780651,-11592.892128473763,3815.937809494868,7857.362530917912,-6936.228227858652,-35083.72870401021,-35214.51841591901,-20918.801848770825,5585.424399175374,18192.65116633889,33470.76860151773,1863.8512480910858,-20457.561854392297,5573.061579989815,6508.633910169636,617.5546282381249,5389.00968706558
2022-07-28,89999.94349414253,-232.2023416023141,15019.29863641311,166364.10968373483,-48244.220528770005,-7073.828385524807,-48224.53228884385,51967.284181005685,-7667.478931493186,14643.652192204969,1344.4982532261597,68099.69167675648,6244.115895338076,33688.11404823571,1673.5760631010855,-16303.869588192898,-29785.472415088272,-5042.105464232655,-22409.757208790303,-10061.779779251816,-403.7623585843014,-11476.09297794677,-2169.788752034694,-8602.506819749258,10215.609925378401,10976.73254044548,25116.131941372543,321484.6769044603,-5213.3831788855005,-834.2853142177298,-294.022927128033,-370.47696058124194,1428.5891115244779,-113.6870698521273,1429.000177322309,21177.420805195135,-22099.35579073939,-2780.9985197817596,2675.5433956683746,-45993.142960720856,10379.649391579285,125805.413303551,107461.07940549872,-7957.092948802075,1594.9915703592974,2472.5024217086693,-11861.558787296843,-39246.505027560415,-55943.17159149859,-38946.337518098444,32753.21208802836,-8470.575061119194,-12856.334315223494,7477.468291069123,-28527.083384902755,-6046.277017769933,5775.846621741119,802.1488766407315,6679.94234612361
2022-07-29,23058.22912451544,-603.8058600203026,14921.005079363269,248715.7579952612,-287841.5766475923,-108910.2726310672,-7079.971546516664,8732.153082500647,-62341.50322183323,-17215.6092215151,-912.1347756100017,61602.38343981111,11708.809655469053,-77197.12725980561,-3667.06714638048,-22772.39952209412,-25042.773791467214,-4666.056226579565,-23560.409122962286,-10434.849409801613,-1117.3683397449763,-11340.209364286322,-51.36774105401609,-10572.63210656357,12955.973944783831,-7291.2252685059975,-47927.58433087279,271638.4851715242,-5839.6119891193375,-2472.1560437882545,-139.2388892207072,-1087.8102370226459,1709.9078961215728,-113.6870698521273,1429.9170350464733,-33805.58659285621,-30113.6691985551,-1636.2017198655408,-86.54804030714774,-46002.06903658512,-6608.156120656447,71066.21813231477,121145.95728077511,-8495.374180150779,-1552.327846684445,-11308.94097141407,-12869.415931167216,-42649.76388960332,-54664.88423330831,-41356.73849516729,-1156.9909648940861,-46846.85632082004,-14551.526566648037,-32956.32938920928,-79332.62508449005,-5366.339572553387,7023.569243978011,635.3140455043962,5233.310009450157
2022-07-30,4003.457627801837,-1692.5994926291614,19029.707657192288,-200473.30584940937,4060.2975317157434,-96907.73557602908,-57992.203261321934,3156.844941640775,-31924.599331720216,-6660.483360048457,-3322.029603764434,44970.6032239881,6676.861767302693,-65066.49379781824,451.37923260866467,-37661.36057431559,-28166.44726205284,4849.540587300697,-23493.620630079306,-7646.85702671983,-1858.200164913589,-10673.854068531427,-872.4805525328602,-12160.90297836292,-33173.277568789184,-15107.37189381298,-51111.51909531126,310500.7218828583,-5084.097260012039,-2962.7926710616225,-191.50777210587216,321.18204074221933,1530.7958025499565,-39.067710867173,1446.5944592612361,-47232.15158501218,-24138.96358595155,-4213.104911564567,1199.5457540193377,-56393.87652893493,-10192.833688884952,49634.03031957289,197276.6152355153,-10747.162720202145,-6409.288284478359,-21699.902303785548,-10606.066677484723,-59597.084388970696,-37328.92118032457,-45272.905316421035,-53332.878293487294,-8152.355234883796,-31273.00647434094,24322.107347018235,-52817.73896029995,-57.11612632588253,6480.093713815479,866.750787845258,-128135.06030199645
2022-07-31,96322.34581355477,1028.4074453781068,21495.961771493745,-379988.66892033705,31584.007785167454,-56733.58962768587,34757.86873452557,13475.112078184378,-11026.344402660794,-10357.789612671273,4194.099422854997,48589.61182034501,11310.45617392011,-25776.90328494014,2036.8838363877926,-34647.30277730006,-9988.545310353978,14960.315135378187,-6824.6536378847295,-7079.971023082266,-1402.0646841006476,-4269.741507744685,-546.367015989397,391.94790159239335,-7305.058503239402,14148.787313376286,5601.341114181525,463062.965632144,3533.143670517001,-3234.7344997463124,-229.08193497010814,310.0293651135572,-39066.67407443967,-113.6870698521273,1446.0487805685202,-31666.12822764261,27018.18802043797,-2153.8674134185017,3722.789910634715,-32880.22313412628,35872.30294004204,35390.96169722425,200807.77959554712,-4810.674605263348,5005.378769854365,23301.17731416133,-6778.210388898821,60588.1446633547,-26731.943050214708,-27653.804191893585,-40463.90810951151,28224.372903116164,60455.05406925192,-29826.206262304127,-51682.071819085926,2466.3644315718193,6387.292094284786,1320.8275345735328,-70662.62866308402
2022-08-01,52187.09772734029,-3602.267412524743,18765.318339522466,241815.36402696773,-242654.8009540767,-110916.36215956506,-17190.581403380114,-87216.55478397294,-45227.640510892496,-14020.759391308344,-3227.7940481365004,49918.58876014703,10359.590515252752,-8969.828004846984,-2799.3719393528704,-39179.36357171649,-16781.25663849509,12189.68013443774,-13056.665258242525,9169.472915937586,-1002.1225524674257,-5795.363840841521,-134.99522169193267,-3748.328245592159,8739.715563888349,1676.8144215781076,26888.779336986827,-165958.4342971614,273.8567485474164,154.24925236023762,-181.11800994901282,-422.18416618490306,1057.2723014227743,1765.2068080419954,1361.6691658211548,-16270.852859995717,20369.50647993976,750.530628628071,766.4702686691348,-43034.56907507009,35234.73650056704,52867.69154322603,243630.62749402173,-8365.711606166587,8776.06894181822,78194.94769561947,-5938.4088525603365,65519.658120464344,-7628.040144181168,-34532.98765207622,9338.182572895434,17419.466112673297,-1336.2667769765148,-46273.30642975075,41072.53960205782,-3462.667472053184,9715.636100989444,986.806839440335,39.62661062578684
2022-08-02,42873.40329757098,2122.6260549361277,18974.689896969336,155264.21983540215,-121247.42309429898,-91444.71831264837,16438.689052282163,-43915.65216347491,-10376.40423454698,-9223.189755337218,4935.778039618021,51477.634222270615,15257.36954797626,5410.050390581832,-231.05438996826638,-26275.64771236381,-10550.141873096249,3293.968103971735,-17808.362354834033,11967.207962639372,1316.1531466513343,-5313.98058207065,725.4720135268151,-4164.957854306836,11265.95446472811,10757.325122695733,21409.65530196874,-217375.59985245456,374.8228981416073,2190.5287944472775,-177.8907024355422,-373.04554204580336,938.9060788125865,-60.530208487934345,1355.4160601630817,20934.89168818629,19141.3040479307,-1217.557107892616,5741.19668853869,-40775.38561737427,48059.83225335924,9658.801938497818,121832.53770321111,-7150.901703350968,6633.532607595395,98973.28287672138,-5870.690374399703,47450.89269798443,-10730.990271029466,-4862.725118081869,-48391.84473533521,12033.293819068393,20765.79558158566,51276.96138094092,-23465.6946291381,5231.439432152418,12199.730073461973,954.0010024943375,1671.9662599088742
2022-08-03,21802.219999301404,496.1438356258071,24938.821126874558,298072.41138232464,87944.05253044821,1575.5722518184525,-17857.134266150704,-162341.067144969,14624.68114706123,1354.7865381611118,11508.981112270489,67506.99877982892,13764.334777943128,11687.48253454075,4068.9309843770407,-8813.017428260977,-15121.091909037465,17436.10068563845,-18499.883436987406,13605.938240500058,1506.6673913701281,-5837.718703404641,6213.213223928734,734.3450818279655,9650.003608359522,3660.22269508336,20769.587947536602,-293385.6838426867,8035.112242156716,2438.4806438735727,-757.2452437148195,-408.17913942017026,1177.057220916843,-60.530208487934345,1309.0707530405557,80650.50297425044,6853.759879722946,-988.9464016444674,10076.98952175071,-35992.2065593859,52143.67811767449,-50427.21402774083,160158.3322203249,-6437.537776827388,10355.665147647684,182964.5795567084,-5174.2608332871505,42201.59502841145,1794.983536860991,-10058.377899321631,17168.26769774843,28037.744091529083,68732.23352949807,-33902.64541875223,50267.88265858522,2174.3165689907064,10978.094837931658,934.9194583708024,1997.4607546948118
2022-08-04,34355.13418989869,-1400.2768355043095,16407.181103714658,412082.0255299027,156119.05638882858,27628.34263228302,-11054.997982559204,-280225.8186940814,13794.841712500383,-8671.510204059057,-3314.3061856472705,64024.36274909724,26823.15527122851,5737.146461745376,1815.1205406699746,-4198.964186232224,-11719.095408751858,14279.081992505106,-20476.3538419477,10208.699219363041,-2585.3093813517435,-6720.289734230194,1665.219784582065,1164.5648880867595,504.8954922655139,-1558.798481860228,16627.358983038055,-305183.3470185848,1841.2613063594188,5905.624337869689,-179.5491599186154,-406.80918430668584,1288.2691457431101,-66.46943104809215,1335.3772279305347,25842.27945105761,-17445.393977425556,-2681.8596756976003,-937.0809747724229,-28782.623333146916,47020.280504070004,-151392.24396060052,-81467.3275704417,-3785.6303362130266,11160.200409779769,148562.8922760574,-4907.868041036361,12970.805384934582,-2885.486035139768,-27306.391682215733,-4445.016802411616,10341.310283458113,42815.24532264929,-34638.35919207784,107576.73440289902,-2182.447273185321,10418.133574766654,846.7644866702057,4431.3960275254885
2022-08-05,15525.47611593254,-1192.352368279844,11930.040188319008,50870.22213062845,-110382.04796455533,-121499.31545977223,-518.6731464815239,-329403.440714337,8751.552849139072,-9819.659011170661,-2896.609148792114,38756.70657238449,13045.530800407803,547.7061322241993,-1441.823555649115,-20445.913251866434,-8013.804733083275,15069.098986467372,-15831.00085317263,-6653.2951807790505,-3719.1860015923057,-6455.650116419321,659.4708998962872,-9080.637558752838,-19356.178641347353,-7311.800595242329,-47460.901404555014,-237573.44826122804,-939.3918433514373,-1043.6094296735002,-1850.7210892184826,-1064.8494483689788,1104.0455826199263,-133.68366353223578,1331.268524553749,-32692.852393231733,-35354.492672062814,-2852.794225230092,2815.6011002323557,-49340.63269271873,18396.04765510709,-132425.793376126,-88178.5563542019,-8472.398505455794,7315.174890558011,95683.94575164455,-8368.41920772968,-21314.442657581443,-6372.556835038966,-30366.6142539871,-51897.602653376394,-3818.388307947658,-88056.5013380021,-13102.05863520422,-63498.45481210272,-8577.979842248595,5710.175378941349,15.916904439791836,4929.376325508532
2022-08-06,15823.51322358497,-712.8457930445361,14504.183674850552,-588175.2508436125,-95754.17587280276,53801.41838910276,499.80526414429687,-313111.781108193,-29762.61361364399,127.51787853930375,-951.5169889743876,-8244.255638526622,16266.12434545617,-660.7870205264849,-6114.685301150111,-221.4617648420499,7102.301246410338,9228.1028795712,-14788.163512444335,5696.41707015538,-6940.731062142777,-7160.0677949054025,1466.484141487788,-1381.5427964860723,-22453.396431624704,-9795.330027610209,-36419.280659510485,-107154.13207042842,3141.5745563537107,-1036.761902792259,-249.6537550024064,957.7382919642642,1201.6021011746138,-133.68366353223578,1329.9245420203174,-31496.394434406553,-11260.608465469895,-3481.6893986716573,2455.041794325123,-39081.22640505228,9735.890778909092,-97215.40650939068,-67851.63946015554,-8082.625533608752,2300.9703562509267,78114.97274080777,-12551.0399056125,-24040.583796129224,-14825.159802163584,-21211.408535690454,39705.68679485684,-10956.901058989884,24119.175546970837,2510.224991188318,50274.06902474872,6275.599966058778,7744.6686084639305,2448.985193536846,-35863.47164279903
2022-08-07,60933.70182486979,-4174.08810466519,18073.748098822387,-557378.9950574308,76265.97575452834,42976.308639935894,1342.363484869122,-340747.31588557595,-8270.853087254238,-2871.8535961264674,-2820.344413051168,-8075.90583239439,14827.203922750497,-1386.2447224585665,-1638.79999413463,-5295.2113315241095,1932.0537092936738,17444.98806965472,-14744.187805206446,6597.3286735481925,-6246.252351484598,-7215.108621131964,458.06778205216307,-819.0243016122131,-18691.22387634644,-6878.7256316343955,-5784.210710134247,-84817.5000973971,899.4941875283297,-710.7081846546048,-279.1248751702952,461.5525052119606,1309.9797396895497,-67.40663258741158,1340.3480444727747,-23422.576226225785,15629.226661005443,-3009.37476631578,3294.5784968181265,-35655.87954396829,4315.4221953107935,-135887.34913881274,-74173.19688294556,-6970.568440393505,1894.1654558098521,66481.38837008734,-11785.985963743038,-28650.798765524858,-16797.345838785746,-25168.04781954996,17069.96643774148,-13849.196575422278,7915.339903959696,-20080.418411629704,42021.029324252624,5434.279200270353,7688.365788303359,1560.6036552655462,-34527.46929025803
2022-08-08,38285.930403252736,-411.63154159428063,18519.12192688344,-525021.9092670275,33592.270067700796,-44928.97319358295,11052.984710017785,-327831.3370305669,2450.819963465328,-1711.285737853703,-3515.1565636668993,-5271.721731797788,13779.824146908984,5459.025118987532,-867.6901459791252,-12685.559575956875,4198.458202697085,25924.9976601374,-13918.276119717753,558.3482710300539,-4525.869981198326,-5383.184755589182,1383.3756364182225,2221.496706160521,62419.55464613438,6282.014887644493,46894.306636846195,-53770.04642258531,-124.90126243207237,-948.4356054489988,-215.46486529977815,-284.3898976465291,1247.5634072160806,-133.68366353223578,1336.1855308003942,-11818.76490820104,23170.915085149114,-3183.087564236616,3555.4506236476864,-38175.12881458035,10898.962312829372,-114416.21451254797,-64074.24129646682,-7193.130367354258,4563.326488832103,61704.22330621288,-12287.948222376228,-29620.868314146406,-13199.180105886742,-18780.91653420068,-2122.323677904459,2198.5014518161656,24778.061159237033,1012.2034653234616,53142.206456181695,10090.305751154976,8581.676810230234,-190.33648129173594,2461.2181258196365
2022-08-09,-4552.901829157483,-4865.197645871538,13694.047277891139,-285516.8021320143,81998.2374645034,-20171.358876725066,-2797.7587503135,-357071.47813106945,-3455.5019516358884,-5292.328009261906,-5790.9499153901525,-13096.227481305163,16809.643117672316,-4359.582150211887,-363.7372358425045,-8485.01524924171,-12522.020447467154,-25411.997596077643,-18743.561213512974,-1731.5354527251848,-1850.6392916450363,-2928.9450501295305,198.62330649720934,-918.7045577811875,16973.769814263585,1373.1680677514448,17047.98551853309,-53856.167363130226,2310.2000512397653,-536.6899903130964,-193.07960040583643,-291.1822159906453,1321.723552876579,-133.68366353223578,1344.4324848760298,15801.516766310924,15392.521305241688,-3372.9730878762175,3739.584637357248,-46106.84989152409,8614.811707330873,-141615.25074645178,-52827.00594133687,-7064.586447651814,3291.5343396424814,64467.863121663126,-7988.766071060925,-26884.8393417456,-13230.978707089558,-42595.0560809218,-495.0205407435059,-23084.633294362997,15696.694522961901,-22498.479049764348,-19360.733364934902,1533.0900898083628,9013.279608208699,126.19193570212404,3711.3349981242186
2022-08-10,82073.02937593384,459.72127198087856,11056.381266507324,-526382.8028087404,118382.48435759154,68270.31208483614,11137.483494275559,-287946.0043701349,9671.344173146459,-5817.051904481488,-3174.4724370392387,-19160.919541787513,10897.432266503196,1804.8757563772583,-98.8240669771397,-14944.144909078728,1391.6093060248209,-30713.260498531607,-15284.87697079414,2192.9053929096754,-5817.2037027305405,-8734.903736885859,1035.277631529428,-982.4430809842246,28497.374152433847,3470.8759566463277,17184.98883904403,-18452.495543705314,4212.2834595880195,851.1064593579033,-1118.691633603668,-249.36887097696032,1406.4337424434852,-133.68366353223578,1432.0913646874128,52746.583700460455,8580.422324485451,-3042.809346320796,4693.311290056798,-45000.25943816093,21964.167800081927,-135943.05272432475,-60143.91179543688,-9154.341736715707,8630.927366651504,65146.688138581405,-11264.750764880035,-15465.87274448914,-12986.56804397957,-19267.960531841905,-32135.57916885184,-14444.082909439292,23490.191647614258,-3982.317480918153,39609.97779659457,4905.409270132506,5125.839565624121,-75.37403369308862,2831.0116638264976
2022-08-11,33571.885322509814,139.90766013666973,11369.930503447493,-292368.1508639024,113187.62165364408,90407.37724601448,5699.33018693142,-305505.90167078865,11853.479324636703,8261.337815548486,7949.2647881973035,-22639.989164126055,18931.377697354306,-3592.743364545639,386.9302832062169,-2898.225705315179,-11745.666589124598,-19623.847409769078,-12719.908115289178,-314.87164487030896,14.802744655805913,-4363.252704448268,-539.8143624660461,1644.6823248706505,32445.754170399454,5112.034977043413,17375.070122897432,23320.71439606028,2202.2753247899427,-765.7115120785732,-193.07960040583643,-256.16118932107656,1510.448890834923,-133.68366353223578,1437.3837904751526,12999.697885713875,-19352.78255109505,-3824.9392677907867,2924.5620046218987,-42139.58735898783,21433.23342032621,-105118.49241202693,-15711.092578488864,-6643.227541468286,7914.391621279188,74321.63915536262,-5071.331109550798,-12937.369127092292,-13432.382219419771,-14330.42188445299,4851.082002459137,4077.7343010841014,18597.02969802262,-10142.778062479683,-15558.736157293457,5024.8416526718665,7943.1154024168545,54.2374033082194,3768.9689997312403
2022-08-12,23613.604520344838,-3285.095309823386,13251.63038482588,-109965.9721057666,-246121.32146964304,-23176.78089277765,-9832.445975747016,-324190.94996789936,7539.954670263351,7324.023665424049,20614.579353874382,-14968.58940641001,12536.959239743108,-2769.9921007690805,-1715.4491879084785,1209.2740388025086,-22211.95683029417,-22229.891145901507,-15149.91150903203,3200.7796269182145,-1035.1970224538954,-2672.8983318563764,-435.62181263623717,248.75725079656058,18953.21576440509,551.3019054374306,-41315.5575315587,14261.987148251039,890.4142574457998,-1249.9747166031034,-162.78348459127872,-341.486087898548,1245.7512490169051,-133.68366353223578,1419.253179281104,-22721.610292368146,-27095.615143156407,-2639.8457814161147,3059.8214854844055,-46007.93578077986,12346.589766404857,-17612.323628481674,-45772.976792934554,-9322.169860879552,5653.100109506647,61926.532704436744,-4121.09760694678,-13005.149516290341,-14576.053187710713,-30835.266147769555,978.2161480734758,2941.4292272199636,12961.438381311655,-18767.29511485508,-47104.34713668894,2508.166608085148,6231.806660734616,-12.681630413486658,3820.6620289295297
2022-08-13,50551.16804467571,501.422136778476,15294.937027542293,-352714.00673272175,-169697.71561704134,-83328.55080384028,-13078.69347890406,-315135.597182422,5513.52831605855,829.0202101800935,17696.48543494333,60289.04355988419,9190.568904612952,-4804.689949730558,-1659.2115736474923,-11312.047909323805,-13265.393221414219,-34626.801596920355,-14901.93798014599,-7823.10240700404,-5704.127020105152,-9007.841289966582,-3402.098716417081,-4881.813252534852,27937.48748223482,-682.3802688929345,-42369.15920009915,11414.388566478501,3034.610358207253,-1018.8277533573118,-148.007084444319,356.3258588460563,1145.7226458956952,-125.34133549210571,1411.23184223836,-31857.14069974041,-16348.193736230818,-2176.8050078361366,2149.559380632861,-51273.15634449102,7124.226463265096,-29484.16006193846,-55671.05993553839,-8361.452067580289,1692.9643544404603,35131.18498094595,-5223.010717479497,-9839.405821371476,-18186.76734181757,-22937.063413344218,-58311.870094640704,-9540.841602189947,-8871.64413777067,-16330.436678953933,-28467.070947740653,4083.215330235854,7878.079060660114,1135.7842645424685,-37136.026085399644
2022-08-14,42340.56867471486,-363.6424512599093,16117.349421771742,-679623.5344731698,-171210.01914973513,64048.59936629846,-669.576330334211,-196543.4214133714,11163.924692103405,2886.841964928505,15135.683030717617,-27265.007136230095,19213.43274418568,1805.2668611226427,-909.7359434669634,-20435.461895083336,5404.116525172856,11646.708650091514,-11511.189790741328,6251.482427054232,-6644.495144517652,-5074.6269246571,-553.1046350710046,-3167.4477633960123,27204.853130255928,-1057.3225187215462,-7359.349445076375,9626.542211827895,1374.7980501759644,-1009.5838451834463,-185.58124730855494,368.2290012712701,1284.5134173800702,-133.68366353223578,1432.4754108644051,-20061.118668160743,18742.13744661006,-2296.463574771326,1904.562680888397,-39085.42748735375,9333.357626245637,17959.61463983918,-52216.211787040775,-6043.021641678757,4283.899393692589,47779.661853235186,-5457.553173932686,-5608.090540429424,-15887.52647791483,-7226.048763776835,-11031.346665788853,19732.758533598142,7040.870976701587,-33097.020725310605,50460.529668943476,4684.5851739577165,5702.818742035475,1779.4905034135124,-32485.89402247286
2022-08-15,23830.27295932571,-125.17684783448212,13590.620677681156,-494641.94468084903,-41347.68805555666,81006.22996434651,19486.86919251946,-207833.3958610135,12255.315469273079,5913.634448211022,43837.3550954055,-24946.000245854117,19221.028411149222,5047.076051914622,557.8295864050613,-15424.368922279882,11354.292352946564,20263.54633067757,-11791.607981125117,5926.937888074548,-2933.3299159723288,-543.9041453682515,993.1823491187705,44.67180599129165,32380.692139853425,1268.723508679598,38284.50799124611,12480.762182122828,1135.2019377933746,-1622.4857353018922,-155.50543754160043,-256.16118932107656,1390.896973974633,-133.68366353223578,1429.2479085429986,-12342.494078421027,16404.590442629702,-2932.08210625609,2647.8224092919713,-38009.305277484,13415.960277906388,24567.386695015986,-42872.63945428147,-5166.451754436803,5784.85954836513,74264.43840136653,-950.9124078540467,12472.573544464565,-5397.821046796903,-3964.441253909204,-9455.104664197097,15262.867170179738,35712.703292430684,-36372.82551102932,56470.31782135718,8138.141716258199,6888.502700393361,107.14998541866822,2241.7172195673975
2022-08-16,28841.92623414942,-390.25665117607167,12655.78476948696,-157114.9471350051,-215619.05014685175,74836.53678219265,5290.572516764828,-289572.474685478,12176.557966694918,3466.824083095286,3015.924013287332,-37215.549367993604,2991.6621076651018,-2287.5020101744412,-1495.6109789592588,-24394.412690464585,-11224.629438033098,18428.42071361625,-17731.100475415788,-7260.581202675381,-897.9656570713325,-3088.457509548329,-544.6193552118929,726.6274944560591,33983.66556756689,-936.5052793054415,19303.597644724716,20428.899664917688,399.1550956240326,-890.7513269861468,-181.53050777234728,-276.67712441398385,1390.896973974633,-133.68366353223578,1433.869962102534,15462.404609051577,19023.6119722028,-3177.513228926153,2961.1081164418993,-50810.073002273,14011.27658043856,28219.483842475434,-62347.59093183544,-9896.899530141745,5410.455881557007,70739.2421849283,-3400.1734195452227,873.3610847521413,-17374.05128576255,-15902.94530289423,-5176.016527068974,4707.405422032225,7781.3882044344255,-10498.881654188492,-42644.10209262608,3007.5844192771365,6161.796827735688,154.45527601639262,2244.7173498130223
2022-08-17,32042.656846593316,173.0151475471032,11437.789763536966,-319100.2326203375,-58502.98171810458,98120.22091708239,-1075.8292212691767,-261838.42294558918,15205.209416383452,4147.828802470923,5404.287339780009,-41701.73946288393,5882.963966365149,-4224.901452333831,923.7182363852763,-24488.78080406061,-10558.20047865111,22538.235102863768,-14781.881001809865,-4503.302802121849,-991.0920962610384,-2620.4613867170674,-414.12736368862966,-2650.2784708325407,33189.24501578315,-615.5569955906687,22623.98799867412,38079.91090512223,3772.836060600218,519.3896616214255,-755.5867862317464,-249.36887097696032,1284.5134173800702,-133.68366353223578,1427.9995082125047,66165.71242584995,7390.293853569057,-3213.3253575346253,5461.806341025832,-49026.57434091166,18674.86706578055,43533.56099184059,-54319.921447068016,-10590.481276946837,7064.84231949317,69418.18712168044,-2773.1396546352476,920.4182773905441,-18706.981373939525,-12058.832460263015,-21111.810265142325,5729.253369394316,22264.72033816776,-15806.40018231148,-16624.35936438114,3731.1679077320887,8230.439298316402,120.78724443096664,2433.6038856706687
2022-08-18,39524.760637953914,-601.7720957276405,14337.79180686231,-145142.8151512801,18385.6680746141,94521.68806074321,19562.053825651186,-281524.28449100885,16368.583467468978,9060.595717672668,7611.768974832947,-45975.20689071335,257.7000898175934,1259.321098927649,3301.949603846036,-18687.626119013014,-11099.152669164883,25329.142362698254,-9655.871003804588,-2602.794154049137,-841.5261319398307,-6354.120564906078,-67.65950123272943,491.89794164685736,28754.86458395986,8718.681935222789,21891.423014166045,38179.974823806355,205.3370852367873,-782.0729037061068,-177.8907024355422,-245.29701315349146,1589.3620988427356,-133.68366353223578,1427.3492396578172,16054.967829564624,-23240.744968924475,-1997.280708978994,4218.979528718064,-43384.723207072166,17436.926187925026,126180.4128202001,-52611.571989757256,-6846.1833399864,7573.545748341732,84773.87902032817,76.04736718315684,4361.52158022137,-17648.753221572475,-15396.251494057535,27483.18764431171,2498.27360591965,13901.056980452706,-33473.19819844315,-38787.5437433827,4432.585759563528,10508.560019163575,97.94562479078036,3205.860643723044
2022-08-19,40962.73159704583,-315.79706099672694,10848.01359771525,36683.831480439214,-228369.11163315023,-206012.25570063142,-11425.41880151744,-310731.25518301176,9284.706524191473,-12786.043682446962,298.8875341152558,-41548.45021115051,-10858.345111975688,-12456.911692576701,-562.8968383213014,-31535.198554031504,-9645.63218382896,14414.967221584382,-17153.16321063976,-19812.376750979398,-2506.0076394342705,-6231.359467295058,-1651.5323557987767,-4189.893051818136,19892.583983858065,1159.1778042732308,-47588.220685883476,12730.624100621058,1251.6184983310025,-1391.6238183628766,-125.62181955037724,-1034.9080884451073,1286.3512586426018,-133.68366353223578,1417.9872037465339,-30578.61163278511,-35861.69176218186,-909.7138748479765,954.175630762888,-46599.03691497889,6776.007379190509,38520.958235135906,-67019.96051635407,-8849.9909305314,6590.03172666998,53799.4404602364,-3144.3837392457704,2162.2497910767515,-1595.3364735966784,-39293.96507833226,-14789.33528165139,-3032.3182217621206,3383.3951435495756,-32880.79616370147,-64971.53476641765,-1781.4067184062908,4619.5854200578215,-116.62028631106045,2685.523270947625
2022-08-20,36390.72739290948,243.88169287076488,15268.694079275938,-611401.6071555122,-166498.63438816275,-131326.89683284346,-9054.450239791386,-221334.89090810745,18761.21093913424,-5796.3589692678415,1333.942077820969,-25216.04902565271,-1512.5256974155348,-1518.517477412627,-886.1734124084371,-24909.580375751328,5012.028925220286,1313.397224821458,-14681.961392538102,-18289.4025374772,-5381.393827043882,-6969.099465596626,-574.7631819299274,-4907.006181440187,25711.74152593984,923.3031955146934,-39716.01243947674,16947.010942049797,2181.0820273632066,-1494.8615635708404,-185.58124730855494,318.43311763995723,1128.9948896879673,-125.34133549210571,1416.277632026909,-26795.013679390315,-16398.590411133366,-893.5192589324672,1776.577193948792,-41771.993850387254,4273.449147648982,39271.0766378961,-45309.103059078196,-7402.992957239888,2408.702545171027,44867.70528850269,3869.1726461022245,-260.5138884132169,6411.266216689799,-10266.346465708308,76746.98013839746,4620.891457872331,-22610.196699485445,-2719.101598544211,86872.58178402565,4037.4879602787305,7460.301526125115,1450.3437047031034,-28410.556149075324
2022-08-21,23305.32556128272,-854.9199405687625,18200.484425248742,-483882.9280710833,-152008.94133984565,-159956.2107735966,-5820.87824257108,-267798.7570642135,9795.74911479127,-1776.735831707821,-3132.9834351422824,-13799.084748217112,-2447.8043772641186,-11985.906243270692,1515.5393929310671,-31640.315106232818,3983.966000971221,2605.0795362757976,-14156.933480173746,-11336.580731151651,-3641.696484779537,-8300.114960979809,-206.8826794288007,-1010.2019235617831,-7927.727102132854,-1398.3394079859686,-2800.4607160769356,23012.473784743845,2428.0537141047635,-1604.1018412997312,-125.20932172704278,362.87215877765254,1253.3886121582268,-59.064304547281495,1416.579245402083,-18649.065974822013,20656.26425583582,-2075.3020176975197,958.3019275066622,-44213.508642072644,6530.9841968786595,36317.26788350806,-74433.02751092931,-6818.869619770803,2846.6908966596193,52744.73221563317,5517.168258569929,-936.2967892367578,3336.8782323321866,-2806.6760368891046,-12295.755007993972,-3527.058089904704,-2129.4249233804703,37096.79439226623,81152.2137518827,8380.182756614533,8365.622811637244,900.1276765098993,-25127.121737363315
2022-08-22,35426.91436604436,166.63557776278532,15078.022755253945,-554166.7670274323,14159.04722638624,-17092.238420022717,-19462.23873094184,-221453.8126086238,16169.101920248442,-1289.7611381388172,4034.8424621497425,-3932.4751866236693,1403.2453677146075,8342.551472253963,951.6680456713825,-18478.352071484456,7678.44823328437,15119.529375581938,-7632.213967038254,10005.463138793652,-2706.8256803697477,-3993.1354530897343,2112.551656282424,-2853.4510813907336,46354.976443128566,10229.638060391357,47288.32242395684,30263.03380242569,935.3499108207005,-1571.5107439682536,-540.995549807464,-233.79880129243026,1422.4001120723915,-133.68366353223578,1425.8367913104507,-17265.35216447409,23923.80704967927,-1067.7956312898932,3517.487768527144,-35710.57620677094,11991.666737189018,44830.651864195024,-63241.78457478436,-6401.3752082302035,4989.0974094828025,67789.91759298231,4636.329087242097,12014.06316359133,30273.030444457145,-10688.00061427284,3688.4315160418246,12692.62025103976,40108.57157484529,14982.642721321934,80028.80966318195,10975.71782558462,7919.067787405096,-142.23429347296275,2492.8204784520367
2022-08-23,21117.845383982425,-5050.0940912037495,12881.710925212687,-136672.0519413666,-127630.21176255174,-138183.63489003066,-27297.960257528153,-346148.2558909139,12376.846674438877,-7270.529510824192,2219.4459898129653,-14898.602089431359,-5863.680442445137,-7239.796624933872,654.2057969121881,-30553.128284205515,-8324.882401982915,-541.9761487657054,-17413.37435823436,-17051.210785712115,-1635.1494044011936,-6224.58708155989,-1308.694680120108,-2216.1629920212367,30556.19373978977,-3562.667685831661,19932.764544805643,24535.218994400246,1322.1964506429936,-795.1891475280895,-805.6960777316783,-240.59111963654647,1286.3512586426018,-133.68366353223578,1428.059286621341,12116.532067667435,20539.481450505482,-1856.8677541231143,2361.740537993326,-47856.12815849061,8262.875650329273,-19616.027839865907,-87142.1045812486,-9711.950379821206,4820.615627076572,57258.854989928426,-2026.8621533241278,-4379.4375959342615,-38705.56255606146,-43935.82899078239,-31082.679177120466,2445.774495772133,6112.228889426874,-51265.19157946757,-54118.17283678314,1224.8663758301684,7762.578588583034,49.09984909427767,3713.557031988929
2022-08-24,77396.61321848573,148.72340343067265,15344.408920198715,-496602.4993636623,-60532.6565342486,-22745.736208528586,-7352.983256501472,-287779.40411443013,11790.25941460352,-4884.558858229933,5202.8496890557435,-826.4012031615566,-2599.1755119001928,-1770.638920077764,1845.1944078830384,-27345.93750207102,8836.029590201297,1170.7749046964211,-12845.229913169102,4544.535560838248,-5693.916497796973,-4426.5766774284275,-76.3043231868158,-2304.307502700787,23411.10585086968,-2472.561038622052,12811.522607600935,38898.62506521803,5267.082359396909,-155.26802957327027,-793.1609490959822,-241.30827127839217,1244.5999041964765,-67.40663258741158,1359.3070580107023,51735.28881070945,4754.727127998557,-2665.089956624612,4384.734876984118,-45462.91369942816,17197.19161702013,22422.603057870754,-77516.90511954551,-8282.350378239236,8059.3157730476,72693.66512283607,3775.157888672988,-93.37062144923061,-9216.80005374107,5963.863486723878,8539.518964115341,-5799.455158917467,9163.28520292384,100328.74608027589,94290.67982332932,6708.978143398552,8457.711049093168,-61.72114944112673,2664.5710687815517
2022-08-25,24711.58681736437,-333.7541461435446,12089.00640379056,-175592.4788477505,28466.73232241391,47897.47432550539,6303.497750604698,-310139.4221399468,11785.519337177788,-6187.5426645494335,6637.596720502863,-8922.629182437802,3493.552746772887,-322.82190543046295,3065.3146728889724,-20950.64854403521,-9039.82964693361,7687.822129604503,-11226.174243322183,3164.1669238001814,-959.3380734366568,-4892.756140954473,-31.561300968349116,1473.905525426801,34247.30432420057,7980.99816468134,18410.35115543017,56342.192417636266,1361.8878619020727,-788.0941517945091,-166.1567200604747,-238.73968981383075,1497.4922834722147,-133.68366353223578,1427.3961786003254,14049.838897286365,-29074.77836150718,-1893.6451996063868,3084.661821262262,-40565.261833778386,13157.32455722836,45372.65325805659,-80688.80387573622,-7032.434294621547,8225.981230766436,91185.0051063046,1192.7819737278087,-1767.1912653789157,-14905.421237135815,-27502.298484944327,1621.6089215261845,6526.347331838926,17923.18371411976,-16792.41300433922,-30395.01148046634,3323.274768766237,8641.544592772276,17.064873216047516,4723.952601575423
2022-08-26,29429.930846072595,-404.800474162061,12549.066925350307,-154450.48461877677,-239470.86653743027,-45685.71224334455,-15148.550026724524,-294609.46150200046,16070.61455040117,6855.711742662034,11471.20834233124,-14057.100560245744,5462.990576843263,578.790704653507,1009.0754793412973,-23000.016284097816,-7201.544469373241,10435.067554441142,-8841.530690303669,-2532.2269433263764,-3142.3630930210734,-4332.220565168837,615.1344810515775,-299.8640708969983,36149.140245770686,3977.909139524172,-45787.30972305739,55184.53772343023,21116.60541822252,-1032.1163298637653,-175.6512864693355,-346.8661177243641,1281.0169316932593,-133.68366353223578,1418.6331233481906,-16859.201753404446,-29240.723108689916,-1018.4861438071655,2855.3292382232776,-43882.55134784593,6096.952884060881,43640.842196086596,-80985.53550192105,-8538.127805536835,5812.509557757194,112131.1990708324,6256.751906448451,-709.488541163794,8251.66487105678,-28867.013638091947,16512.536796060172,18971.770395538828,14479.235222421572,11695.520938311118,-46929.223121353854,3258.0142172793303,9367.34332875298,2.4807799238576536,5553.832045340523
2022-08-27,23656.043394242282,-2658.5489856996255,12453.762166727403,-181448.8504726617,-221693.70145732566,-202623.17100370448,-26050.502049482628,-310781.44055017014,20254.58418179799,4380.82894676964,12231.146030488364,48336.33695346322,3836.9659365950374,4201.363423353412,1858.5546818586267,-28814.623627247398,-9300.62689785579,7079.981853472207,-15345.008478169671,-22845.78049323118,-1073.718630191992,-1616.7248156686824,-407.50236661845406,-4158.20790262777,10355.697392338814,1857.8392984562133,-52292.6236563324,62098.15318927588,20790.835202691065,-609.0146443593806,-207.76131264208527,296.63371769031414,1292.807359333768,-133.68366353223578,1419.6457846398662,-32112.286219144,-22402.79353263314,-690.3417710258603,2177.7891194654926,-49862.81216162168,4555.97925328563,36836.47462561563,-74183.55725586234,-8451.876020091331,3880.066360881245,125168.81436787182,9159.144296898154,-1893.6542453963011,-4617.656867266789,-48734.69482535412,-3361.0694311263137,-33143.08951422898,2910.7029803130536,-21988.33949551254,-70410.24879143314,-853.4205228039802,9015.491910139837,214.50386828333737,-57136.150300009955
2022-08-28,55465.29810983135,366.175400964368,23156.917885034556,-400973.663824304,-134918.77714080102,12061.585305089915,12274.639406958322,-56136.940822552104,33093.01981286688,8277.711755274311,15463.985649445367,114053.27335012384,10115.371646282021,4830.872453298431,2017.1448212458727,9804.279447584668,8104.039634252481,27541.860588229476,-11666.848727556298,6587.669220064659,-5038.5203686915165,-12186.998276123686,2246.8960417186754,8659.34209346837,31621.020161840475,11849.961640472644,20486.13521598271,523907.7971122605,46993.29253002062,348.67534816867874,-175.6512864693355,671.2484417263827,1217.4933338910655,-47.41003890730308,1516.7129615043846,-13323.423568039974,26642.746382095516,2706.7903829967127,5119.639081830771,-14456.200047529199,18160.38004367637,216027.58938747208,240519.48961252585,-3060.9214753117412,8716.20610324546,212169.85413067858,27559.014450194292,4848.474863049094,549223.5922805031,1074.7568976669027,27124.753649657738,51338.229340318365,-15515.07801576454,132347.46002059255,108820.3828459986,20719.34854369831,16896.118579020313,3067.821202262915,-27214.380286956603
2022-08-29,97264.19226639056,-1717.3350295709579,22096.97313848607,1155817.635979808,-54139.19585813278,13630.243592452163,8051.876237910696,-110791.9848903255,2244.6249167930946,1045.3129280127814,15289.823394555013,147868.1545213245,20814.974454194416,-448.5217565564719,-1882.4788650232265,588.4787731989709,-15985.628660619805,-484.56151058753676,-31550.578180684006,-8230.764900230808,-2380.9039547068246,7655.350577856174,-1216.2341059759751,3463.380883441611,8943.613020204473,-676.4028905609348,31990.72432118225,393620.76339088276,48820.21130330318,133.73847884387288,-209.35996344189266,-1183.895622305852,1545.9921923331508,-5.6855480375116585,1589.399391516356,-12882.679887791346,21985.39912754359,7684.7546693977365,6142.652435831693,-24502.37706336499,18627.859007770378,177706.23579406866,169274.48953923758,-3513.9384491134188,6995.594264545538,215199.50302089925,10373.24001058201,3025.5698355521754,424565.58643826446,-36306.381951320785,-13726.888219322627,-33891.495948191645,984.9262763017996,12003.963245139246,36687.55175616457,-4400.298019229543,9658.786608311126,72.74161645211947,4677.377622133564
2022-08-30,-16837.285470526836,-1518.2932227452138,21385.259055789,1491003.2443551223,-275977.09215857636,-104291.15605769044,-48178.34825717313,-196337.9608692642,-23659.912292085475,15745.387349031003,583.2246587020763,132635.86692822308,26370.80422483849,-17862.717443280635,-2938.4986054832207,-15975.945263884594,-28932.460680097698,-11265.419705248472,-37361.19232344834,-20099.50570668525,-1883.883041718287,-7336.46866347618,-898.2432365349526,-5447.269151157859,-33750.25509099424,3133.490762211056,10504.349362242952,375778.44306027517,44916.70824973091,1937.105054108056,-479.00641204926893,-1103.3574632573736,1718.1972513762503,-85.08274856296714,1458.5170967269228,26473.765965985207,20442.60686676125,1086.7248316873283,12370.603442960235,-37875.454413997475,16315.60725847798,68483.33307341619,266309.08621282503,-8617.866443708454,4281.2668252970225,132602.7485282612,6838.934494710261,-18844.96747967206,283215.56093538634,-41588.663117806616,-20159.381847227807,-73910.47199563475,-23086.150237104266,4636.931541417205,-26650.40059553805,-15579.585381412082,9129.90336753776,-57.52711574602381,2526.572141328941
2022-08-31,32700.554604831574,1099.7065089909654,25623.141798868164,883017.521111238,-140523.61670425994,17885.407684486858,-7286.714365158352,-216476.51930767813,36125.59431500471,22530.73687591227,1474.876500421251,127199.68561092115,27011.566053010472,-8305.58993089581,-288.44028799863077,-17553.41956149255,-23851.185667389243,6448.67531614023,-29539.520248114,-11407.03258308708,662.6231730192367,2383.329447353288,-874.8820489951243,9034.180699940704,-41879.706419124035,38450.33763346324,20537.306935609486,490458.0904591131,56020.76534611279,3181.2075472064753,-374.8717267298312,-1116.1835270958502,-42452.13307414726,162.02466434442366,1462.368251440491,65356.54375033593,15620.257822953205,4432.896208682753,13406.332729906975,-27477.340191560455,29916.68920124982,52990.931910646,277132.2525912149,936.2571468108016,9192.757542260002,153945.6102023667,14804.201478353318,-6586.71162694383,386320.26177190064,-25562.588452188687,67821.8399267986,-41373.62284027005,-2839.0775175049203,-33087.91818759183,157474.7673063911,26648.403243793844,13679.730588176233,243.63420879003996,3443.031294739029
2022-09-01,98991.17711189488,1246.2678097730577,24612.893756558944,1202228.3391406266,-84836.27971862335,41715.24076745184,-60321.08130414785,-227307.53089090128,13037.289500783798,12075.12665136506,-886.7145092144797,95361.76058451924,16521.823102970055,-9387.40292955625,-2240.3985921639105,-19740.37940170717,-6382.118983393688,-1671.0382929008156,-28890.389719709106,-23490.38543647884,-6302.173928332062,5955.287804421817,-2365.687406357849,4078.4303961065484,-153518.97915483345,-1683.31857584417,13394.383383809978,-195610.91844723708,23440.67394583821,2445.137774418454,-201.14702672070635,-795.1732539999639,1162.893236501871,6308.929296761644,1394.3307037928323,11954.405125473308,-19697.987004168663,5721.758063777945,1655.1390980743818,-21214.31161020611,21367.702411724553,63209.52447849967,261902.67617138644,-3516.2069444550775,4850.66612235187,98244.30571077144,12152.740718292349,-6568.8414593001935,279245.4814847014,-36144.69646626907,-27858.849192292288,4987.696648179281,-10747.089587388758,-48468.75182480115,211158.53992037932,-2779.3733340112576,9992.323232766212,26.790718331079972,-23.205873097037056
2022-09-02,-83842.60579649467,2831.751372607673,24400.81603477723,520650.3200246112,-109286.8273889701,-139899.227886334,-85084.3410644678,-269540.95915129373,-122559.25900963701,-159.4910420097287,-11458.720635295711,65644.16257427954,16169.813460257004,-10044.504641023032,-663.9559115930613,-17339.11746673748,-6799.701733502571,3082.4587459351415,-17488.2405015698,-46068.12720067444,-5274.618192831297,775.1930131958788,-1041.1332621052052,-682.4957775885467,-531676.9203267195,-12027.520837111395,-47790.777928492476,-395955.1567406638,-2850.4676886858015,-1016.246098659165,-279.354866814608,-2394.6829745345262,1031.4866663536295,21.712278876237264,1195.5667609230109,-33615.528920044264,-35661.525929455136,3088.85455869517,-11644.6337088535,-41656.62547395332,-1712.5759330824785,-103440.38327905623,75082.29557486714,-5571.5603689626305,3931.523176075087,-11154.361745048414,4746.695649714038,-33797.337003434994,179882.38102467253,-37018.19703039943,15716.101799699964,-78344.72676120739,12821.25373826173,-67265.55787338279,-47110.03979400951,21161.398082280073,11039.725459067775,60.44116597361082,-830.5509345440834
2022-09-03,-63865.96159672409,894.3382269603992,25839.58390965687,-574498.029416518,-128523.00798919484,-61994.31891951943,-115314.65455729206,-230541.97147899988,-52804.226205363506,3909.4346776801412,-16166.001640111703,-33550.90072910447,14677.824069551327,1909.2788706561005,1432.1798454876675,-22102.35007599012,6896.261716474077,6197.359363123302,-15920.30073239166,-42275.66244236598,-8802.314363671096,-15017.33217779232,369.806724752606,1740.7593061324278,-435300.2373325409,-7415.40883333913,-32107.078788162173,-293941.7049170348,5160.7464210721355,-1345.2140989401194,-280.822715403343,806.5774143230046,1175.00633298264,-134.56556301129655,1228.9119119110246,-17758.775418369343,-12146.052294017205,2482.8279011248706,-2747.3544183546537,-33102.3114509122,-13.258755217330872,-73812.46759969168,66068.32891056262,-7250.070619375049,3748.6215092904013,-16673.964205588876,17906.767529372795,-22354.64056177249,178642.9820779261,-21906.168607732787,203946.94193574507,3201.6441564993197,11396.045020216598,-11931.3635862234,61580.26329374328,16331.706732512786,13889.987113262898,4247.530250948648,213.058851863957
2022-09-04,-41073.08828583108,-910.793051139375,21884.604949575238,-774178.2200619142,262560.62916083465,-61686.766056455286,26107.73149467567,-223918.71296176844,6190.326425252093,-33539.584321193426,-14844.978500231597,-76395.87748024601,13929.645375372962,-6719.703663433624,7124.802279361222,-14980.887258093551,-18823.640933384817,7748.986906024846,-9388.523111761391,7575.584938788074,-7257.574353253356,-16561.03430215145,1583.0018309407255,7023.364465764411,-208234.47620266094,-12154.441438325746,9845.285560975404,-273117.9663751207,8141.088234811927,4033.285139414641,-329.11199902130085,710.6050459446849,1356.5685342894947,-140.50478557145436,1245.0937608954982,-15921.45731945732,21167.423958954063,7558.434781761122,4171.6424646449905,-23721.83673533209,10706.79038347951,-161972.2558067701,-68497.43567202083,-3649.6503633259504,5801.497055855312,12078.853973709785,17784.10137248986,-17668.111489440093,134851.34684367647,-25113.67518301754,-29482.10299898248,6195.86430607873,-154673.87673280793,52465.79085346598,53704.24676119097,20227.04043596584,20203.244538694,4054.524086315963,-393.8655914781348
2022-09-05,-54785.116519059535,-996.374062176334,18864.265109963155,-619916.2057560382,212980.79715254554,36409.27087375754,1911.6394277490645,-200768.93431290507,-33826.28365643843,-52651.51117258474,-18521.555323450535,-105851.39558357786,-434.46137846583315,-10757.558752897927,1481.0427635509227,-25246.55830472614,-13261.12597840873,4279.399361087029,-14728.049264063497,2014.60986831612,-4438.014412904076,-8888.415634662728,2690.882782486899,1629.2152049987756,-93578.41235717674,-15859.289334928057,25657.979279435353,-178048.76250164123,6381.413457601111,-2039.9154724440168,-228.5215556378141,-384.8460319570868,1455.8962838372556,-155.29946714327141,1344.9166650427048,-11947.194264767142,18390.20686880429,-1598.7931359546067,-366.6452220448999,-32094.042505543814,10207.003204285778,-140220.28327572378,-63446.21417525914,-7115.067249379021,6393.819121127086,6022.648660767241,14029.414737083604,-13077.723690684208,-659.2324790057836,-33339.21412971792,654.5846087576351,7944.520631454084,21671.086314266762,-14646.551949406925,51595.421862336705,11734.122032515053,7358.7606317641,31.090704139106236,2101.1951028256526
2022-09-06,-40622.3193097076,-1047.826086547524,13881.376681800775,-630257.0155112282,179330.8162196049,-80638.99919091255,-3615.285727398137,-229766.02721115452,47.91035924324845,-39782.741741620644,-16462.33673898816,-105044.64181934924,297.90775535894204,-23777.500770308405,1123.1253699692766,-28911.68218490967,-18243.66809653863,3926.406406259743,-20161.775943766177,-1310.0529077668548,45.6366099877871,-5972.558814254012,1038.635953402317,-2219.4781757238393,-22278.53943292606,-14962.111101678463,14674.721252887895,-130193.81394002757,3223.1210922598275,-1745.1025767309552,-274.91088553170897,-380.1401384401418,1546.8549020013181,-135.25353603668873,1333.423828322345,11100.173048084893,19784.280744794356,-2941.8552503417204,782.8597405114904,-47484.07116943631,10663.072047595357,-159330.30243584793,-56635.61685109597,-7769.095249653278,4556.530283898361,4722.71976263842,8477.200534090542,-10078.981854204801,-13756.661233386669,-37702.00768950494,-4741.0929683914665,-3660.935492819196,15992.445285857133,-12588.850051478286,-53660.38041529447,3105.384300856972,7097.595360521561,-231.11697365535883,4094.670847852231
2022-09-07,5673.044957608358,-271.046593945203,14446.759265861063,-887207.5344939263,191122.2615715582,-10384.71248509539,12890.215172261293,-220960.61853070647,3899.5504528923757,-39477.30459701319,-13583.603496711792,-103188.54279367623,1130.9724015460743,-9398.427946144098,1633.3547638850966,-39924.39155095544,-21793.61901019526,11703.102694135297,-14904.590054427274,38.177407566308375,-7687.524676027805,-6750.947231092843,1637.1718703049116,-1438.6561761459557,5886.796139798367,-19790.44521453474,11842.815660364333,-102352.35292803265,3647.432706769755,617.8334704469562,-412.85838741740156,-373.3478200960256,1440.4712843715993,-135.25353603668873,1347.329601415388,37803.07545987953,10898.905782846865,-2111.9588886187803,2503.7925896567644,-39684.7776600094,14053.384397515814,-154334.9343935647,-54804.183169010925,-9524.620160060033,6710.220221128746,12286.125517389537,10878.004690305781,-8798.487819478938,-25487.70454514095,-22581.575152109806,-8973.383566011556,1949.1507666822135,28808.605539652537,-6157.063801779422,51520.8443782212,6413.246221918949,8884.981762764444,-120.16840260922498,1376.615392985981
2022-09-08,5923.016786165705,4126.497677550042,18833.502661909057,-665096.3697044316,183103.10622760054,17505.15503703392,-1404.234358969139,-202303.53752961408,19153.761833745877,-17425.75646616948,13584.449208484366,-108200.95851949236,18121.590245055515,-9849.045169025001,-342.9553800644078,-25490.375644008534,12515.760103996854,21839.888042796156,-16021.359858719712,955.6633357620171,-3519.30917834648,-3268.96314156706,2264.692576952333,2757.3786372475756,52188.98626246165,-10559.654800484375,9807.0426999066,-72260.18073218476,4733.473118935412,-443.9068485543869,-266.8476785675282,-401.6006408253262,1501.247073216111,-68.97650509186451,1369.9081379082736,10761.274838908384,-28963.136882082505,4074.2475619759553,1018.85740690186,-38151.66175731765,12899.960009529237,-150916.3842416362,-39458.36265204092,-6645.973925871558,6801.0495590007,16378.471296537837,13501.055630574614,-4551.550489737636,-1460.7068698188814,-4985.258399209961,5134.3674284178915,6048.409547080286,32357.843325018825,44069.96744110811,56929.19711264231,9060.753845562333,9253.481226385902,-139.86979269332198,1118.7559366827477
2022-09-09,-23242.104353553957,4312.802229638056,19248.578034059577,-295210.12397550954,-158149.0388787635,12218.78173738988,-5591.035363491095,-260097.59041512545,6507.546724242384,9057.606494271218,21895.77303843167,-108815.11121039564,19733.09329859521,-17608.98792254432,-1691.9463745079292,-39330.86424207675,-30181.76952743574,18050.35215565384,-16538.32766173888,-3871.3071894691657,-365.726088262914,-1505.009757478255,-476.6787257604022,2510.417523103725,45088.117997700814,-2269.6165498646087,-41874.66419651863,-48276.89975870517,4308.69509290982,-1872.0979338639272,-837.3522996711256,-1087.7527301920943,1251.8090749527805,-135.25353603668873,1343.319270178135,-13993.391969511375,-36195.094758187726,-2233.85126402254,-481.62883280106075,-43714.104166388046,7434.197456445156,-129442.93877642459,-48518.01404239433,-10892.2393746098,2768.3902818034203,9457.299585097477,7548.88778242467,-10643.806729474214,-23916.18374583637,-11940.035157291726,-38721.97989744812,-8790.624533928629,-20813.21385436093,-17945.876613342793,-34831.36786131298,6754.709364241307,11625.980022862961,-87.76440456593866,535.979445138374
2022-09-10,18764.586562697594,6012.167803070849,16319.590936442932,-572591.1048004717,-138772.20701302466,-91480.14559678486,2940.3163803951934,-206187.62180038172,5898.0065778284625,7764.758412432245,18682.612120130027,-95142.60471221976,21413.176453235974,2095.13859507077,2497.7421767202213,-26140.197071714894,12931.355275743033,43333.315899377994,-16279.816675418004,2131.8810311771895,-5183.300654567802,-2158.8458342075987,323.30872072967725,-3726.3758166377593,66148.90624037627,46450.67605115578,-35833.473371953514,-8695.913605763539,7165.142775792829,-1831.293869109789,-249.6537550024064,697.9600393905823,1178.388164842593,-135.25353603668873,1420.1478974215142,-13459.190888069768,-16193.02345243947,124.92892494492477,316.0895786736669,-39822.96768189566,11278.100336327858,-86396.11071930671,-31655.13438911125,-6440.611846694523,6497.141285643446,13842.389105926979,19022.77779003392,-3796.0053372526045,29221.024153476705,-8422.992800276801,52041.34788858694,16164.187322797547,20670.870739484744,-4765.029115016037,42633.84527954416,8824.599997928817,10665.686063381143,5426.251608449975,808.1124515203155
2022-09-11,-23944.109545149047,8036.170195018627,20099.291297182597,-296122.7115882394,-189991.81466712902,144713.4799639909,6436.846421523617,-249279.6609081217,6899.918944185421,8019.55852852203,17822.569320991257,-108795.7471267414,24915.225803654597,-9936.977616652746,4511.368693477774,-31447.943511065518,-5545.662643587471,49503.41166301638,-15171.054001301665,1692.551659743243,-856.6775143722837,168.9802170095959,-262.3124827935325,3566.122501300987,54415.82445931732,35915.824816889864,-3843.1832851465615,19637.24359606889,1610.2495226850583,-2367.693040282651,-243.48284552635224,1236.189536796265,1373.4929128434055,-68.97650509186451,1424.0544938680405,-15991.176745444525,18601.387566984497,9989.770684078878,726.2469916640097,-41478.26077806693,7629.394064222777,-73994.65641258017,-32506.11123469445,-7812.288781919706,3553.8289936554697,15616.803640038072,9633.05960710407,-8588.046586455344,15618.962370850728,3510.351572153958,-3884.708697725696,-15098.53646306034,16225.040006650666,70671.34847008497,-19728.982677575346,7018.566194682222,13369.925487308075,5862.660484471487,2353.183427740134
2022-09-12,6152.886159208698,6621.917461447394,22096.774286844295,-185187.68308001838,-211434.4881834864,170950.06977349444,-1273.962923087547,-276091.6494509786,16623.939889843146,4210.335119390589,18390.399638523326,-98923.56897612946,20214.156753104733,-16748.759365144335,2277.821024081265,-34864.47821409488,-4254.996301368279,19025.684999231387,-15430.462838082152,2898.939627547329,-3384.097812694878,2483.949142650281,660.2422645927978,2548.1084012720376,30139.018412005935,24426.198335711873,30145.892359277008,16276.90468205796,471.3746549073808,-3216.7960010084385,-150.07803975072662,-409.0321095741502,1397.3022058663025,-68.97650509186451,1354.4222306844467,-9899.646226169814,17474.30057344526,9027.091804810465,715.5942663035344,-42766.849122375745,11455.249150265554,-13957.739309308474,-50908.79807711616,-10498.696538659016,4237.473509998876,24888.0699210502,11185.479390852219,-11254.865419339807,19843.752279550376,3270.818846007968,-22070.54664994131,-31634.236850685553,-6559.726007587325,105716.17725799856,-27693.44751719274,4063.2007155143056,14190.278983007458,87.81534480765751,2809.360897120299
2022-09-13,-39502.22128766839,22.651274863980593,15869.808018305,-213606.70569402497,-328530.916298573,135081.41585878344,-5469.746656679616,-286713.5001674481,17224.095226268666,-4850.759287378425,18197.82104581878,-106642.79910677766,21188.84343159593,-16458.806736858154,-1974.441955892579,-38230.654186485095,-32893.9020391462,13252.888627037897,-18503.221532438813,-212.10751360751624,-3804.7369785391083,-2032.871992239504,-441.81403422635674,-104.29515392296582,14127.878186384687,-13639.804203680293,14477.751316892798,14560.150572920722,-27.28785390923531,-5356.892080842177,-1820.7594259166794,-379.10983021624,1308.7079280261867,-135.25353603668873,1427.834534078629,4323.864102450484,16186.643158851788,-2144.721730426732,-484.80045910386025,-54387.87138459965,8812.731816596628,-6004.260508466099,-36057.995698709725,-10426.986567239914,3509.309730396355,3724.7590497331935,7318.4119839447185,-14955.964402055957,-3850.262305969288,-25315.553014279354,-11180.458675587874,-18588.253949225415,22175.777889808167,-9277.539943979846,-18944.61682403832,3721.4901961295227,10803.384696373872,9.161853909547972,926.0039772499554
2022-09-14,-39542.79306981999,130.2482177406276,14901.548805623814,-539050.1598850487,-228097.6697793282,168230.04580834578,-9026.673282673859,-221346.87017375935,10655.801106312185,7653.391070348567,13735.41575171196,-45907.68432991264,7034.900415704509,-14894.676322997686,1082.8052273942649,-42629.953281626294,-26125.448323907432,7251.130274591031,-18044.61956167024,-4311.179037181964,-3993.587276090832,-2609.812871422906,-61.566809232382326,-3381.0072725856808,14591.394092980056,3073.825192796623,14071.77555978647,9170.6702991069,-2067.963803794947,-4835.183298476146,-646.4794081917039,-379.10983021624,1274.406719530093,-135.25353603668873,1426.987741157942,34434.53262413494,4967.128020302928,-1743.7953762097209,2449.371255180117,-56119.91758377345,11837.440851193438,17634.893367323573,-50660.65266317183,-11731.639189617845,4091.8394746715267,-136.52154627122013,6835.734224814436,-13927.839619386634,-12533.646240138602,-18584.021338603805,-44346.58400608215,-29983.076741326036,864.7858148077048,-2651.6756188781847,-20266.598084803907,5859.016529052342,7826.24233011289,0.642518110918104,842.59301929305
2022-09-15,4506.454454360368,112.98173441599562,18406.104143640183,-640739.2943906175,-55589.2026893002,150487.75717014505,19021.3402742135,-201503.76266851233,10555.162527127566,10476.317926090283,38524.7341429309,-43138.46284342537,-1903.5993923843475,1231.4857398892536,-2079.9555248873785,-34505.38327221353,3474.2232347468416,14246.663741909508,-14324.875190245133,418.9566784684944,-2588.4328691984247,-1200.231154272069,244.12987155607152,-746.0419182657828,44465.923852374865,4907.1867380520625,13383.082705018194,10837.355080235531,2434.195036037937,-3808.0602040677395,-177.8907024355422,-375.61116379820197,1288.6221466362583,-68.97650509186451,1418.6748884644708,11033.006441111407,-23640.670538181454,5413.317696200562,197.84740757147847,-44401.422852556716,3772.6766120325915,24624.6312526732,-69412.0650260637,-8031.2244394344725,2618.5428923116356,5992.493101138061,10236.786820652374,-6011.473766695768,-10935.08487221675,8437.985918067921,-25024.31500459128,17102.359518942194,-25619.04251747961,40242.79865724659,-17057.47892063362,7581.418673729326,9355.554628462978,13.181666314037898,272.5302992776244
2022-09-16,-13070.325797410358,8.86611423453644,14891.466197302303,-339847.81604516366,-227489.91465505777,-127159.2127601103,2631.780550565354,-287730.801205782,13739.157762290704,8628.18249236979,11869.563498893058,-46485.272859423974,-8234.56369133962,-6265.7243050815205,6423.778641352543,-32300.31552365159,-14045.030724391738,14215.066895389782,-16449.52976558708,3137.352770072486,-1305.8549005720527,669.7863268328474,-230.56931254376093,1.5581345635541766,33571.47400156956,177.98695736905415,-38081.29054352327,9390.723258674136,1575.4557764192868,-2251.4107143532874,-200.27960214493427,-1076.6208873378619,1249.440544679343,-135.25353603668873,1410.869942126838,-13441.164041294418,-31098.15320293881,56.57234449449294,-1045.5127406790311,-53332.26289336616,4067.4377639219806,41635.22985022026,-42344.3057014079,-8721.540104905962,2206.9560937589295,-1338.3203939925497,6351.706416326659,-7907.385958106057,-17226.8402480656,-13024.181157579878,-11325.826713900824,21420.6105061878,8153.283508312038,-21655.304391614038,-18733.9109018083,5449.324856292813,12089.228577898437,-80.08179491155761,-4.183102630953961
2022-09-17,-23654.144179079572,287.08334919716424,10462.527925787625,-498293.23371321324,-63557.09201162732,-212526.3444286009,-45438.56496242057,-247689.86075066842,5896.645775656958,8656.213674066043,24523.508333765403,-37913.37142114455,-8487.123883499233,-7264.785405787121,488.78281596711827,-30126.72473435691,-3873.403021808611,8030.486286970008,-16298.317450038006,1318.5837161161235,-4755.3418841059065,970.5521556347348,153.3487495858223,-2813.618108902843,38150.88058885322,-5138.607854236551,-41049.01054382295,15138.348489660566,1562.1228147992865,-2838.063053499135,-215.79931781253214,655.6862722080748,1194.029800444852,-135.25353603668873,1418.7358565510217,-24064.607183775683,-15852.91313424448,588.9663748969069,-1449.0178661000073,-59921.22035200446,3075.2441044057987,51948.7876732994,-37545.97233274742,-7407.062592513518,3579.246518493926,-10869.777583967203,5049.39168368345,-9645.95916664006,-18316.562802971748,-24432.88454093873,-33265.397312905465,-1340.9479048289231,14400.59046938301,-15420.89012838883,-19194.882294181094,3747.1706630801727,8155.038979170771,1320.1372772980797,1390.335700196288
2022-09-18,22831.23456978639,-4.528318596248937,14251.259124231612,-659359.622604221,-14154.343833573956,-134595.7418257063,6883.123144441173,-214722.17760504465,8903.542137406617,5300.591152832601,23729.943260258693,-36592.124773015414,-8100.471605559232,-10117.126351997646,2250.514659491055,-27034.642480523933,2010.9721885546242,41367.73754017538,-15007.978906974793,1503.2664053857459,-2788.6312172040043,-3701.095310038483,-159.2056860677136,-4333.59295163963,29173.773016682735,460.117541636052,-17760.497244507467,17479.229501867096,3795.283647079163,-2919.2242261532606,-215.87736312311256,666.8389478367369,1392.4949253129548,-68.97650509186451,1353.1440452112747,-15363.787653615453,18678.411021250147,9252.055798396537,-1313.6451586203643,-39843.36729555047,1846.7105578664998,88312.9917765969,-29170.813201540586,-2754.608570325955,4976.2631909718375,-19091.98952314467,6876.255934150362,-3265.511752625069,-19431.359508424393,-5127.949750109525,-17758.436017724656,11482.305457423434,5421.143516598913,23498.640174646673,-13404.030624621551,9268.750514108398,11665.776902903797,2327.834781680861,241.99694991528796
2022-09-19,2821.547696462596,-114.80145883241013,11317.456124887423,-541704.6334515358,-48231.95322266633,-129788.14320539967,12404.530654929033,-223004.85174959764,18129.488868066772,8012.688241774936,25358.56073447577,-39080.72572370425,-4544.016499108256,-14753.288864473132,7732.075877497441,-26099.723673706547,-441.41628796704936,37491.389388397685,-16245.277393143093,-1681.649049851023,-1011.8156431736977,-387.24618209116363,751.6078694946159,-1384.9320625274881,17262.8747912315,890.5569301710277,43052.062096020614,18076.931002411788,1289.1233856416666,-2930.7127148111344,-167.76127637376982,-359.3239424718261,1274.4637517586107,-135.25353603668873,1419.030805536769,-9246.665974578376,24784.61593048423,-550.0840395145915,-928.1591429070627,-45870.00371022864,7031.703349638041,29179.55814787165,-24638.619711595948,-5376.18227748434,4034.770185413759,-15105.878650810911,4967.245837369774,-5955.048715204568,-16046.98273210991,-24990.70973542358,-15127.89415830365,10444.380156415626,6927.227805843435,-7752.063242248965,-18848.6039848392,4618.744483871678,10007.10584321773,89.33637923151444,1112.9577227617906
2022-09-20,-16365.463798732771,-391.5905871291885,11907.438848083515,-396085.6211617957,-166616.15578943095,-182976.01689422142,711.0709811854831,-283504.04063824494,17370.53847229761,-17.23544902835374,12401.677514800565,-39239.528421255825,-4791.496614742148,-17049.125585653375,3821.8790685954623,-29595.534805315045,-15995.696347597943,8887.287656112858,-20095.125482364638,-1646.3272663003872,-2055.7611005068584,-1756.5912773305763,14.73226722023934,-1480.9144840914494,6293.899449627586,-3789.33615254372,18529.322852711368,13954.342979645524,-158.21505447706113,-3329.545018954695,-192.64599383537688,-366.75541122065016,1274.4637517586107,-68.97650509186451,1419.8794658152924,10790.90061460188,20928.117927621744,-2718.6152674625437,-1065.111161744366,-66013.92814761159,4899.065416597816,24648.118059129156,-53817.78368403555,-10984.67304498377,3360.1459578794706,-13326.28602174413,1067.7604998599895,-11539.252627815007,-20805.197621657037,-21722.46029875416,-14055.069438497994,25669.599269063285,6629.857854395306,-61261.40302562656,-29554.0480799641,2281.185443317025,11928.947890097323,-23.358638467258686,2112.5662657559087
2022-09-21,-29745.117364272428,4958.391655786022,10679.2187939693,-644425.9609584424,-187825.53921437805,-138627.1288618403,-109.11290520081229,-215557.58866540497,8035.684000847925,8979.962105084312,12060.744265752743,-38760.09396079073,-3181.7130322018697,-25898.65737234318,8162.010235960975,-27492.17031493415,139.8936695940356,35556.85232025047,-19031.055273181075,-3377.8670399414414,-1181.409691167568,543.4792992579116,-366.68608389565566,-5275.030919026717,43720.663077919206,2571.850580750791,10581.284971385385,15397.392136497841,460.6969514194152,-5318.814250862753,-676.0074649230481,-359.96309287653395,1150.0700292883512,-135.25353603668873,1420.7759036198831,26927.14062362808,5224.414033528052,34.099816059294284,-99.73893453213668,-55027.33918675742,10962.43252855842,21321.696474845907,-49415.59698774334,-7770.25000059046,8020.638905095904,-13490.769757124173,6693.25554999278,-7755.078499801689,-17176.02583821968,-13130.050698561623,-4079.57762627541,6367.898144504047,18867.32227877843,-18321.71222009728,-11436.509662784254,2404.20265464562,10263.106714289434,-28.642718915023437,1141.92678212168
2022-09-22,-19283.58040931887,-70.35294719752437,18868.792663014337,-540049.0782617942,-33483.35344703466,-22151.238175692248,3377.0606261530693,-214125.95206226344,16198.191104544638,12224.450949176586,36931.278453583815,-34675.08109927019,-3369.4068724901094,5573.431319900468,19031.327501790194,-8932.683095607863,1328.6304500481074,39195.88581715927,-15554.557783046941,3644.1210738285827,-803.0413630962952,-275.8096150224617,1299.4636847985123,3730.5126666484935,15243.697326478723,4719.569309237208,9849.052883038488,19384.410786378037,2674.0709727074163,-3798.6947254888705,-222.11711400326564,-390.4687979710937,1241.5011052742357,-68.97650509186451,1344.6109363897363,9829.78208099629,-25155.52170274334,11551.470256888271,505.8849065911148,-44035.7072058664,10211.101705605077,18041.6005347853,-56952.747421474705,-8112.483707008019,4764.028769870256,-18422.585234352402,4516.832667190671,-4081.8444842995837,-18339.31892365822,19066.561871240192,3752.826508809997,17119.742258106286,-35016.628952882544,121208.26881221455,-6346.751402760727,8534.407992789183,10671.868453302357,11.971195216604343,-81.267640057601
2022-09-23,-11401.40177216634,-441.4476054628509,13153.378731424593,-304970.6854410162,-167371.303363561,-146273.3952162548,14328.853722839416,-283094.21502708434,19118.617302032573,3870.2150400539554,21209.146609323107,-41647.28864482514,-2229.434349376035,43137.16029397435,8721.473327403104,-24035.079099462513,-11809.280260968137,38806.572455819405,-16424.461880428786,5783.155371384808,-3723.9890258671,-41.09964151092163,384.41328823978165,3189.05489441139,17198.183676258122,4651.268237519118,-38580.39956879803,16176.630417078859,642.8820000963815,-2521.1988941822474,-317.13391592814514,-1043.3798099147662,1274.4637517586107,-135.25353603668873,1420.2167769375937,-13155.490794744721,-29992.664343000302,1092.4228252944317,-713.4051353586655,-49040.142780213646,6904.691796572801,-863.7397215514059,-63939.19369064766,-8260.155190032445,3255.7417318996186,-15408.559129253259,2873.2924226798336,-5816.8165734175,-15134.302860641379,-16246.402012549433,4940.6481841681125,20222.186357074665,13414.056700806701,2038.6409298314575,-14304.878339075462,4243.193372553578,13212.340015122452,-85.48307268436153,2507.6152888924576
2022-09-24,-8776.957856337307,-75.80934063347573,11627.425728516113,-423074.67407770245,-209732.9712845548,-22046.605463316893,10299.984568797143,-237749.98057124356,19146.04290683758,7327.164789968497,21644.21232379075,-34071.56190636876,-668.1998438020776,34494.13806086574,14633.025886587924,-15717.776734690382,-3393.1177002039803,40385.53197624827,-15118.723524500889,619.2965223208538,-402.44458750881677,941.3100069601196,802.1676722641945,2133.221661831762,24745.06594463547,918.9065609185875,-42105.32226608669,15338.833301782255,2160.0353228207528,-2435.1812854259388,-215.44375655265304,681.8951660473638,1150.0700292883512,-135.25353603668873,1420.1183909859878,-22472.188073975318,-16708.491652399687,638.4434574570294,-806.887782042985,-47953.23391379381,9908.94494550055,29513.101120569052,-58527.26638194933,-7564.002195891463,6087.182515724466,-14853.085986234462,6684.205780637063,-6390.426994159527,-18027.590625626035,-3547.6691842363634,-23278.006351397416,22202.64079497635,18873.458082179193,-5815.5084786546,-19277.575550330017,4819.082314027966,10328.391577832408,2647.2136439260557,3199.014536031782
2022-09-25,12728.956434525933,31.088698445469106,11572.224215935783,-309934.2370648404,-190773.64420667526,54395.16191974187,9119.868467939388,-263904.10017560737,21754.414255716772,2475.413214225553,23404.9876310266,-30946.97010413393,612.7880449042608,43662.29593420772,13346.12684608664,-22243.473888855653,-10332.365210207756,37983.411498325375,-14715.839426410126,2295.2150351057394,-2222.006766389891,1021.4657426513158,1110.5684668939814,4703.319106993759,15102.560536434443,691.6830215630478,-11717.328229941424,45538.291887223764,1312.9136672539119,-2955.6089063367504,-140.3734761347616,675.3964333265561,1281.2684358998085,-135.25353603668873,1427.5759299768997,-18224.296832917185,24046.528107226106,530.7371530786398,-959.576253605628,-51778.56597675965,10743.09518932899,37482.78802219234,-65898.20728761534,-9199.292787535625,3972.186186265458,-15034.90653752297,5369.218443380514,-4045.7117633730195,-17552.132603227114,-19292.359882483368,11918.889401905726,-17663.570049080845,4366.5555642128975,-20000.480034612272,-21590.04774115038,3807.300127874765,13486.399799220122,1767.3333760471917,2540.0695062430946
2022-09-26,6163.944727811703,104.77724837405549,20174.09990528408,-242819.55349145315,-32155.393430220985,39090.71315631446,11350.81783113947,-149231.51167422548,17145.33493813566,7844.485939507615,45600.1552789324,-30681.431349647413,-3523.078050732752,111224.95236110609,19600.857013017343,-12094.04563962583,-10053.582612960929,47415.450994503015,-10474.526594323102,3193.0692248414575,-253.30826834871664,245.7043546802024,1403.0406764161185,5999.564792866131,45550.01249529181,1679.6595346438664,58101.70684734708,107740.75391246218,2541.41483817834,-2834.200681952566,-207.7532116796403,-358.1896642909561,1286.7910072349332,-68.97650509186451,1359.380678512056,-10943.935675207678,28691.031575702305,13252.000457014263,351.8404714154699,-2791.3786073084566,13338.935441675418,45851.23165325632,-63210.55906473869,-1267.5003039410672,6152.642251896924,-11388.43284375871,25023.994649177635,11391.312625207069,-10548.786363398101,7680.374222125016,23948.029162613755,14873.055922957243,30593.66709836098,136928.703285717,-12612.989381804273,12291.996816472105,16989.79012596555,371.3142562266398,4471.382267956399
2022-09-27,17827.93767750548,-589.9965951965931,13312.690687479495,324453.5005196049,-297446.66770156805,-166521.21516297618,20286.174977293977,-160629.93217912142,27496.320264154943,4435.260137189311,-10917.593066237108,-35022.155762080394,-7437.998730863996,1460.9252196207167,-3353.1340810707793,-30670.367577173114,-33943.63599442227,33754.46194404326,-21286.620288691767,-6308.973512393999,-4674.06029793574,-653.5380299003693,-1047.4007384392135,-12937.056039489682,57125.842586385625,7505.5926783014775,14375.234726397051,108943.86300947916,430.88200622729164,-4803.4810448807775,-376.1151167254357,-530.9538008688985,1288.0001581573938,-115.25694235658023,1601.6155723341583,13735.148481011893,30548.97248941458,3600.800750779489,1131.4885684857773,-6534.692252888495,7134.83401993744,127187.85790317469,134523.23424986633,-405.895410790525,3364.7464675959313,-15926.580716042281,45829.1718650227,-8092.015602852933,-3670.9433658745493,-36283.58942344119,30067.965615939924,36270.72153048595,-4796.07738003265,58278.90056944554,-89890.80374029823,-9949.615441969494,18758.208029829017,-26.59572974258066,5176.540320055907
2022-09-28,12995.618187427986,982.7332199320722,15929.495930278958,87530.08195331696,-298782.16171218606,-164452.33504951125,18077.71259219465,-137380.6718949555,-19769.30850198232,2458.6357665231617,-6006.97813389899,75453.5295741423,-2829.766254702442,-4814.181650996943,-7240.627159279767,-27608.0596509324,-27983.190251957167,12889.293140738493,-23857.58201949019,-20961.792117319095,-170.90563499901214,1949.4459799862234,-740.9577695068075,-7366.044614011494,50877.17102220135,1242.4212132255766,18082.125937036195,322441.164329676,3054.913517855789,-7329.421725861647,-353.54929299068266,-803.5849470067634,1232.6321920429186,-115.25694235658023,1523.6391106928993,43800.561711636896,12021.88538215289,2003.8649444269272,424.89263039360185,-13540.068565423782,23020.633453407554,78395.33130895918,121769.68323008847,-1983.494732395528,5559.101647291591,-19421.007673927583,56084.51215856737,70958.30536402015,-3044.349079735533,-35210.49079416652,-46515.3686907222,44111.16824417124,5852.444672875359,-18977.32701089911,-45312.293643761914,1600.6926154454636,11809.978707099643,173.2343221896976,4125.96147701454
2022-09-29,10841.823274707875,1507.0861285204269,22716.68060142167,98322.57646824465,-185447.86288017844,-146515.0255104031,26983.000204851032,-170521.06732339162,-9833.448923726926,-6512.125705521796,-5103.669743244573,66455.71012561063,-913.3611371816551,-2988.1553584521025,-3524.4582998207707,-32491.110840702382,-26877.215347183126,12810.818097213216,-19802.615541820895,-19461.133824419056,-41.83463455994962,349.43283786460506,-349.0360941165145,-3847.506940208458,97.19455703928652,-3465.9751244045137,18849.61885595208,330041.24652701715,-4801.123912360293,-7312.1056283748885,-293.96268344387016,-368.0498811454794,1902.4092302336858,-48.97991141175601,1492.890580370527,16195.376612311817,-37045.65460747223,4915.94292721594,-5139.422449081008,-134647.56680622604,2630.2063838850836,68343.37846031025,240748.03989311197,-51318.48303767968,1635.753132694691,-12458.942500949172,18286.571760552666,92453.45156294285,-12490.919586516413,-10543.877999981756,-20619.978019095583,-31248.456189822384,23726.66581694135,35510.94127728157,-34212.554802636405,5470.4760218281,8611.229721408665,380.07440254187236,3466.360310509557
2022-09-30,-42943.05206737942,794.1479432750077,13409.5438068757,67074.28683062748,-301897.6206332819,-117200.84935020248,5048.397685444044,-207462.74490712004,-58510.57808997277,-9690.101599037891,-5267.092333974873,43013.034796713684,-2243.928016545412,-4314.368168816253,-5133.839365463258,-31049.060324755977,-27974.15482609598,-2930.9364990311205,-20378.39398567007,-16163.855307318046,-1140.5493705807758,-724.991742562795,-284.72906177301195,-6721.9312180732495,-19847.150269723534,-8692.459732040621,-52767.23641870501,330285.293550516,4943.305013146543,-5832.525625233644,-331.0756391364985,-1007.0440041648926,-68051.56848682187,-126.78172084210739,-131778.5104383109,-29110.099447210585,-40209.90349954643,129.265994846644,-6002.834904344686,-135884.69950178257,-1740.5022940603108,16449.36799344142,204281.29488917394,-48146.13684283273,71.9528435192774,-12550.99473369654,-27014.56217712057,82449.58814947768,-23256.598666889913,-41513.20660288079,-27845.75494924494,-33640.414416308835,-11285.34928212204,-29542.80117941383,-46686.90967705747,791.7766594887552,7847.934083123583,211.63843348912332,2873.4350139588814
2022-10-01,8301.24475322041,859.2102216160247,15047.933219372277,-522027.3657702299,-85841.09991561066,-132951.52234608267,-49602.80617852736,-290179.8849604054,-19683.53863963782,-7234.565821786314,-7845.253839869908,36023.87986128083,182.7541084324139,-3015.5619508741042,-1672.6000948266674,-38600.24109314817,-33726.73900138974,-1916.6205981427488,-19888.168285321262,-2264.3382132321076,-3082.8242499036714,-283.4063862807652,-356.2816645534689,-6271.62892216151,-94561.15852663343,-4924.910999983306,-42279.448739972715,-256466.376144376,-11019.918199615067,-5640.131049793314,-348.80906420728087,491.0142551891362,1362.5661330434034,2238.3385679627163,1368.8796684224121,-23724.591687026717,-13022.919665550631,-300.32158722430836,-10347.809271038019,-134227.84440904105,-4533.705402577125,30144.702523702766,169030.27163728973,-48124.685743610564,1007.8606258065684,-23054.11700616817,-25595.272429969657,70583.08217252369,-11531.607573428671,-7472.510843005186,-9382.67020179878,-5556.605173262771,-1203.288397978593,18643.091718387288,-51689.38259932808,7691.427310943474,8861.129513059726,568.5451776013585,5035.6138230844035
2022-10-02,5035.915211087231,-5466.745503383658,20571.29157780564,-834231.7866275262,-93628.01599508723,-84715.41664677071,-14895.972104053953,-237645.06823788068,81.74985906017724,-5990.244412066892,-9382.536139214695,-85103.4791250035,298.30157214949213,-4346.725112634,-4602.654791808465,-32454.519153768713,-16372.709597207813,4006.8870646965297,-16664.93238418919,927.1407035380222,-6474.8319610210165,-2980.973441205195,4700.803406211202,-4473.599526363382,-86337.51349520043,-1502.549375588106,-6867.130184391916,-284497.63514924655,-4471.690525565371,-4619.080903737196,-279.1248751702952,491.0142551891362,1263.0443645047076,-83.08321363828938,1359.247822084023,-18463.226383325393,17192.397106480064,-1109.9984034316233,-8806.536308623246,-116441.75588536676,-8908.546406154674,-23828.8455363284,78778.5413625527,-40801.798327600874,1002.2027043814651,-34003.598697148904,7208.146317573843,81094.20986908095,-12946.465014147107,-10654.270657868186,8927.460302019708,-24231.530106640093,-17151.27102040226,-124663.91495872555,36981.02958876011,8268.889066300268,12130.37737366712,2427.3576620257854,4392.744387505989
2022-10-03,58937.28884061544,-348.9130013804212,22825.611256553228,-877077.7165833872,114631.98610367649,-36743.137580235736,-16016.202768581892,-282985.5243150077,3518.0430403398495,-3127.9233115069337,-7535.93800224427,-111526.66077682134,9449.899793520219,-378.1058001246197,-3294.0079623812935,-30765.833706454614,-12813.225167533865,12338.663307714727,-14599.532740761768,540.1503218658788,-6687.721899499389,-2839.759963344952,5568.862690817697,328.5308004648564,-48439.514964763635,-3141.9003137623577,40536.877538388464,-264319.45140219806,-4138.315058745004,-4624.543894477218,-279.1248751702952,-410.63219046777067,1528.3236049674526,-83.08321363828938,1358.0242462038232,-11266.859118735254,20595.32264210475,-1053.1487089011086,-5929.02626679268,-80642.30835593057,-266.65308721442125,-46160.98229279795,65837.0454698432,-40821.50287022006,5082.573954853302,-24406.080321209323,111682.25506402101,51065.422407559934,-10651.804889958974,-2227.514155828688,-7427.491586015882,14687.04591615462,8889.834621492408,46518.33311909992,38958.877161626035,12073.81351872356,14477.266467174271,66.38213189572588,330.86121235339874
2022-10-04,30123.246784674455,-1349.5997181264397,14640.591508350559,-601737.9872670653,53256.56203346506,-82295.66219732133,3144.7021932224807,-342410.7231615372,19980.133517200193,10094.589615001205,9008.612499804874,-102778.31897970627,-2494.855226783013,4926.4777190920095,281.3401211246571,-17515.183653983484,-16590.626100290072,4052.37760863479,-18894.73553526195,907.1358756608101,-1798.6896589181638,1346.21514529355,1131.6027229792414,4590.856348934737,75039.51321838667,3612.0895118403755,19396.740767660034,-225719.17657218914,135.6378969383054,1214.3666980939224,-217.53582060618584,-370.18811863941124,1565.6051893869228,-135.25353603668873,1359.238427793024,11710.873191938183,23874.557914835663,-1500.984293277289,191.83191915594216,3281.9139945355205,8906.845091123716,-96030.2321566418,-53315.496384053295,-1500.5617848876154,4044.453168126848,-22053.3814375754,61320.31657438056,6483.451980483441,-19567.95092276365,-22521.98780422441,23207.143698833745,28893.36881990697,16367.108933590971,10243.281526034469,-17814.5583566019,11782.039825485648,16486.741556392648,173.51233326896292,3647.444108957671
2022-10-05,5090.923193900495,-3810.5331239291527,12401.589022080436,-365374.6910676216,44342.50917445334,-109938.72437771279,-14935.378189486843,-415062.4636505642,14410.876930666249,-1743.021428941132,6980.8755868926955,-113511.12296013381,-2298.2100043318605,-6129.815499841873,-4597.546327124706,-26418.385095494312,-12281.31008127928,-470.23057964728105,-23399.84853530573,-340.56300968459027,-2434.687028445069,3650.364460167062,220.67972886783838,-1805.854899118517,7566.067958587832,-7255.777215445762,16389.940910221034,-199815.40859845013,-3946.104387020311,-4204.226214742988,-795.2319044023899,-370.18811863941124,1571.2668934136436,-135.25353603668873,1326.1119663928703,44963.006393715346,6545.031806190365,-2757.231700078837,-7797.8108306007025,-21924.168344446265,12624.339490199269,-105785.40034544712,-59772.63328026658,-8731.900613697424,5856.680100187365,-22448.096888020074,9500.557050209965,-13330.973649443069,-25698.986252282608,-43534.95915723908,-5948.907680437865,-9607.745977387454,-67131.03898843343,-6338.3308388197,-35270.49680414323,46.755520895355176,10804.35281901027,113.03534751433631,3202.793811487304
2022-10-06,17859.016917060864,196.33981538368084,15895.936316692547,-824738.6386624309,39323.93040940029,-33673.42685598643,-10939.724079630812,-342635.4241194888,13763.137103056712,-870.0027117119917,8394.635076581348,-114124.37241419121,5708.821295007076,-4859.941095658656,-2356.5542303719108,-28060.238181889923,-4835.902616400417,5035.281802044456,-14887.864959292592,844.9395778304422,-6360.621001133292,-1738.638804654403,2619.1108007846233,-3229.658226419433,32435.76332051358,50.28363462023822,5022.31509302899,-115255.51221449004,-24.577157727360145,-2836.4101183119355,-279.1248751702952,-370.90527028125695,1467.8476312526748,-68.97650509186451,1317.824657180077,8433.134084112866,-24668.187134685075,-3623.0245300393663,-5027.7209628278415,-38215.77766516904,8746.722710723117,-113138.55872468537,-52231.63591366574,-8506.548733702024,5759.731033633583,-26814.80094229744,15148.9351391821,127.37072272524381,-24311.980016235975,316.27234999966504,6606.5070515669195,5857.083297801752,26919.020001959758,83125.67870803658,51492.55147630322,6355.361538869431,12001.476945891583,-42.439793776849456,1199.508621653697
2022-10-07,10172.33006439364,-2688.104508406767,19929.349270126288,-632088.1672115691,-110644.57407669647,-61826.50013004667,-1958.662246608037,-353375.4090556374,14093.261710507835,4411.468438514812,22298.023801315634,-123196.41056137101,-700.0740316953252,-6105.127311886891,-2963.437792685574,-27090.118345747505,-21184.035642384028,-4153.950744744052,-17959.556084812917,1115.3814330433015,-2125.6283911313512,-156.2102719293805,203.16548111389739,-2499.9347691147814,12283.304559298747,-6605.290872018322,-37474.86267271791,-62598.49181873722,-362.757066050116,-2081.5535810604433,-187.23970479162816,-1067.3284524264345,1375.7660629791349,-135.25353603668873,1319.6836165548764,-14907.686666743699,-30568.42942985599,-2567.6389241905626,-2939.2806003280493,-41002.29175745502,5208.706486048866,-95815.44627361356,-54042.32585906337,-10354.298101801003,2392.5048262035525,-21109.277950728778,6473.765357450326,-5731.140757227786,-18810.968311161807,-28264.65262215585,-2224.4778072388076,-5551.005310652732,-22810.85015045163,2441.132144268519,-22716.48977113732,7349.251879754895,10808.424337853543,119.07606296379987,1956.048006254395
2022-10-08,27589.12108896304,5014.320033645889,15061.381912692494,-777054.5664225045,-169693.54119457083,-31892.757616724513,6640.1425047699695,-280987.00935557106,15800.03444055142,10615.240226771795,22695.112326467126,-109962.34383076703,2848.4293985671034,2267.619613319582,-2504.664467343663,-28280.051709753225,-3513.955117485202,7376.4705661656935,-12345.931206631727,-1989.8417417610465,-5315.1814567682795,-1631.1361403354517,3365.033703218257,-3738.945521215014,68861.62985208488,-79.17535443106311,-36733.631630890326,-44328.52808751955,88.38455663037303,-2487.2639054976967,-510.69943399290645,731.6912237512656,1251.3724015440316,-135.25353603668873,1342.3359540013516,-15092.543707012243,-16803.97507899088,-3220.378012428818,-3509.9400106442185,-37716.53782385329,6938.771794886884,-94270.53834022484,-46205.08106335241,-8290.178227875233,5423.865360426053,-24289.067324872292,14614.431444071524,-6104.628802045703,-24527.341291149816,-16356.348173984523,-26796.42487594986,4452.204063584664,25893.281583114047,20914.003860504858,87849.61778371503,4790.8524521146655,9325.595525898756,4231.508250105926,12288.069909125534
2022-10-09,38873.21491515594,4353.683111604339,16296.880867609925,-618554.0700433499,-206962.50133453018,-31724.46233816892,-8907.427030187699,-300144.7103827096,12574.501653965246,10445.854524378296,19101.68055015886,-120890.18039685428,422.12746957924446,-2595.4661580286465,-3923.368790442187,-29697.764107990544,-20995.900852673054,5726.253806728557,-16286.769412578979,910.4183921245142,-1516.0955313684458,-374.0447743617699,-588.2614554027145,-4952.466600582508,38610.28156563704,1248.5274220144415,-14989.97104996441,-33029.37817496575,-1096.6674631468163,-2387.8927503166706,-125.62181955037724,1258.0175787317344,1357.7558971034382,-68.97650509186451,1318.2218594334936,-7745.104824665068,21389.865560989427,-3943.889398623286,-4115.135012673496,-47671.67025129695,6268.611809813958,-94640.94536534866,-36879.11634673002,-11346.86465551062,3411.8975230293972,-26002.06630443195,2326.2760000155886,-5504.435387299382,-24806.370371355057,-10441.793167890006,-13856.104125577462,-7409.3133822711425,13131.199661013947,6782.9221495986385,-26764.978336926935,7463.151167883453,12554.780518242052,3787.0777894902612,4967.966291309239
2022-10-10,30629.47901907445,-148.79631124959377,18195.831522191504,-669222.298952139,-119752.27801293174,60582.50052694297,8187.496376567342,-294758.3553548041,14228.909265952332,3943.875618060454,23628.988378389855,-122713.67876820006,3541.926215811561,-1252.7635704993982,-3102.788039387755,-29768.681218230562,-20560.93352597808,2038.3159098113538,-15615.291421723261,-2984.445924943512,-7170.701673662155,-868.1446479689693,2460.1679637402517,-4300.43715202253,16773.146165666552,5273.37262004931,47238.62997548081,-1851.9238415364962,-830.4792600482319,-2718.3682095246927,-473.1252711286705,-388.6176289051472,1345.9646256651254,-135.25353603668873,1420.8897870091641,-9047.910473670843,24014.785455770972,-2872.252915646578,-4946.951979638381,-34864.11896451352,8387.492383369477,-81647.94238742335,-37387.27940456214,-8123.5639790575,5721.780674249047,-21736.63046724671,11346.7466537543,-6364.38529980913,-22363.905538675754,-15970.180356674102,-15657.009256559611,-2174.0007829203873,19682.266161418826,2233.503672724889,61867.25403480609,11115.80592189034,10517.360035245547,110.78863231045005,59.998356059891364
2022-10-11,7044.723679702274,-303.447071941196,13666.606166929108,-556571.1057949036,-93212.19057472717,56627.57595105938,-2682.0784082931177,-286121.31806816196,12550.189482438203,5378.673667528474,25588.98365443411,-128366.31880739843,-9745.630715497868,-5782.217839500908,1455.0049456380857,-31588.220258491052,-19688.939051210316,1598.5381589403898,-18644.616221683416,-2782.635963262684,-2206.4628279726458,423.33696501709437,536.1826238923629,241.95875050358677,20679.93681144054,-1859.4571774971955,18554.535135537135,7490.479666702961,-1893.6556600830268,-2738.007518298431,-162.78348459127872,-395.40994724926344,1470.358409170541,-135.25353603668873,1414.61507047758,10839.29498162817,22007.86323817227,-3994.5589578173212,-4356.81969171062,-47095.39673626852,9706.769679688117,-73042.16992487153,-31386.93285456686,-11063.463150148727,3460.439756758564,-19751.327573037757,3677.362760702653,-7804.087617040434,-20003.00528270333,-14838.215739765183,-7678.845561482164,14664.924194567979,27523.136760674595,-9756.931356535943,-15775.343491067204,8564.144135569259,10698.340124998118,246.22111165899219,419.05619392379725
2022-10-12,52034.53242625357,354.29368397966255,17453.324543599487,-621259.6413180361,-275122.027550135,51940.087893168944,-1023.2541771357884,-300352.6559240103,9127.361203822526,6011.452985164227,22019.84729983811,-130758.99708390655,-10551.357249540968,-2728.1147971675155,-177.61925499767435,-41589.88990183298,-27977.420018390687,4577.275266340631,-18976.963006024715,-3278.0889693841646,-3510.910264895767,301.78093320411085,-1761.2361131055172,-2202.9158111685047,19420.085084525737,408.87616370932574,13382.280887012757,1047.3296416451822,-3759.224560544023,-3858.454741067089,-321.4392668179329,-396.63252339062086,1356.9692643370004,-126.91120799655864,1409.3569635025804,28762.515530263307,5157.28343874222,-2903.1602211538757,-4667.181929989334,-53492.922780049834,11381.393340716988,-13819.198634091383,-27845.91037528928,-12442.060231263973,4293.184830159698,-20940.26286611837,4935.39719790204,-10944.58285065753,-22134.94518403318,-7854.954689658591,-4647.128599898194,16791.549536032606,-34917.89053012791,-32917.72656893247,-18458.69581250574,7918.722198445691,9292.933222242405,245.63010607623403,802.1936574300271
2022-10-13,27213.922891659502,-658.6711309822898,15544.886201328478,-687345.1031501653,-181421.78307167132,57656.61493538123,-6471.759208971269,-235816.55135700473,8879.136023508556,13618.458397375536,23622.270447048602,-125801.58295831054,-3468.280422919068,173.13081343483645,2721.3137306510807,-34617.32247696318,-22203.141953832957,1547.1559520927397,-18430.706738591267,-1419.0924392326367,-2118.7876152717154,1330.3401153859438,767.5802287242293,-4605.180784769039,16379.981211092894,-3272.4054892168397,11876.80889343518,11428.138515986879,-987.5238698155508,-3147.70355075623,-148.4195822676534,-408.08296687748776,1345.9646256651254,-68.97650509186451,1418.1796921468865,12599.493715527757,-26202.397199792016,-4405.047582397323,-5500.757246034824,-49080.77716266239,9949.569541719686,-13341.513579122628,-30081.941353921058,-9723.795827867054,5536.197674621919,-22786.160201344057,7930.941761714959,-6027.086583359791,-21714.098886721695,-3049.578592175906,-22530.79627211469,6336.036881062866,22463.520108048848,66822.49872836305,-14097.668572830298,5984.030786384732,8636.361219800918,113.11264385110462,2590.448923113187
2022-10-14,38734.785344245276,113.82082276021168,14726.08527777794,-568421.5484058425,-308959.32366371603,-80859.12538656413,-4101.462744733039,-255036.41393769722,9319.057674563308,2999.9888692824516,19757.161618236376,-116368.27907340482,-16383.497417057588,39586.58069755207,3895.885677718965,-28009.564190493016,-22333.67304986561,4287.797034674468,-16115.779916495794,2719.3400956546084,-2858.6602056392458,1071.5199378879706,-950.5292961103778,-2103.1340097671646,18704.89361137358,-5218.414873048408,-37947.63891201502,5790.269974240542,-1094.4634185494306,-2544.852367415332,-117.57571341748539,-1398.9955058681353,1341.7596609632587,-68.97650509186451,1409.0252651952123,-9725.43366357719,-27941.542212797613,-2180.0861410637963,-3647.884023792035,-47945.5119752904,10276.968764895391,15484.024301482546,-30721.622445257723,-8818.089463252807,4581.826743501838,-25334.21310972726,7328.856503013115,-6071.310011220245,-21841.428515373478,-13566.361189660922,-11969.327157044529,3287.4096989037675,13911.132440020028,-34098.15702168647,-21204.746613113748,9725.428601197407,10355.860338010374,194.6661252241428,1612.9696247196973
2022-10-15,24831.74262187926,-616.6685750003214,13723.593867465082,-651084.9750803964,-193158.33778937467,-142125.33321613015,15499.513753813555,-226623.416868974,7886.7980520616165,7719.736564758154,17619.605482737097,-31276.06135961479,-16637.447580138898,36860.99413606047,1578.6101697010197,-26544.658458604445,-27637.193040636594,1753.1860997251222,-16988.943485225038,-1496.625617512008,-4539.2813960162575,1273.4036478523676,-270.7339770092184,-3319.0548728608537,37064.00544109702,-3079.8882624704556,-40519.230290852494,8760.355105117898,939.0205087401332,-2729.7831551527483,-465.0791649957786,669.991849549561,1235.3761654038524,-135.25353603668873,1411.0588123512189,-21573.496233569473,-17946.704447121592,-1702.3410025216176,-3389.99895880446,-45244.43660853163,8537.531333881594,24623.87084422221,-33599.8989482568,-8865.196065376575,4900.527015736112,-20778.762368881547,7004.797462139022,-3846.8574353212716,-18135.747581620722,-29278.239842912626,-33602.23789587401,-5270.614061553558,15657.55434695286,3481.209745572477,-17795.02745916967,6159.311311359161,10782.9175855326,1544.0722133476454,9572.282906506443
2022-10-16,3380.9405339491937,272.0037515019369,14498.628484910667,-658905.8349148856,-206229.29486318456,-146780.331358406,352.1197794281527,-214998.9883013527,6630.537635713392,2096.922229689242,18129.069566001846,-34522.61941724399,-14986.286887263312,45977.027878548106,3332.0223885292053,-30447.47851892182,-22450.677832449368,3499.643966308081,-16462.69752575569,-1460.9933101801328,-2996.2056402988387,45.07686997560586,-228.99525037611306,-3482.7631000593465,35908.104404122845,-6365.825808883687,-10401.723986593584,6314.588811439977,-15.92222742132185,-2498.5093769347654,-177.94763899899752,734.4680496533208,1341.4110775132274,-68.97650509186451,1409.0224305636925,-13531.524712550905,22548.87460525437,-3380.4002617394517,-2997.8569996198694,-49570.62459263664,10147.772716967771,25719.79403643571,-31736.92883213368,-9289.877378349012,2284.1415661485644,-19814.61464674506,6059.7894129444,-3131.55104068688,-19567.081579771457,-4677.113093781763,-1906.947094929471,17927.990658280884,12182.711258704665,11751.929742393788,-14046.66582229047,6876.387216514067,11239.480512601232,1491.7754354109106,4487.55030331277
2022-10-17,16929.71047682914,422.9990646017619,18214.677421771717,-666191.0287384321,-162519.5670379175,-114343.67862286363,-3296.2248153563078,-204690.50773039943,9468.778449541893,1429.0693580984735,19901.26421700754,-41824.34526407416,-11819.172238491745,33536.67138824337,3783.3926395980557,-28767.369711355914,-20528.24442437327,2783.1963607275234,-16705.038181310367,-1697.4518240208313,-2247.8247055107768,195.52477152585402,-188.6497411646145,-2213.9671044225197,36917.37506576607,-5339.408484879104,51546.181491131916,10168.436121870738,549.409153230069,-2772.2281037817756,-177.53514117566309,-367.47256286249586,1297.353555400643,-68.97650509186451,1341.6769843483335,-7897.399754815456,25819.431731136603,-3505.290407268432,-3836.6966203045413,-42939.49257557201,13654.00220513099,40182.40187136043,-36672.82614721278,-7898.1505536609675,4244.284595964499,-20607.6116989031,10780.4369651349,-1550.7606151022044,-23487.755844244082,4463.634985242306,820.7845034236988,14361.861722822225,18626.884557085694,78680.93528713347,-13524.764061352997,12499.702170613768,11746.394697139654,182.40436646821922,1021.6127967639945
2022-10-18,22852.407437373047,105.50262542684311,15287.654273814349,-497480.524050575,-156382.58533071697,-47293.30240614191,-7915.409332542441,-241524.40372904166,10760.497550372953,8719.763530631135,22297.58906562615,-34108.50242367796,-11445.149784898147,81195.97311304501,14406.186610343024,-28073.899518343133,-23119.73259108966,6242.7813604812345,-20550.02383815922,-2727.4099826841675,-3238.4535509719412,-1197.2703093905038,-601.2124452067071,2353.169342561111,34282.54989589898,-178.87436760124535,14698.749173886641,10657.197502562907,-940.4764258415539,-2663.1463772111556,-154.7373784583869,-366.75541122065016,1326.8071803545806,-126.91120799655864,1401.6587486452581,10289.936397651749,24582.02713862843,-1588.8759942112617,-3772.1231808530515,-36200.93045771384,13144.668766991037,117997.88701888174,-41166.916950212995,-7329.475646808865,4026.7289800955095,-23907.62099731117,7234.190917742535,-4543.221001921344,-22457.35153069676,-9013.69666282359,-3430.56234196689,15443.628512297884,-11105.342997178584,12264.714507114193,-7567.962258791385,10209.40560106845,11083.404344752322,206.55819515313704,-118.48559785322396
2022-10-19,23127.576883017922,-419.5339524414343,11570.010933900072,-337067.81540100416,-266424.3825458709,-182543.03719116992,6115.40403836162,-297042.95373828325,8503.872163910271,7253.582524316018,13259.317457367633,-45298.46547633366,-17491.461425921065,46828.479031903546,3232.74123303584,-29687.9155913088,-14608.883032397851,1677.7976944950867,-21001.42569797572,-269.2051328239711,-3699.797075703611,-459.7103492082481,-577.9275742834182,2656.7006077496544,30544.632587075168,-4411.821602399504,15822.815461256214,17753.307651746294,-3305.311577256989,-4094.9007291427656,-253.43373292686323,-399.99648864374586,1331.8062918226337,-135.25353603668873,1408.1792311958143,30616.652948675022,8708.613276589977,-1924.7060929465554,-5819.215939268228,-63720.1566538062,16218.2912496915,36588.946988736076,-43976.558243697065,-13225.564624211707,5580.001904577152,-19782.34013570215,5690.361581059458,-4085.2484345973544,-18703.00140634577,-20354.49714670778,-13490.766618617004,-2514.8560583334292,7180.884077893942,-8768.67698687545,-46323.84637869267,513.7379836638667,12018.54590203577,150.80349763423544,643.7524079348412
2022-10-20,62048.19806002018,153.79365379655644,15034.552613089581,-562686.7634632245,-146296.66055984283,-142165.66766052734,-5360.018387489976,-230916.27007150045,7721.4353292837895,775.4199564398494,14349.678166704973,-46207.05942787725,-9352.546707036261,58076.92561065994,6981.741786352095,-27302.868893457864,-18507.693372922113,1842.755345867035,-19463.2895644811,2403.037992035315,-2009.4587053583336,1184.7726516551807,-1090.1980322149661,-3379.467703476497,29040.69866644565,-3733.8610323821613,10204.722275781494,10193.942389932912,-362.83604824168197,-3700.303195511749,-140.3734761347616,-367.47256286249586,1243.4329621389243,-68.97650509186451,1345.1255056971518,12819.512883967058,-26057.976849370418,-2740.6023390963983,-3955.2200438292116,-48210.73542795451,12093.149605612358,30380.25229344672,-46443.72884584239,-7815.376069805657,5755.89165702399,-25880.92906445977,10076.038090795453,-1429.6484254967104,-21164.3570018111,3091.9291206226717,-22771.070051954623,3296.379668955866,8266.672808701525,92393.70241416739,-20700.528444951422,7534.731285799442,9543.8100249479,305.8789497728617,2101.390714075716
2022-10-21,13609.974759124783,-111.82194770168937,14878.310946745873,-500131.3360477506,-206720.36282752443,-160134.2445992398,-1727.9543475690361,-248594.6793333408,8380.153308092074,3615.3213463925445,17789.162375433254,-36918.826543764095,-7760.026470893622,74009.09318554579,6397.385054276509,-28195.328508518538,-16669.596807416892,3716.2434876687316,-16746.435529051596,3798.0355827087837,-2585.259181797801,27.477178185650928,29.46642394458229,643.4200602091341,29893.718597153817,4375.7773416916125,-39453.903281103005,12298.658397164536,-317.6468096370845,-2175.2570626200363,-177.53514117566309,-1076.6208873378619,1298.8436453382587,-126.91120799655864,1401.9114532001036,-14866.291876900259,-31949.36468336467,-838.7284026907802,-3011.4739560949597,-46356.27177351042,7592.167335000805,33214.711810986206,-59499.79624401799,-8716.685604069933,2877.253286958411,-25534.541711364025,5030.657861620637,-4447.902791683231,-6565.4636077283985,-14125.458949493608,9495.432339603754,21098.684769555886,11167.14634108459,-744.7208115389599,-30516.57402265729,5035.361035267767,11535.906232674393,187.68697579193974,384.93090254032825
2022-10-22,55596.81285215713,-189.0096655968336,9863.472178710117,-464542.93016978557,-218010.70293245226,-158942.58424112713,13920.814519588295,-263478.6139880909,19395.068809454515,2665.144986982119,16272.141490500386,-41544.08197497629,-10556.91848993224,57862.899967355916,7121.5517901320745,-29237.272633808177,-13398.953445988405,1158.3649077075052,-16481.73680519582,392.6942545995371,-6172.213678139323,-1882.6319140310807,-1131.0645138473028,-2693.6208427621395,5888.179222642959,1242.3212951454223,-40539.381280881214,16225.706219459922,-301.88221784847656,-2283.951431310615,-465.491662819113,681.8951660473638,1331.4577083726024,-135.25353603668873,1412.1538595787847,-20749.91432798304,-17626.69234958628,-863.7471133894994,-3727.2510358618215,-50720.68537152295,9325.678855723223,21272.831357247036,-53143.014890393926,-8879.081556696208,5717.560993233701,-23883.80598598827,5070.567075195027,-4968.4710361791385,-7178.092332093214,-17749.887703481956,-9982.59623540518,-1407.2538435312808,13072.297723395786,-7909.983839220953,-44699.32611473801,3806.7131727347046,10014.315454677762,1493.8349594799743,9879.828688963291
2022-10-23,38932.84974691771,-580.0119540008495,16104.037048725839,-532046.1487452383,-209769.35463259195,-139009.89812531936,-4242.660515291636,-233349.67831922907,19918.74531590628,3746.85725244058,18167.936735283038,-42309.8377635465,-7489.027739496665,60641.98684854245,5832.80266079114,-26620.963716967744,-18028.86640590466,-72.92490703489557,-16027.76781046657,4896.180063526403,-2840.563410289613,-217.28994617991862,-1546.2378425318143,-6579.940664756131,14920.633576294516,109.05086873108849,-9924.72583315251,16172.505088214866,-863.9768406269422,-2126.1500558010184,-139.96097831142714,734.4680496533208,1269.3900203843211,-68.97650509186451,1402.2132304722654,-14529.052403576674,23182.48532913261,-1344.8792976039574,-2823.881459864525,-45776.0042820247,7738.852577669143,-3121.3396036905747,-58755.85318531964,-8537.961436563615,3061.379460642881,-21386.850157094657,5153.909462287379,-5467.231644703129,-8895.79896006887,-12484.2214953845,-17791.090321208903,5001.990686640931,-9665.361912408853,-33413.29105543868,-28271.16967072549,6924.401059318369,13241.35902977884,1507.214300752624,4112.7228075646435
2022-10-24,22379.792683915068,340.63580033021685,13662.947417895633,-651612.1540974292,-152682.67676122143,-117210.2111602491,7778.113978049807,-218437.65871515934,21812.113615967963,4093.591315555486,19814.494697467708,-25377.15304401811,-6858.720902805786,69098.59926693415,9805.021267335815,-21214.186300146994,-15707.607886615047,1629.7602747442247,-16537.138906368855,41.86420526656366,-2182.9519565161763,840.6783422380929,-8.589205309270142,-3310.4780790728655,23200.546426812387,-531.4963536857317,51921.2829867414,18358.701524053067,-5.781094978639885,-3010.766364770278,-177.94763899899752,-359.96309287653395,1243.4329621389243,-135.25353603668873,1409.284264693359,-8000.054613424099,28611.598925722305,-1511.7837176936232,-3609.5873378310325,-42233.872470647846,10513.403972877539,15843.089285721926,-61036.11196404159,-7021.2331767665855,4776.923923984037,-17966.219178804655,6498.552450537472,-4361.46611460599,-8489.711803274886,-7181.664027470189,-15833.930832634142,18183.916257176716,9637.309942350632,-5731.172748892661,-4049.560004176932,12131.947693686325,10483.39602608393,346.61084607088947,2474.7755747586807
2022-10-25,12668.344438789378,-1462.237441745458,11569.107304197698,-383121.3751194648,-41430.28088730308,-147931.74112794618,15824.71708805907,-285340.747066432,18926.00306941098,11093.523291081012,40261.106647534485,-21561.76896313153,-7268.573249442586,82336.26929021765,10143.02169175457,-20458.968790288276,-8780.25191456066,-192.37417249287546,-19988.505343673212,786.8246026093052,-3055.582967485374,1064.548181538042,622.4906764588608,1884.8002153413972,23902.166287307416,-4072.2024755152743,19001.063675652284,43915.79236920923,-1630.9874512620154,-2850.5065703342684,-184.62099644961012,-355.41153738621483,1362.4922966246847,-135.25353603668873,1410.6927469796774,11751.114070816722,23850.059346248672,-1914.1557823998207,-3826.7022612486717,-48015.17958568383,10826.888564701307,26396.096078066563,-63321.86157417251,-6501.2801874929355,4300.130336526535,-23109.664954812037,4734.296981351734,-3050.4790199040444,-6998.028338741754,-31552.484086711916,5225.114047068984,14372.548333739654,32359.283151791547,-473.60704514432064,-44982.324396501455,7979.250532959818,12564.465732841267,250.0882840007483,2862.056607329673
2022-10-26,65913.55462877537,-158.79198314643838,10217.43972757033,-336920.7144153317,-200238.82079337782,-193291.2882578565,19786.961828619693,-307789.4876355063,18780.688413233314,5678.973569823609,14798.346953754513,-24375.259254057524,-11971.479204029793,39571.32294349952,6797.009639702966,-33064.3082187531,-10701.333338601711,4183.556245801314,-20458.130304054117,-5676.770591997209,-6543.4528525909145,-437.6818723004335,-1396.8578718330864,-8891.259208239644,22622.300817892425,525.7618023116913,13952.696088720968,58883.53226967484,-3669.6130952947697,-3844.435655494453,-660.5870209959487,-362.8430061350388,1394.9393497832943,-135.25353603668873,1409.2290357868987,33733.740554099444,4928.310767906667,-1670.5471411547403,-7963.247535961698,-65341.61872675218,8825.71247067737,30382.729026836114,-68547.2396790713,-13272.652317607817,2855.890621997769,-21052.57043091706,7591.958233591603,-5531.2229421822485,-13832.898063818133,-35263.26732309135,21528.10348065939,8212.178550575421,8242.541601816192,-46656.12816246174,-44705.34254892115,-550.7102536678942,10839.22718861756,410.1635741625468,3438.921569472552
2022-10-27,18829.838173583375,-99.35941958643622,14033.663143340476,-561404.2726625225,-147710.27694350452,-142070.1990672661,-17058.85716563679,-237554.21843121736,21799.886426352372,3293.92537408074,21507.098586666725,-22438.73201287116,-6628.553750505655,51061.6648600826,8367.69833770495,-19503.706284474723,-19677.52303418293,-10441.92401603754,-16382.712893808679,1968.452548536532,-2791.563833855588,810.6617010330001,-230.20513400858096,-2791.8362984107443,51543.016836283205,-4271.635938269017,11067.592974572244,74954.57218692394,-691.1174314245254,-1579.946343378267,-177.94763899899752,-363.5601577768845,1256.1088010652782,-68.97650509186451,1409.8379759861348,12909.050749027865,-34463.33133042483,-2880.997059108665,-3757.443268117036,-48310.83646292377,5817.9335042424345,36118.80270414449,-62326.676432625245,-7085.062883952543,2766.625596119145,-23363.019915906458,7784.687315321645,-3069.120839129065,-11580.523122583381,-322.82871286208956,-19974.048202614016,15429.313187813783,23853.983851420257,24547.399084475954,-27190.961272053268,8737.244197728196,10472.366263070227,321.00795071016086,5510.818328784097
2022-10-28,30647.14385162219,19.548334977206082,17102.734856003994,-451161.9301194615,-107553.55790567453,-151148.84204899945,-15714.688593303616,-110059.8270968606,25943.834432155032,4362.995076414574,27310.18975213245,-40684.98092527362,-126.10580669069111,78171.0492979172,7979.8882851356475,-24314.833239492567,-25863.469387935504,-533.308506006847,-17607.472356540224,-510.5069564883836,-2107.720275143968,-358.5485304388626,-236.51563691219053,3392.7131402868717,73086.47713993122,14479.674053460207,-39744.65721518481,321148.74046078464,3432.414562362552,-982.7684342246148,-177.94763899899752,-1032.6750864850387,1414.995527774757,-115.25694235658023,1424.4629108784377,-17033.921581878098,-32497.854051119022,3600.6412398368016,-4101.950756552543,-24740.818999033363,14239.634190505662,124837.65325421948,164885.496996961,-3002.486240194632,4084.1183962410682,-17676.903739169134,7691.6303172676,-1288.477232990754,-28623.82525779978,-11557.632755162576,23544.713124569196,46061.6881581803,10792.216266879532,-3557.2564453007326,-37736.384369385254,13929.874426260656,11958.311041186962,228.8763568185543,6021.447910084628
2022-10-29,35237.90543369555,-849.8520567765968,15009.054804831358,55599.317438232436,-265470.6810299554,-180313.290501013,-19998.582300504357,-206755.94666878582,13263.004591214474,2369.075484838973,1241.549981099266,-67949.46805786845,-5289.040697132936,38420.78498297321,237.60990546624544,-26862.701782985216,-24368.407839937037,-880.774405708512,-36609.49847831854,-3214.986774823535,-2706.5795019727057,2406.6094998734225,-1514.6709465351546,-5620.1550888313395,13799.00137577164,-713.4508331710149,-42052.5867170822,243711.01644429174,6050.342428772994,-2268.523966304866,-173.48440163945543,1029.4032531642238,1831.369868060726,-115.25694235658023,1433.2227658618465,-22246.54634003448,-20789.261029811198,928.7588226363057,-3991.5017904625606,-37102.115086038524,16637.679471694417,72938.64417772216,151880.40486656595,-7530.1331057931975,6619.41262261289,-14777.373444231642,4097.150454278992,-4968.1578799506315,5552.4418631310755,-55709.50599603238,12098.836106418861,-28429.769597744813,-6731.52342698321,-25090.346893377726,97489.27685026379,315.8142115882339,11413.564504085422,1375.205087285451,10700.690824138685
2022-10-30,30218.81505542618,-429.297910958613,24320.552861324068,-178017.9612781125,-260976.6492314704,-173285.50357224746,-6874.089974118434,-182751.5638472978,-44.720809817608824,-4900.780543668501,107.49723859839469,-70721.04631041756,-11486.212993948546,-38379.471235418736,-813.2465336463936,-34402.36535258496,-23154.921218973446,-22117.461581031675,-34692.77480197134,-497.7433681738561,-3342.889908512585,-619.2845364647819,-1823.5698539007813,-8994.415144471426,-10866.19661092555,-15836.837445438026,-19256.88149446171,277875.39478871215,6300.110743263753,-3229.6622691607995,-203.62098818194417,724.5719662014803,1865.9464107030262,-74.74088559815931,1365.7438719728434,-15406.094482528339,28135.735927649017,-478.961653145039,-4933.796790863408,-45012.90731168474,3050.2482207378807,48997.048174985306,243260.44245560182,-8494.722850884626,3471.5512015503236,-9990.0615436835,6558.975340162773,-2319.1324565629798,-22541.31178598238,-39395.201862934104,-48802.19202666616,-29348.26652549746,-12705.375012172517,87194.75643481498,85418.38055287303,2194.401344847098,12205.774653635008,1514.2204296251089,6280.59702377109
2022-10-31,58188.60408777433,3481.7180240229695,26606.94415435609,-260844.38833910858,-120910.64114654045,-83674.09418073746,-3480.3538237751536,-135955.01959675545,21858.949256095028,4334.588217634426,8350.972229947361,69153.05407755075,-5869.9233250537545,54581.86128178214,-887.3730020669052,-5837.541157108201,-16875.242023613464,-27728.14607835762,-20615.340803483035,-10796.9474115391,-3845.331587310473,-418.51787838629116,-3435.334085865001,4384.005292232474,-18488.65445365691,-6379.793512095077,47719.373657930635,416618.36395254114,16479.76487312442,-2975.328005733347,-203.62098818194417,-363.5601577768845,-52097.88698692447,-74.74088559815931,1365.2301390626872,-8307.123943954986,32745.762714872075,-449.6382347381975,-10369.318657595437,-35947.81613501085,-5104.340355750197,18305.271142517173,243069.50766523284,-4891.255593122026,2368.4642113814493,-9317.135153631214,10762.530761599326,974.5105492523576,-43909.78483442606,-13882.137005820246,-38593.2094872468,-13492.455852161813,-3388.08546884873,112261.81439452161,44324.08031962686,8839.613313422908,16631.232436980925,262.9330251231725,4206.749153336269
2022-11-01,-1000.9975619519673,1288.4364251431173,18462.61794305486,229110.64388650845,-149643.57710731158,-122061.31450637741,-21331.38789669308,-362123.833686327,-8618.364048769381,-10720.532256018083,107.54430073141566,60403.559607552736,-13751.47745362641,1372.6057855599888,-1824.5482778843123,-16964.317153421565,-22849.844535842694,-29635.121796247953,-32586.162185803587,-10279.29264213495,-6304.955102292013,-1523.007016318803,-1892.1634422818809,639.1373040841142,-91343.44221409711,-2377.9925538422576,13173.55697519063,-191191.8714043763,-684.2095722920749,-4906.624537633359,306.08351938806555,-491.0612132392374,1190.2230787686403,3013.769742692899,1351.702631677881,9460.859287171923,27639.163098089375,-2356.608210540702,-4385.872094814779,-39807.774197550316,-5964.29391917372,44222.303684781014,204164.3270203174,-7431.545056004857,2833.298916168721,-12576.424093978285,2721.785647295596,-6981.466533851439,-29933.044350192155,-20427.357350751634,-20507.155932852365,-9699.619275136603,-21087.288502157364,-41846.713501189646,20588.435126237997,4239.863176836304,15294.660030028626,112.14907560308399,198.20950376534614
2022-11-02,-1576.4424479679997,1024.029739428645,16122.068246846364,-336057.413840619,-170750.90507063916,-127425.27661664377,-15895.284026332076,-339699.42233224283,-58690.915639896106,-8231.358913692486,2499.1632116194596,41841.926969963155,-6019.679206911335,-10691.901737914592,-3468.512764672598,-19242.66768925801,-17628.53742942789,-31158.935333753834,-19327.236627519756,-1818.4531310080058,-4367.834451558914,-6353.0316908230125,-1968.078182754196,-8374.809905618784,-90417.79824418883,-8884.372868528495,5642.527120366773,-315675.5385995017,-3400.160132484162,-6716.780961339409,-1414.7416253846513,-416.77764653968353,1224.990660681447,-141.01791654298353,1332.3838659803214,23673.5822574536,1582.009792546719,-3589.782295074386,-10454.938517280578,-55085.090344457356,-10080.575771157148,-34190.95474857384,88380.34955358703,-11555.826344702004,-495.0015938792164,7216.083536765149,3544.1714211800536,-4081.3955709114257,-34083.24451667338,-34460.31686160344,-21710.33429600386,-9076.124192798423,-6848.450026225852,-70083.51878648184,-43542.67148736907,20.62665583221147,12576.401730988935,253.0863884051751,401.19615456926795
2022-11-03,47499.42533513158,-2721.8666414545623,17448.16781583357,-848602.9490336138,-109873.64600038787,-65544.8978066321,-14842.648157415682,-248340.69883592342,-33814.04252052233,-3617.0316666847534,2075.5909410763234,-95469.5222621361,1219.785293613184,-5424.488005294613,-1357.484263875009,-30052.207436421435,-11617.65530242827,-41107.24727597179,-19597.697061478448,-2580.2840743312236,-8400.636608506411,-3577.9347655607826,2173.9954933307695,-4966.024304334553,-42899.72852353913,-1648.582610129879,4662.293694468313,-257962.3613208242,4556.61553033907,-1777.2900188016254,292.3001103495791,-683.7243786187039,1272.9033193728533,-149.3602445831136,1348.5137313336504,12762.738723871138,-24689.650346559938,-2348.661088992965,-6722.540965913014,-41099.79842228688,-8049.798204301709,-42217.277983567605,54636.358499054346,-11112.040566182473,656.4530862257739,-85361.10968578806,5854.4159687408155,-4908.69334321858,-28279.739750620058,-20909.7004226615,-10168.579652443092,-17808.78737841357,31664.04491068118,-5888.032415308071,45072.94095312631,8377.740108868928,9726.908580751457,-21.549505543540022,-10.393732949611747
2022-11-04,16438.202165635455,-716.3187576955789,14644.194705558384,-816220.6964427917,7991.074928212578,-60628.68174584186,-20979.79458902616,-319694.65934455825,9447.648473595647,2727.376558284731,2122.708799140119,-102941.50800572589,-2100.050804291997,95.76475771468472,-1724.446361349613,-13012.75312719938,4107.597232333445,-36556.71204802288,-15525.893291942983,1162.1552781153512,-4906.489163604056,-3456.01355239718,1625.0601021760212,-3020.855874439588,-56750.69563994707,-1545.3337601474082,-33343.53441257974,-243862.34508408874,5145.140737355089,1847.6471884873524,262.00399453502155,-1047.5296689753732,1511.8148553737685,-89.0224361984472,1304.2967686210736,-16431.38679105573,-22137.8147287671,-4549.266586037731,-2412.6056120156513,-43771.40326345041,-3879.5189451145816,-108011.80433235786,-68961.64959426544,-8762.567167570342,-2886.577018205289,-66081.59883182566,6783.405207616963,-2925.4860617573486,-26504.067529651013,-4172.450504918341,-4451.019392742779,-3225.3553282104062,-24578.311766288498,23833.567247824183,48306.686784753634,7419.580682661585,10491.66196577914,-209.40514302293445,2088.54221304645
2022-11-05,17596.443339670703,-266.6468861068192,12761.79006999333,-810894.3725531176,-2703.627639657594,-87531.36467456217,-1072.6060478760533,-318619.9700143905,17408.720702057813,4904.6835024406555,2786.7062366601876,-101619.18754862055,-285.2859897292574,4633.759458857153,645.9549792998863,-17340.282358213663,2787.036635108742,-10900.351000766697,-12756.319832576348,8463.27930351024,-5577.111151788136,-981.8095192952569,6654.408123547886,-174.9293846617095,59826.23393805398,3352.3634006829298,-32375.878075736684,-141508.0304380767,3719.475606956248,-1965.6912789490125,262.00399453502155,680.2947321996164,1465.6606190588209,-135.25353603668873,1332.7270489765283,-19562.833286204353,-15297.965784322258,-3486.6310915863987,-3260.7905215744136,-45797.33668003034,266.79860057188625,-91620.87879542503,-47990.285153264165,-9318.386362228706,-1086.501421893554,-52295.507734504296,8571.200543421479,-1798.5259291143411,-12224.155604882271,-20813.98931613125,-4361.877333002021,15846.391223672821,19192.981705674913,11983.694908533475,60207.855415894344,7400.569123345536,9522.532819403368,3140.6187960001694,33754.71286771402
2022-11-06,37498.48919202988,-5280.726732934184,15027.401100684225,-647943.1324104154,-36597.76167259074,-92687.00401845717,-2099.8319141280926,-360044.60333658534,11823.124086707714,4743.784529295971,5409.449968487163,-110048.79747966828,734.470404322703,223.74712983203835,2122.865215148765,-22443.007173768587,-13538.537182390097,-8530.37798503079,-17431.055131952475,14133.358958382061,-1297.20360871176,3239.3751942558156,5073.270974517383,-100.2906075988958,12770.570201968843,-4089.1692127086353,-1723.0117853370552,-97567.22977142652,5300.561039271362,-1815.283657671694,350.87864778098174,736.6370898351145,1329.6118266641874,-68.97650509186451,1310.4235012836702,-16634.67312151776,20545.586815353665,-3070.8016873664574,-3890.7568758059706,-45625.21293020407,-2907.472257317073,-86977.81418699684,-43854.36622352623,-8144.056631760217,-686.4090030936514,-52747.18011636789,-2574.6438497091385,-1195.6732195765012,-7296.867660333829,-18667.771597012703,-3958.7240451020343,14834.280405385874,9317.064967358296,76731.89039316759,-29338.588949433397,6292.407578050911,11630.838618405782,2738.60557353695,27957.057391804847
2022-11-07,68007.90415559238,-643.9910481455713,18163.813388586896,-657514.3334424713,58427.92993014204,-66352.72557296051,-9986.928498700503,-372752.01700722176,14210.572198658678,-2137.1987382457387,6316.386081102244,-119644.13242150033,-429.66477369936183,-6000.342358986818,-127.63845535139313,-22825.465299751177,-19214.70810082715,-23745.885406029112,-17516.31137565723,10523.771195746618,-4989.238056826885,634.6595424320749,-2855.7653633207588,-8150.395628992452,31977.5519206081,-1206.1112196205916,26119.272796756253,-85432.87692181268,1511.9775887440373,-2694.6393808024095,11.607816819885596,-370.18811863941124,1541.2684192925499,-126.91120799655864,1307.8163759094155,-9625.109887317929,26123.557457708757,-3650.9201606049683,-4534.36361879492,-45969.70288025983,-9711.117093333754,-139245.20216780878,-46064.62284358548,-9559.627691975833,-3298.916101376263,-64935.47548343935,-4495.5708018855075,-3613.110781861079,-9814.199970261529,-31194.14100702077,2641.5679152249304,-26832.656370333236,-40145.0484813187,10186.762063924009,-29544.12268882081,8231.729585145407,10691.792950979168,585.5660779529751,2468.830100812665
2022-11-08,34222.00641013707,-880.3073458959842,14169.79275815429,-774321.0748395245,-52335.76235497638,-38747.80771789763,-6498.01677166948,-361947.78158686997,10893.110243264537,5229.849178489831,32041.062903336227,-101116.38253942967,711.0334342970067,2197.1797460280663,-23.839227817614642,-25090.426749380786,-2741.163018782546,-26646.206752143877,-14918.159249135853,6432.498104150023,-7456.631882344126,-84.76280484746621,-370.14973114001225,-3144.6398439841055,17469.368471806356,-1838.4053187483426,9071.78627049408,-50793.29252934702,5393.659885012479,-2561.8693712677396,352.53710526405496,-370.90527028125695,1266.4182729861345,-68.97650509186451,1323.5162182837812,13509.637625208241,28423.910413316724,-3518.2872662527925,-3301.139582830275,-49193.1832507288,-9516.309260293852,-88776.35524020782,-30092.94355366643,-7965.447269183758,-2816.112333392599,-54388.11221673117,2170.454936571203,-5174.428684630503,-11947.094977724952,-10943.169521646783,-34365.99406616375,14949.190072760965,-22602.364163184182,-24875.04276870359,67410.60747789356,8750.099683720178,12330.480813830174,632.6495462038937,1053.0677203104237
2022-11-09,-1152.1968676993029,2815.8750564052693,16569.079275100135,-696797.55172984,-219052.1547416426,-105692.1311270123,-19229.357550124863,-338519.4472852171,12854.620493239285,6648.434826026876,19322.38188920493,-114010.4944139835,-3732.9202068787336,-8832.389264353673,228.03850876053104,-28879.50419227941,-19016.779647975476,-25210.22350113574,-18963.51834206023,8880.796973382017,-5259.819203685472,-616.2197982964892,-2857.1317391725406,-7255.505324264844,47618.06135238672,471.8214441045093,4150.6361770004905,-32069.56870226132,64.26078625323248,-5578.298120874786,304.95648071017234,-391.9266298736759,1357.4073136534066,-135.25353603668873,1328.2558428098364,3975.6458469012987,-1036.2033109948493,-3414.740982244793,-5822.212914786688,-55334.22375960847,-28296.59612450877,-103525.76428518581,-31375.66140784456,-14263.724353471735,-7551.242370273945,-52548.61774998068,-3789.3161302917533,-696.4188898560519,-2485.165253933482,-20373.445054496096,-7551.386775550206,8685.235270933921,-38714.937608309745,-3458.0970696764803,-10878.368189316774,4669.723702422078,9573.74831954565,553.8719294501816,728.3370448377789
2022-11-10,57861.008120280996,3773.348314524849,17464.0267814887,-843937.575747591,-165714.80175296013,-72978.36815098228,-17325.21525142122,-342471.0548205842,18435.775426619144,9595.747446321195,18787.617913611728,-114816.03522906812,-2814.3633127976445,5177.055933679028,2183.681092862676,-21232.142838625135,-1977.8895581266324,24088.290128621946,-15634.557604468995,14257.13561272391,-5953.508022020852,-2141.2547400006274,753.1676347972219,12505.18574048289,68291.82931119928,4322.640784595698,3251.823105562671,-9617.94055378931,3256.210598420826,-1776.027988283724,366.48313679723606,-391.9266298736759,1256.0256406411213,-135.25353603668873,1406.2655381381821,14036.10860945325,-26596.43162669079,-3253.560372170811,-3714.4575989635273,-44170.65899557058,-18751.775635305716,-92423.94559457872,-35928.97221696839,-9209.404977559854,-4610.299589895234,-31316.205157789802,13186.249896765283,5943.98367045142,330.48988271010876,-7946.003214860708,-16952.17236086079,17602.673754244748,-510.8252235009986,-21389.372730456467,74692.62524106866,10746.405742210125,10566.7828234607,627.8969052174161,592.9592162305916
2022-11-11,-200.75196202351526,5130.315089482443,16896.595147046683,-680438.7961885764,-223785.27957274194,37798.52803533228,-14596.985870511478,-363664.7596694141,8588.37578075402,10095.800868963288,21083.084926779957,-133791.05992058627,-6407.5367503319485,-2171.0653334778053,714.3160229174757,-26179.420236486203,-18027.313323369406,19135.252875638016,-18130.06391306334,7469.80092013115,-4312.5767106959065,-1508.5923031889522,-101.15902299357742,11179.757731959218,60861.13688069096,317.801705390327,-26494.169599127963,6311.48662850044,3722.5841950615777,-2011.6747382801987,370.9463741567781,-1427.6500418967487,1491.090930131938,-68.97650509186451,1409.8137146233805,-8223.108137532861,-25816.56014431036,-3793.3860794777356,-3321.2531933923738,-42540.91677944553,-10315.441106034867,-76045.240855393,-23131.662189069477,-11497.41179164746,-5148.628044618377,-46302.97900504687,2854.819227438531,1938.2299180218693,-14067.049524339322,-17783.983770031402,-17317.617557401907,1186.0855784210262,26174.830850848346,-18562.519386155283,-30776.345577106422,7249.7925417686765,9554.86091701634,512.725382150682,1706.8663771463737
2022-11-12,23380.77620051767,-2796.649183808904,13057.940416971216,-838027.4556170392,-176622.3792866591,-1997.497022115389,-10142.548269361612,-331664.92468149075,4787.687582734354,4040.7537648900043,22999.692052285747,-117534.2397260813,-5780.346484730636,2370.9842598781793,112.4607376578108,-26551.496371964648,-1725.9187925875185,6252.278377994179,-13367.158216820077,5864.271798111713,-7659.5710232783695,-1950.0216946887404,7221.210773020635,6898.497771126889,7849.138510310031,-3210.419966410972,-29428.057530305134,6202.262935531272,1425.3617427470322,-2241.6670665513393,403.64480183813765,743.5943661764795,1255.052131922851,-135.25353603668873,1418.2299019141212,-20522.39710233313,-22159.348698411435,-3672.474015142571,-4081.2014715176992,-44067.06062856225,-15846.231521080523,-21995.989994942334,-25298.59993847683,-10376.531223146994,-4860.258306488244,-46413.808780612635,4020.0096621634493,1380.4521048536199,-18947.23053885844,-29136.23673760158,-28661.94503277544,-6292.04704735128,5318.009833965805,-5431.574423826357,57687.38544812312,5065.637180496275,7318.159393006899,2320.385187273325,28680.876926712535
2022-11-13,49096.08141613673,4744.625833435935,21874.502334185738,-837246.8632077805,-143184.99424621306,-30108.818650234578,-10853.18715070869,-329464.9205100541,10883.24915451726,7217.19110536246,25010.63634827025,-116008.27866914809,-9436.451464112313,2918.7347816340493,836.1051324641058,-23343.870790805275,4373.537576663073,23158.44184952532,-13210.900261411605,10733.78705752777,-7412.182411412296,-2755.2404559722254,6996.345817815976,9795.67508323824,84939.2175589334,-3657.8249226957328,4889.630774130793,11440.410112554891,4331.779423019443,-2070.433826027563,366.48313679723606,730.940582882125,1304.8115018424955,-68.97650509186451,1406.7301297411957,-7682.59710483464,27334.527466480733,-4116.145738648427,-2876.0054075328117,-42965.43504649331,-5294.521526871278,-11681.924774791787,-17618.610374834498,-8457.734327837908,178.64261397568407,-33779.155861881794,15147.059405006334,4756.554807304752,-19974.55136032078,3544.203091768761,149.1817332284245,21568.430366841076,-10020.470982673838,43048.173203877814,78965.52493576444,11087.371660456069,12167.756193926314,6706.363299245925,27988.694160183066
2022-11-14,5315.488296080478,-347.11013422684914,14126.838357049517,-378304.4144104079,-321225.12630659086,46681.616310069236,-11639.219947869482,-390224.3981758482,7090.989166022942,5065.051274533292,20874.627399334524,-133330.20001123447,-13326.59225436155,-1179.9560590378355,-635.9693172818301,-30765.41712354197,-3447.089078565796,10664.015741231702,-18077.548006187644,4612.017878277324,-4323.12762854454,9.593581958447624,-1725.9586757620034,10871.50159215839,14168.074668082547,-7251.5522274053,23406.688211415956,15830.523853599441,-2196.8983490793175,-2430.712465832943,370.53387633344374,-428.65102467235914,1491.090930131938,-135.25353603668873,1346.2057801730675,-4765.348580634154,23138.918242134278,-4523.67035961219,-4657.564042632348,-53650.804433705795,-19803.642272994035,20354.05459450643,-32276.485314342506,-11311.722586175976,-6796.56285939051,-93781.23116385884,-2971.795357871292,277.0589424194011,-17589.292894311715,-26018.985396071603,-32418.41255062437,2023.7600271868587,541.7761814330042,-14817.637976121548,-63640.27016895475,5018.302232310296,10455.883016911826,995.8728843142151,765.7884997613894
2022-11-15,17421.472058748495,-2743.303549699252,14103.916397413579,-811484.4716640317,-166823.5170223537,-41917.14471604344,-11407.741079226413,-352869.737767856,10436.317271387665,3911.4789860716846,19200.687636193485,-116399.75513964178,-10836.832907435264,-19092.855849069296,6696.988374946716,-28565.354288489598,-2061.3665795721026,1251.7262362002384,-14927.701676558918,7176.978208627897,-3847.7018527958735,238.976356349684,-4862.559574500674,9187.40426919987,17129.11355179626,-6741.01240367773,-84.02463371780732,9053.698421434825,1486.6300419989725,-3192.0104385548098,181.0101979173893,-367.9779873620076,1272.992112020473,-135.25353603668873,1394.964238045324,11922.927238453574,21918.49056504261,-3545.216977867918,-3949.8109508111816,-50795.31893804053,-28615.743155957967,21405.019427505205,-57661.14644749687,-9567.192386820794,-8781.428541311348,-66594.73941281649,-1725.634692742518,6289.39210918804,-22410.894504731426,-25506.81960226775,29458.847119476297,15707.313761771356,17390.5611542229,-27127.25152342385,-12618.203645142654,3693.198996985463,8814.515671493476,859.069382944092,2470.9179937163435
2022-11-16,21470.005153670485,-2659.7911452876,11908.800970082495,-849582.0549309426,-256047.30956411723,-119336.43330670154,-8130.2287809559875,-352824.82142262475,5375.624237701253,9298.895501883959,15083.326322136805,-119228.19989944532,-17278.427675977397,19195.906193192524,192.7696075275096,-24926.17929210624,-2379.108064433408,5273.648131221757,-17363.777979761104,7372.829129505878,-7979.627451876326,-1142.925773950486,-2658.621052944419,10447.216481002117,19152.620681479795,-7513.1990731232945,4396.2210777609935,8773.201666913861,-620.9360302780606,-5943.887570380133,119.48354183032554,-367.9779873620076,1316.9593361415668,-135.25353603668873,1417.9484285488732,6514.315387003575,256.210824066402,-3070.374623294537,-5822.440728070868,-54985.26111386089,-34395.1864410901,35337.840705280265,-23458.843475036912,-14038.746834292317,-12672.583544977582,-47471.460341270205,-2866.390633845584,6589.792402835128,-24063.440617217595,-23270.017545600254,1461.4387827776318,14170.966090913487,14028.528501839512,8132.9638636703985,34400.20084613392,3601.25463255638,7391.7355889673545,801.7859300936302,1121.1339255496712
2022-11-17,6931.102254184205,247.51491297078792,16138.525576161503,-851095.5413309678,-190184.82119213365,-139514.5866319557,4993.386850775766,-337811.4586926092,8423.183200908943,10328.212990031778,17183.30666243344,-115364.43802921852,-16207.524598087291,15412.349180390096,281.421398031046,-23667.55322696599,-1359.1955808081034,3574.150174995647,-15352.368409189296,12244.464533450782,-8858.547641784655,-3681.0689963602526,2147.3037939206156,13392.997372419437,22060.41118330115,-2200.1191370183114,5147.148558740198,13995.227900563706,-813.3203693480923,-1889.0459780658744,218.99685860495967,-359.96309287653395,1283.9966286220356,-135.25353603668873,1408.1130386128912,10865.831203277972,-26837.65190443944,-2655.979503540525,-4037.920199759062,-46775.56040172055,-29956.151701218565,59389.28847951525,-40070.42031525588,-10578.737075824909,-10201.709953081237,-38310.396664708154,-4325.102788483982,3053.588968980749,-29377.489560740425,-5436.131177777883,-4623.289201656247,-6364.687782699627,15542.430600624059,-1455.364462879488,49336.30196292179,11718.556493566237,11205.51760024613,835.5452831252495,16.209214293978903
2022-11-18,14482.131133186833,22.737912276151178,16843.152824447676,-824223.9738168223,-232316.52783852263,-127848.7390795777,-275.82891175098257,-344533.4266051743,7235.715527866918,9370.061482182478,18684.585760945436,-116734.09249795663,-14941.61548793013,59417.102717701804,1599.8601526194689,-21179.910868230792,-129.78564301716426,6185.782495566813,-13008.187276687504,10367.93575332233,-4497.531480561618,-3928.719063456696,-446.1551075790871,11988.139433052522,24600.055522257757,-7584.827507140693,-22719.425732063486,13310.689268938673,3961.6749720158487,-2054.676512913832,181.42269574072367,-1080.0014720546587,1379.027024129848,-68.97650509186451,1341.8765665890014,-8387.559202262937,-25282.216447757797,-3231.7002723293162,-2744.8210976515225,-48394.09990072358,-16172.14369055541,83134.47973268361,-30722.770903931523,-9758.58457580176,-6525.592775142615,-37542.37131687193,-4855.101401309372,-3090.651647908562,-27735.779967850765,2026.1706288373425,477.17929079052465,24594.645764125773,21745.725075218394,71234.3383139521,578.6213090696542,8505.299025922379,11968.541769257577,786.8370474961032,1171.040453400797
2022-11-19,-5816.423191505388,-273.21110746003177,16346.966354455097,-689761.5656650257,-245417.00940467528,-129517.86883094467,504.4984198028815,-367970.44936778524,10585.872829980392,9689.967878416197,18835.902225875612,-116841.6894572697,-17000.67317024081,41788.30708194198,45.08687229768748,-22796.05322853883,-13727.140746412475,3956.433420276095,-15660.130670592222,6790.0040572302205,-3242.2513752456034,-761.7048828645412,3749.465214570846,10608.39950296404,20193.6936874398,-5346.7029884137055,-24330.56775511966,16419.636278789556,-218.65816477135013,-2006.1260894761072,259.0668392214106,729.4473968823247,1304.0694274609882,-135.25353603668873,1401.4055668107715,-13211.601042932256,-18570.850418410293,-2131.605750525936,-2639.7427919187717,-48066.88336519884,-15124.97396884093,31264.016995591184,-33355.9944041236,-9405.985204464152,-4847.238616891151,-50312.18207050141,-5542.51006910275,-11032.675020816718,-25412.619322298964,-16823.774931718785,-12193.41479654256,3220.9538942969625,-18097.43145327711,-10410.487263532088,-17618.56473107409,7148.589328868025,10181.505683614592,1978.551579573028,21259.017898623788
2022-11-20,11097.059069110845,68.09167385735606,11627.450245386903,-845084.9908162309,-71195.9493893174,-117341.70824256839,922.3535578974977,-331823.5368216104,11820.355365031919,6750.374193572197,22906.375376530137,-110872.9669869535,-14161.196784195037,74242.24798667638,-677.137958659338,-21918.004118001732,3680.423889556465,1347.7538302059202,-11167.788871094821,9464.83646147257,-7489.522350940863,-3428.560376380414,5468.987463928065,11405.516852839282,43771.07391907621,-3370.8678218535015,4258.331708370024,18596.743845709643,-3270.977473623262,-2415.34134216494,167.4766642075426,655.6862722080748,1202.3513374796598,-135.25353603668873,1409.879743137396,-11443.376723915357,22486.268490227234,-2409.2299359376634,-2098.7575773620615,-44639.30073000063,-18382.630567090186,29666.92306969843,-39665.359117690015,-10056.428928786643,-6642.843298342288,-47425.37094680242,-5198.909600299467,-10886.27944171922,-31442.725960795527,-21390.273251531384,-25278.846351286913,20811.06632205317,5967.879537441948,-1731.9217846498218,-6386.328837859035,11557.921953824096,9365.111960510138,2342.012992281876,23645.248629701855
2022-11-21,-29043.239747361848,-47.18956711342037,13553.159484055992,-702508.2543278006,-232550.8342586836,-133494.91119726063,694.345753752169,-376583.01361513836,9065.808362457485,-1087.761394170639,23142.3116809954,-119016.46856368237,-14449.024300203075,16737.441721876785,579.8709206327228,-20002.94245326586,-10656.345176658911,1458.2891386440383,-15022.395958923738,11849.465125460993,-3493.9042726425564,4163.22969757458,-1857.9508652249892,10983.620130420652,13076.714569980242,-5474.692928881383,26128.767015960668,14056.504872215484,-567.5109941480605,-1998.9044668592965,143.51408036373374,-399.99648864374586,1338.0056436987898,-68.97650509186451,1380.6708197975522,-7027.635888427338,26491.91368477916,-2550.2720398393767,-2840.0302009955153,-50556.32400572337,-20527.157012282936,20237.223488880645,-40523.98768730118,-9767.985982022496,-7663.296365902384,-56853.375357296354,-5764.003765912552,-13079.100855582603,-31918.431307384886,-9669.357262736545,3124.0224557004967,6119.300418046536,-19579.67398894394,-39108.6021309377,-20656.13660420936,6786.757162207711,9516.513133283255,740.6621383045905,2673.907866332966
2022-11-22,-57915.13349417964,199.49649142035878,12511.658706389982,-874735.2846645617,-226057.15648018505,-131172.03462554817,-6707.254292749116,-361180.6820538153,8556.243384727313,228.04228152118685,18580.15556273519,-118365.18908131994,-21145.189491766996,8290.194459412973,402.3079202573997,-20375.661592961835,-10006.592682785267,2795.084467187782,-15624.496123019533,8848.695345308535,-6462.995896393317,1440.0941485519593,-4429.0829731708245,9001.41587296873,11067.182526097718,-9251.696631131616,-2497.931404060176,15723.718184435647,-1960.1972522997808,-4057.6351787803765,159.41337335480355,-403.37707336054274,1189.5027095879839,-68.97650509186451,1377.0680902709842,7288.956718918204,19975.63645560084,-3669.869907148572,-2955.1580329312815,-52487.282390175766,-28512.606006667527,6108.13495482852,-41710.432278752305,-10491.740196800502,-13197.769542547143,-56764.65802767336,-15352.202894854767,-30799.10182628104,-32791.925080689216,-217.2273951642046,-29590.419908879296,17979.020604538397,4652.689454471007,1259.9412285875683,13108.829220312584,8122.529497616335,9508.381926040123,906.5823138082083,1086.645366958665
2022-11-23,-53581.37302717904,283.0893558358255,15112.78905166111,-892590.8945331299,-227809.76506921535,-132729.36693621983,-3422.26913115795,-368879.09833734215,22666.08493006832,4170.036317333418,17664.215498247275,-116442.17617331624,-19614.96114985239,14753.64297002557,-266.89547148503084,-20770.544142013074,-12707.969309003418,5197.847564513375,-16075.124375734855,9763.38217257847,-2486.2043651591703,-1656.000177599222,-2247.3288229122463,9666.836492776147,-3956.7901388306036,129.10041586328907,2947.2197075067133,18095.311604784496,-5162.950256013952,-5920.590015047304,-226.8189715932772,-367.9779873620076,1177.7588964009544,-126.91120799655864,1386.831157596704,9159.14051164118,-393.16949986032796,-2560.4078916020526,-3842.015668293563,-53683.271130434754,-33783.009817755126,12642.168138169742,-51209.5087483903,-13778.646598268992,-13710.914071394242,-45116.766210233545,-13976.497709240095,-29260.708434603046,-31903.249502857114,-5483.762293567892,-35083.93404129695,5264.7146275352325,-18202.318932944585,-3485.2817836310005,20916.09490561987,9085.166490205389,8822.33660732539,763.316694854018,1420.594673174008
2022-11-24,-10692.39953560429,4034.283888298104,16204.423802766427,-879024.4543052064,-211352.54704958491,-112932.06236083471,10015.549198624849,-356858.4017168598,25133.2392543297,4738.7247958987155,20712.66357108602,-118461.45187969631,-15467.67956374087,49284.306743902394,2506.9948560240305,-18440.614794975256,-11749.215514603551,10289.327324769845,-15473.154477818152,14767.855514944109,-3338.3799499927236,-1719.2272066115893,2758.1818408691033,14924.650656859872,43290.88029274229,-3405.2636381016478,3125.1605866327213,29419.63701898212,-1411.041713656314,-3149.057681833579,159.825871178138,-399.99648864374586,1285.2691321808336,-135.25353603668873,1395.1796890035162,11569.69539544956,-28784.948508756628,-2453.5081674385374,-2935.932211108841,-45522.9353622405,-25735.446812918944,28815.23412126866,-56686.29907816998,-10114.215372704175,-10505.257952811804,-34814.053052394534,-14369.987885111335,-29373.354913478146,-31500.06452051403,4982.782784036841,8199.932998786759,18717.699888082334,-18997.987223780307,-1298.4620835328972,49149.508767864856,11815.933654638235,10220.157224993385,723.811143367592,1560.8761094258691
2022-11-25,-10757.517363325813,-278.6477409377692,18179.726399705454,-735626.834251435,-178852.4738190139,-135532.10372693953,-366.8490336082127,-357211.7099761275,23520.505081318795,4451.464456765094,18423.068715538513,-120886.77529902048,-13311.440341769048,41793.267458378745,2324.888614371807,-21949.83016936929,-10903.041017335232,2628.8830749532144,-13504.646198183304,12555.487739635435,-1593.657154561918,-113.58008907963813,680.2170484768219,13393.14356843504,10430.356067776629,-7545.546626516448,-27688.478623700554,27771.892347587484,1527.222418196944,-2247.5878572552238,182.6236338954142,-1395.083100782524,1289.1342255243171,-68.97650509186451,1396.0508829952514,-11640.35092291913,-27699.942978460807,-3328.398146476388,-2526.8075370204488,-49233.10009498681,-14777.758091314441,30184.100612595204,-59416.874392412676,-10895.656094298218,-7778.406001857829,-48066.461242781035,-6095.361859116205,-34158.05214372178,-27646.396727084953,-3333.328507539142,-10531.46815189274,17024.743277727735,22141.266419392225,18406.337450326515,-28999.752912892327,5531.009119384852,10051.15612560085,786.2610842497612,3610.5074385869416
2022-11-26,5317.214472889404,4965.741708255387,13239.13327631308,-818058.1857530365,-209342.10850680628,-136814.92058574548,6029.669582939362,-328335.84870754613,25240.26298652891,5876.031240434845,19305.12033498477,-115354.92782516059,-17089.564230558,59725.99302412414,410.07100189580524,-15171.706030023353,-3671.3115295304515,8244.960524400562,-12179.919547850612,14709.389024880595,-749.5531847385721,484.9345746534166,3716.0557831724573,11020.556891365966,49654.00283558764,-4265.928561209109,-26557.869191720565,32872.23430402426,347.9939892752293,-2375.127179088022,159.41337335480355,671.9990825955233,1191.6550586628864,-135.25353603668873,1397.2949458457028,-16231.931183411156,-22630.245983734276,-2394.3275889679126,-2335.0979481864015,-42695.09331792579,-12194.337904315496,35170.386932955094,-66901.92253779093,-6482.264648047403,-4189.081492542835,-27964.428544909388,-7749.286914008934,-28286.017185211524,-30212.782368403015,-20346.63057984909,-249.8068940358762,24379.90944851472,40661.422729524624,5610.882208928484,-10058.124350653025,10561.439298390538,11084.718347819773,2350.035710161329,25011.77616307087
2022-11-27,11229.926120911776,-868.4947451365426,13835.535280945802,-698380.9710500138,-185088.38917304354,-24537.15775224106,8058.154863661758,-319420.29708788404,36009.25030364583,7892.177124786205,22814.493953561956,-110399.83434503406,-12922.470057861783,68959.8494656562,6512.182336286123,-18972.1447869319,-22209.91812543565,16775.196109486285,-12766.133277884875,8358.620132935393,-4319.478598981288,-597.3012919600471,3746.238291776918,9106.257397481868,39898.00568265184,-1622.9530382705184,17707.275026268268,86581.67334382993,1846.457280479104,-252.68802933228517,94.88487902021312,719.5513134304842,1275.075572763078,-115.25694235658023,1416.390491471942,-7849.333216259212,33340.75181575762,926.3145648099369,-3677.8797625512902,-33568.60864981984,-5581.470171545721,127157.30912052873,117602.67179919987,-3800.7589132767343,-2746.2652713137445,-55928.615924786376,-7087.195668315586,-25000.531793378388,-31882.841171623222,-22250.031481485898,13307.362453704236,7908.1383181532965,1398.5483743650848,38006.48913697891,-13510.234739873522,11146.950233749449,17320.73669821238,2381.5642834143027,35612.96799433671
2022-11-28,-15061.908352984708,-264.70403441460525,19710.06951699101,-384951.9536895136,-352842.83668867673,-177146.4166498859,3172.2260446114833,-381257.0908628701,14284.521498988704,7845.5331970342095,10203.427004696281,-135819.2185499075,-10869.850019242003,17661.1300828703,-5612.558962746898,-23514.579576002347,-14372.724279152339,11514.285715912854,-19807.46854044528,10735.663253226827,-3847.7285073374387,3078.631020340391,346.45362287438957,13742.526209625894,30710.79871207268,-10403.336192884275,18224.509444901065,219265.21215440787,-2169.1675552797806,-2151.6307101618513,163.8766107143457,-718.458702088408,1220.5363664239553,-48.97991141175601,1387.7570455585549,-4433.134781534704,26839.783751078998,-2121.600354365457,-4740.2150543727275,-35604.06479777075,-11626.195981237157,75300.2226454071,124735.09027749604,-7777.431834968347,-5464.228686394173,-81005.960404433,-10812.514543520294,-16253.64183491148,-41377.74989953822,-26822.424614087708,-21368.074780566865,-25492.992015462547,-26173.4409407157,-9055.989467013476,-26185.98917558136,4270.995035245037,15133.009268588115,777.1956827626582,5874.701848775268
2022-11-29,-12611.72497371271,1058.134316025768,23070.088341686922,-678243.0109029086,-256783.89335344103,-165238.0530679473,24208.445144698082,-317012.8740864914,11018.004794026203,1230.1486426576619,13744.087692028883,-151041.27107158,-16511.034680694545,14101.468841279233,-3632.9857201218765,-36878.300468963105,-29624.340895574176,-12757.705591692596,-22240.507474510603,8199.129579584984,-3780.8351392054765,-2437.63816305385,2633.0386153442287,11349.282196958098,7528.723444051782,-13098.60570600891,15100.471451880005,248718.72225529765,3459.1619653479843,-3009.519329380378,197.40003404237396,-399.4646682749314,1385.0577863662934,-40.63758337162592,1416.6226233431871,12635.851427288511,28112.455491921843,-2845.3974479618782,-2618.11808641641,-34211.288148305845,-15383.775294755666,41271.80300069087,218031.00075225465,-7556.155523902422,-3771.388696074832,15861.211084843175,-11049.883430709375,-22026.897550941925,-27383.817692057906,-15446.097967495261,55324.616631898134,9177.579718833553,-10624.533895663284,-6442.73021824237,-40628.08577388384,11327.335010797338,16080.053735209112,916.8620765606746,4454.414309186625
2022-11-30,-31490.469577000324,899.5397864031179,14901.974329945937,-631334.081388314,-382510.57883646444,-199186.54736505903,-22666.161862888403,-389958.3505746104,9266.270781574663,-1579.4813139088428,6685.609666953071,-150630.8106364471,-19699.52532746952,-32891.20829078686,-5496.464225813644,-37158.328788998944,-32142.787529813202,-6340.330487180058,-21043.134280227066,5300.481601943526,-4975.31994527375,21.573321103840954,862.5718199304663,10523.335723822924,19911.37505096019,-11350.464277671417,1479.8921727829122,268913.49534585036,5849.9005621333445,-5516.420086283106,33.770720756483826,-396.0840835581345,-47628.36512334994,-115.25694235658023,1475.3191732389603,11533.935890573943,-2065.873089636416,-3285.2210949898413,-7301.113016444772,-49971.24254000113,-26070.299957401177,-4640.706805079859,181205.00458960538,-8455.736523448855,-7860.442737180466,-11962.740499185566,-11803.283114366759,11198.151904267208,-14374.953514486613,-31702.369276023237,-25732.92738083357,-64361.299771445396,7593.900317947935,-4600.250774540893,-25709.189324226958,3416.4390043480407,7102.775856463924,860.4872538387511,4685.5875168111725
2022-12-01,-37556.600920611585,2926.7598692567594,20241.480530358807,-899851.8373137326,-151534.998837778,-104606.89454165957,27053.54801486776,-332202.94068299595,14345.291225536832,-5599.073762695423,14238.61704585094,-121766.82898878372,-13570.837307106545,-45311.5990894006,-1342.3418387007262,-48682.098283186555,-13834.231910376198,-20571.084199414716,-27249.27968493231,14570.425735555236,-4221.087277154323,-1135.838757336157,-2602.353934271596,10010.410567898793,-21081.341470261665,-9780.041907632609,4338.309867630932,-181546.45400041566,1526.7547767299047,-3827.156398820621,197.40003404237396,-403.37707336054274,986.2185889050272,1842.5344568503915,1303.787081162473,8800.608441648088,-23055.604944944396,-3430.8152259773624,-2537.4902608710863,-41019.3354037682,-24637.8495053647,27513.836735482593,190142.94047764048,-8569.345640378291,-6176.271768579047,-16322.864942382472,-11327.004791096215,2498.8918448776276,-9564.900271136034,3502.725921546555,40667.15387660719,17411.68670160978,63050.289576776755,66664.57657219135,-43843.101539638505,7788.467270297441,10755.399939127154,959.8921010659542,993.540461526259
2022-12-02,-35454.4034563045,497.57050303668575,21075.46335667116,-787621.6758546855,-199375.0011971853,-89449.81619075226,-22565.747118830055,-376500.43686895777,21436.63979504299,-2085.177135819364,10752.893608269922,-109686.43794022326,-13326.65475626433,-37967.166713602106,-75.30621741763218,-29781.47932006943,-21783.374197810735,-24421.10458126807,-27463.85061175579,13368.792213173128,-2963.0804087376896,-1853.245870165063,379.6114513970249,11119.62005696474,-35729.827379617665,-5765.784048060565,-23884.86218402486,-228079.8207787742,2450.373422905018,-2031.8638260187367,159.825871178138,-1398.9955058681353,1048.293150033649,-40.63758337162592,1280.4363360030338,-12538.927070244257,-24963.217640574687,-3458.2530164336667,-4526.204080561604,-38674.682370588824,-17337.458558364655,-14649.09148019323,95737.62565767026,-7461.189778351229,-6365.486353486878,-17881.757824129603,-11365.339268725158,-40849.485845775256,-8942.558459837326,-12636.838931090682,8045.190816579317,-11378.145710096946,-16749.46420762274,-84526.31171286652,-30078.69239982785,4484.320871573363,11290.456916481176,847.5231210108225,1553.3309871593578
2022-12-03,-20266.606813377628,629.0777791829469,18090.67898670872,-906768.2449761431,-144402.19791198685,-97929.17683932927,-19442.90922880687,-359064.14894754963,12957.088449731644,-9027.206030437217,10815.176400652264,-117013.49646509526,-9794.544921694913,-21874.015643129147,-3048.072216963657,-26583.528588896712,-25377.450247676275,-30393.93377899507,-26520.904872453182,14292.824953546213,-2329.552921982924,-3187.724803551745,-4601.690867671021,6593.886553172393,-26026.982822078804,1131.0890172103254,-26027.163571380253,-238258.77276913007,-149.55972402419775,-1906.3229670178487,159.825871178138,681.8951660473638,1033.5150545007823,-106.91461431645014,1325.2559118579463,-18698.526092560645,-15914.502954514406,-2004.10807795309,-3642.667855921161,-41727.135694882,-18524.48910352005,-34212.241412000454,72126.73458610654,-8530.015427499457,-7554.268027781583,-16960.23394727173,-12884.71358228146,350.75301852637494,-9650.41443943687,-21492.174131737032,-31863.59901564906,-16891.286141896755,26769.033203003764,-34102.72502782017,-12062.919555351467,5390.863328099708,12462.45464940484,723.6926920441344,12259.330055864502
2022-12-04,-24026.060984239877,-920.417904721396,12398.738137655804,-876108.7790025689,-68108.41364227599,-103764.53475718874,-19285.498749441897,-400917.70901406487,10831.058889120603,-7679.842054312519,18191.534683220205,-107603.10583548559,-4332.32164662867,-4985.286283914085,-3516.744711761773,-14220.108245579995,-16184.660108761569,-29494.424659146833,-26006.272664275944,11305.112336864115,-2907.8673803331376,-3225.1333095747877,-6368.848310420397,10278.602463798976,48861.771489579056,-17203.561652494296,2148.6191633801236,-240352.24280674834,-169.53459429908503,-1517.5900981328357,330.94028070146925,666.8389478367369,1231.8738184495392,-68.97650509186451,1281.8063965222111,-14246.094818501748,23667.82134469116,-2595.146960037279,1454.6079538071663,-39738.26808263153,-15041.072479322505,-97095.91520030415,-58677.30689803899,-6189.416767829,-5594.467371633967,-15929.299912738714,-11709.780551138425,-30433.510122774904,-7760.870562809207,-23935.514315571523,3276.354603387274,8583.011269074927,-146205.1771995884,-26208.857406309602,19119.30160190515,8106.350632574378,14002.514219907087,673.7491654100377,13851.837853561146
2022-12-05,-4434.113033633433,219.19220246166878,18875.31467043646,-862462.0367894934,-119766.87152901103,-99122.0633148092,-2941.058719457426,-378837.69423508644,26270.857874059715,7422.920215125422,16129.913786946292,-120708.6966835342,6019.196389980405,4096.726707792706,-1721.2398021820363,-13512.184712681152,-18382.60715879119,-24944.102413208348,-23422.98529230978,13564.358933639882,-756.9997079228835,-1047.3753981184555,-2252.221484061999,9676.953152147607,43436.088884395765,2794.7990871342213,43465.81295838619,-131397.03499062528,-1620.8943491260466,-3053.495328277835,19.355627726964457,-359.96309287653395,1200.9144953341024,-135.25353603668873,1320.9836382537055,-7878.729320051275,26768.53038048727,-3051.30136159441,-3283.1268828057164,-41306.343879096195,-18264.493770622925,-83996.29900220394,-55205.3053940227,-8656.711272854993,-5136.043833383554,-15465.295018808092,-13022.914227364903,-28718.253918169794,-7883.065450343007,-21229.8655845325,5405.806600512082,8839.190757558554,24941.047365585022,-11279.111898814166,20506.18896895628,10043.791219403898,12749.826045768816,664.957294413032,2231.033377530781
2022-12-06,-25021.876280446217,-456.1782447491503,17355.26657661706,-778658.2991302693,-98633.99149325694,-103598.58027210602,-5223.276744884616,-391162.4214397748,25725.71250203925,7909.551689617918,16130.538930700859,-128549.82305186945,3749.115197362079,-5283.882318452353,-1421.3548674194444,-24139.646377412377,-14616.235143307833,-18349.2592441952,-28619.142471018953,14778.145621969936,545.8178429012228,-2135.3988890117735,447.9344274336078,12939.658121122306,27636.706912699592,-549.6677353145647,13898.754246259079,-95002.32221386982,-1976.8167521325367,-3213.5408891384477,367.6840749519266,-366.75541122065016,1249.5049653490532,-126.91120799655864,1305.8861320426595,12615.424722410207,23773.611339761403,-3216.199699583197,-2013.9427077143112,-41134.240361811964,-14940.317937487122,-94097.47226252599,-55113.46710102253,-9388.548904930632,-3370.8310647061644,-15685.153544759985,-9067.152004598272,-29066.534638952002,-7576.438520755477,-19464.766896684363,-13660.621423293564,16305.408007377775,-25532.277220304186,-3242.7225485510426,-13606.353502525923,9777.753391450491,12157.003077019537,776.7259815896338,1512.4948926168681
2022-12-07,-27184.0848032946,-119.50681861809338,19304.129159775046,-840223.0400958069,-206392.69735393891,-107925.24028623026,-11468.663506267432,-375311.97979865724,19203.826411499635,4689.594825251915,16149.147578135322,-121578.4090593355,-8831.61301641103,-7044.435674569905,-1796.1948110706767,-29992.676442675573,-17431.076049065032,-23596.098532697943,-26282.81939143207,11175.045820012283,161.5144024824769,214.0222368893501,-1143.8314128618508,11207.689942662419,-6495.441447946056,-5832.356156336693,2103.798249452279,-64666.456966042,392.49766852735837,-4595.854652242179,267.4603631565168,-403.37707336054274,1167.9517878145712,-60.634177051734426,1306.6251651741964,20702.84747683432,838.4519219265239,-4241.376490879844,-3739.082990539415,-45107.891977212494,-22381.770130319448,-98685.5476695268,-47704.50806592124,-12151.438152701552,-7060.136365268368,-16536.22852691022,-8164.0729928283245,-35434.59047606209,-11477.148104144368,-12553.900567423256,-8846.194612321058,4400.08878006831,-39153.11956426382,24333.2785545235,-28217.730123348287,6005.892003369775,12115.109810233775,856.118448349395,2975.899173308004
2022-12-08,-25642.54066793129,4403.517909945213,10785.798033335977,-907731.161590389,-161226.46519238967,-104358.92419210944,-6668.134394378702,-385474.1686427173,19022.28837490888,3356.690821450842,19312.940711104395,-119320.52719178991,-10123.850427469853,-1834.0040602308577,-843.0375516930121,-20956.20360147333,-19673.477823026147,-27762.43986964255,-24900.99599390269,10967.898203194822,-3182.551105107073,-372.0454449624426,-5274.22392113528,10272.21864201564,47713.48838634159,-7360.773744918801,-3454.496312730215,-41661.293404673015,-2304.8857341239136,-3926.440298737648,344.473814411316,-367.9779873620076,1187.837468966915,-135.25353603668873,1327.2211747261233,9409.219570952158,-33006.8625896505,-3435.543428088702,-2643.048706755273,-41741.400207034756,-30662.88000835335,-100844.23235490167,-51528.53629639224,-9277.051161043988,-12460.754049076879,-17436.689466765893,-15514.672475884148,-27300.37432747337,-8962.562140215934,-16465.857208246336,-21534.284765279688,13611.07105639731,-11093.380979655778,-3459.63061629511,12651.947734244335,4145.23555377385,8741.857653202602,598.4992196320143,2031.8383883083834
2022-12-09,-12329.638501292658,4948.476536665659,16548.48239297266,-892684.5427892895,-149231.61068146204,-110056.88632685898,-3461.0530179765224,-385917.8003370905,19798.717018225587,5886.139159207964,15721.354803630878,-124026.11820549291,-6153.128052288369,1580.1764733583113,-2134.232807031927,-20290.05721643629,-19588.25818010252,-27628.293650549043,-25249.693290890926,14419.01844457395,-944.9164847056686,-1125.7591101175537,-3511.5854855766383,12905.276743608425,38626.654670904005,-11732.143000253,-26858.55942828769,-34270.99473670425,4938.824483511026,-2382.6164290072325,344.473814411316,-1080.0014720546587,1424.538843432723,-68.97650509186451,1288.5130271513453,-9077.549019288224,-28668.319714504065,-3594.595484308938,-3339.843131195992,-25402.191199276767,-18631.51157249612,-89603.02638035067,-31182.37555100698,-3754.547796424101,-6365.4944479073965,-20716.44765579679,-11568.955200330316,-27034.044597245724,-13077.850644611524,-4652.576640993584,8125.115962148728,408.8262414223482,15679.781396632661,-90623.42911021198,27782.899132225153,8887.217041661323,10136.252333343476,725.8015109163563,1487.1198948594292
2022-12-10,-14911.248890632063,4464.377762239324,13633.87576863501,-850633.4509674977,-167703.46020313882,-95062.79478239844,-9314.426707053357,-365065.66917026776,20470.861623746267,8539.846752480435,18971.221358870353,-131411.31288836998,-2343.7738959986777,396.5103857288559,-1826.8181284476009,-20621.717184918816,-15550.639211504464,-22453.771379493803,-22381.437545636512,11619.819730077037,-694.1648407116522,-190.94120925570996,-4289.20742211574,12045.724978010516,57413.89323087444,-4345.1277184474875,-27284.53160433002,-1994.7968763130125,3049.8152700523024,-2071.4846674953124,280.3578179000599,729.4473968823247,1428.2297678486962,-135.25353603668873,1402.463810241858,-11694.034588617007,-17090.29915144941,-2657.724612404627,-2844.721798127094,-20950.543893552604,-13976.064886215014,-83281.67113586378,-35295.762797866555,-2920.7957530301874,-4345.006818865968,-16012.181312567187,-4572.110399266211,-8933.022618125406,-9966.620786476193,-28714.67197423538,-7943.084054408222,-1017.6417313645485,12068.389690943586,54288.10922838653,-18709.262720416606,10648.315580774643,11230.13808516496,695.6917448885779,18756.138005210894
2022-12-11,-26448.516798774668,-218.5287418877891,18742.779745642776,-777276.0530741098,-192645.677757343,-27511.239311314555,-24853.476993270997,-381735.0889919469,19162.387856178866,9247.469818986836,21628.008547852638,-129208.02808009015,-4652.220414056939,-1427.231189974172,83.80784558848245,-28902.583020717626,-15558.070941193175,-28652.42715903608,-29482.32074704283,4427.6583024685115,1339.825745294664,-418.64221215025896,-4529.801479554254,11506.264734494105,3400.649649795742,-5612.466022554111,175.5512825045589,9479.18048838685,3848.3877609549572,-3010.9230903496655,382.4604750988864,1208.2215210278325,1433.070771266665,-68.97650509186451,1395.526272240959,-11173.084880024184,22551.42790615908,-3875.730702195798,-3245.770320953782,-24077.877083314364,-12379.502530731615,-81881.44424110757,-25015.6627459843,-3945.1056016592183,-3274.4474983203722,-20142.061804440837,-3113.729474968608,-10678.650527925984,-13585.58358780433,-12321.55880245076,-4860.397789845834,1064.689466795323,20060.153591878152,16237.017751999287,-24178.240031363464,9744.588072829034,13258.132523590404,804.6660213877469,12214.345374567689
2022-12-12,8763.884365175782,449.933959294925,17548.66577107626,-856280.5304945739,-197145.49122074217,-90648.96320122603,-9041.126485656907,-352035.5358814651,24970.926952209837,7204.8227518321855,22137.853894240805,-123412.90195410557,1338.2519681966696,12781.02162134373,77.4085605828866,-22052.90418866158,-15877.33573143907,-18901.730628111764,-23343.506554150044,9312.988395687435,1922.228232843846,2800.7915871831624,-926.7506582043982,11374.091518278794,35603.626486435474,-3555.3248001388138,47887.64059487385,12702.502713240116,5699.086095814313,4545.793977511042,196.98753621903953,-403.37707336054274,1387.4676786703455,-68.97650509186451,1405.5081071492905,-9747.703387941907,28120.409057009223,-2929.2874100395975,-2931.0882166607907,-23021.29798306906,-15357.766834114638,-19121.24932156969,-23755.023052580087,-2944.601553189039,-6251.7394079527385,-14666.754553076675,-1773.809870873205,4121.990543923492,-8455.106793678024,-13645.723123128017,3914.919041752475,1917.3417014488293,27469.005033774058,-18372.0896522455,-15118.030160108914,11793.573645220727,12019.210812956966,850.5459567443289,2740.372174043521
2022-12-13,-11931.572514335208,-304.04290480161274,13447.908295169833,-706051.058634551,-264870.00821954524,-60635.431189527895,-1540.9438561806041,-379440.1863106702,26696.0927778615,5925.772196709602,21073.833645878316,-124414.16627368746,-4979.969288125434,24309.241340032946,2251.087709389648,-25522.78201318824,-24255.75030134454,-28464.452711694004,-28692.942764729116,3929.0257966032777,-1359.486170299675,-851.336897546707,-75.46882456775933,11698.728763753152,38594.349946995906,-2397.983671935519,11940.068762222996,9460.3018728418,6254.392503965742,3808.221681792517,94.88487902021312,-399.99648864374586,1446.2154897391601,-135.25353603668873,1413.8896648498294,6220.955493267946,23732.932078495156,-3616.1481924650266,-4355.15435250796,-26762.50707481565,-17643.864947646594,-18714.91021706551,-27925.37252876369,-4530.789398332159,-5868.96864529147,-8633.904127448739,-5600.801916934925,-463.99697934657354,-12420.009252610307,-21601.65517948694,-9208.872701088658,5158.473590702131,9215.455228064642,42594.22010900779,-26411.83754526625,4012.052561048743,9338.096912080542,849.2127142416992,1428.3559858325277
2022-12-14,-19062.32612110509,-99.36071208861429,16952.66218019391,-828332.6546434206,-228053.4222631234,-119501.30914638285,-14151.247480815664,-366875.63962416735,16994.19431469671,7486.63022207848,16390.47698308868,-119952.28721061682,-11301.311009134753,25109.943868359238,16638.677217472417,-26209.621136367503,-16526.458379129872,-20775.95122905164,-28198.841010446195,6831.705686155108,2606.4419170311976,2316.9402156493165,-628.0226083633289,12281.448240115722,26647.67722140887,-16316.84331149078,7384.292412555837,10748.902615234325,6913.725989945522,3584.0171042493134,97.88671726773985,-403.37707336054274,1345.0947192913122,-68.97650509186451,1343.3417943548707,28953.235067273752,-314.46126604191204,-3954.187703509111,-3933.9984905900096,-31106.350321973165,-19944.761114426943,17721.77120044766,-25783.87576626789,-6121.5636502188345,-9605.229091440662,-17974.469156682764,-5024.088277495744,-691.9347783465696,-7499.45405244785,-1312.4203933350066,-18926.99844682905,12298.812660650507,4048.456168719101,13771.201337360997,-41398.22383622769,7581.848980086464,11166.052081343953,902.5661971359804,2729.509449185385
2022-12-15,9931.312430897357,147.38389187932967,18647.098935523936,-798561.2068916331,-241923.1764891828,-115340.7086248346,-12608.325256706352,-372386.73100149736,19898.344917861148,10690.31839712686,18908.82700050404,-124466.551932334,-8946.130494057483,35019.9861277826,16653.848537858234,-24986.85470339359,-17395.419112247808,-17309.55037549227,-24730.751439823754,11311.670557901027,552.9389344502063,-350.077474209251,-1961.148639626744,13993.13843535451,10380.308830004955,-5545.619721976332,2298.0070342763847,11094.610055483317,7947.282456096321,3448.4098460121404,197.40003404237396,-367.9779873620076,1365.7866138225622,-126.91120799655864,1400.7682722535333,7890.7868434554985,-29736.449188813927,-2523.15991276795,-1754.0510413070087,-26753.557103843043,-18227.833150785114,28362.500895113742,-32890.38901054306,-5250.156116069693,-8679.605806449534,-18341.807191444925,-4011.826264308324,11855.936753116091,-11495.889923621733,-8544.673772983035,-5830.137759239573,-2008.779337486004,-16773.596776909584,-23800.57377517271,-36579.60091542279,9106.636167564655,11756.498770603082,913.9632520177747,1612.0254585373316
2022-12-16,1939.5258016463795,36.17022955702771,19996.23392918609,-847058.7039271937,-229513.47140158078,-118558.26836746538,-4247.926898385561,-331980.6657179367,15845.67204807685,4088.8556399859567,18856.440720385843,-120245.90744274088,-6677.340621310784,30792.131148445373,21167.023823431562,-22929.077353598375,-17401.771406384825,-15468.402632400313,-22143.506788121253,9546.356788130193,609.7063063527789,697.4506163514475,-2047.9653488282468,11917.844888626034,48160.24772750649,-12213.486870747529,-34982.23409438262,13091.059940344527,4256.0371104701,3623.609007540836,197.40003404237396,-1044.6023860561236,1398.7492603069372,-135.25353603668873,1400.2213892471718,-12836.465075181171,-30329.261755254636,-2020.0023620941843,-1949.6117770823912,-26319.26957852653,-11844.347127993515,30729.156816172344,-28184.37480109127,-5354.756523495398,-5817.475803698133,-14016.982249113878,-4385.846744158598,4348.4522871516765,-11718.17688817027,-10465.081132694504,-9450.359385774213,-3759.0324802837395,-13243.03219825152,-30176.070087384694,-18765.56153906489,10673.90093823738,11445.016552104758,871.4053080684765,1897.9694077599777
2022-12-17,-16357.071428063926,25.98077237670975,15898.051361510163,-845868.6259806019,-212746.9960701039,-117511.45557052575,-11817.040090285995,-331655.1345758925,10932.292459538217,6570.334045857996,20107.08676065804,-124304.82119224635,473.86116771185107,43120.31867011015,17792.178803840405,-23938.797455325166,-17562.11401034194,-16273.867987205202,-23015.182232453408,9167.895606141568,1277.9611949838036,1383.9405600038913,-3571.718641375315,11056.288372303523,47108.28728941579,-13579.434186594432,-34765.62433757825,12639.151625749848,2631.1937279073536,1889.1139304848894,159.825871178138,681.8951660473638,1364.8130440691357,-135.25353603668873,1402.261299548713,-19922.243633563794,-20122.845638363775,-2141.5853484690992,-2013.6924655589537,-28389.8189778157,-10364.468130048022,43529.61273202015,-30403.722790812357,-5841.551928956019,-4616.170618851114,-13000.81519724647,-6331.547077952233,-359.55749155772946,-14178.778263641398,-14033.204160404888,-6852.184626384678,20552.842394239236,-16976.951618898842,-3892.816754839706,-19087.736857632197,6617.05706854359,10342.836458950493,813.617164168139,13555.78713432083
2022-12-18,4269.507702740413,39.05145319439026,15732.276528997012,-879032.3191119407,-219679.17550264086,-131758.87197950948,-4569.095413101527,-325594.5807028954,22766.38119928446,7473.441637987343,18472.22952799708,-117636.35152305095,-6854.932972884593,40268.916042639845,27436.19394595283,-19050.098388746897,-15608.025655269608,-19492.300910964357,-21190.453826189347,8848.91540610171,-1121.356391260748,-638.006969126561,-3955.7391784309966,10951.038239490143,54119.86691660577,-11332.643411570332,2163.7550595691264,15373.568398852152,4667.6425328919895,4126.162431377237,159.41337335480355,681.8951660473638,1364.8130440691357,-135.25353603668873,1410.242475458644,-8099.490212128234,27543.859146487146,-1321.6587590289557,-1919.0019388612461,-30096.51391865973,-11021.91315577792,79918.6085539981,-32103.92319301091,-5291.729332164876,-4206.534690094479,-14439.8325590442,-7820.995135251183,719.2422082024545,-13806.918327698724,-15262.861656763138,-5538.79185983718,20001.217189088085,6813.979199842081,30295.00171991564,-13088.569751988955,11657.596356798904,13157.655353529746,955.2100686650143,16846.201915063135
2022-12-19,-18117.571980547982,-337.2108797343478,18036.847268320336,-678132.2252663282,-186044.2687881893,-131391.7348632546,-5344.779704823273,-337794.31257728674,11005.968020594457,8878.988401533858,22077.992190659963,-122338.2544342146,-2633.5199859668264,39280.89417629805,2894.678749559932,-24951.5733313757,-16369.107857485267,-10136.21700147161,-20232.321447963517,15320.30488642429,3525.7667744901473,3585.7676256809573,-532.7100400639167,16322.312302118806,32839.25563527994,-7802.155387330693,40555.40098807475,14600.054633040127,6091.270644356902,6043.853042573166,219.78529893631574,-722.3711071740192,1452.3387807547851,-68.97650509186451,1337.722796144059,-9095.776295668531,25027.887156359706,-2753.011136485512,-289.1481734955513,-27804.274912101588,-4528.435986471971,44314.27712108217,-39876.33771200306,-3390.9207383157022,-7305.067172410884,-9668.623878810284,-10684.731866838258,15182.491826170753,2764.040473265713,-9365.72456861882,-22085.72575101612,782.6103678680042,4769.109041989828,65650.31454748074,42744.90017147428,7365.689265034814,11262.026709641672,876.1890548892687,2545.9323625660545
2022-12-20,-21206.654859059825,19.213659293557612,11403.151452485605,-620311.6726235531,-271465.00255285413,-135926.85480144044,-2927.2036759764223,-329915.4131095322,11818.092912265898,11198.971788564735,21835.867605194187,-115167.62908468489,-3524.3814337719054,33823.49103595985,4518.358509043016,-21067.126225572712,-16507.151608280652,-10282.425780464779,-21982.917078421015,8448.188044902536,581.2608568506132,-220.83534839492836,-49.064057653720965,15113.667355479174,25739.355797548575,815.7814872644876,12614.657401697277,11869.01303807394,5930.364812839056,4252.247541639508,196.98753621903953,-367.9779873620076,1450.863457084281,-135.25353603668873,1408.8247134016963,10358.93864677671,27259.042225475143,-2136.592718942181,-1594.4085483399979,-29057.126588819407,-8458.781599153392,34424.03212329812,-37114.923541429234,-4508.830283224064,-5765.471981691111,-10357.249465634917,2439.270217119268,5109.211626836457,4244.771770528836,-25275.02904702338,-6693.138683844933,14504.922975274152,5482.630463160929,-12243.55719402061,6280.8081728956895,1801.7358015440143,8303.500808444329,987.6885904629643,1625.9170167151303
2022-12-21,-24438.82917723945,26.285249355942,15832.07104867117,-704495.260647556,-249418.3246678799,-141262.87259698263,-13892.549593644851,-335243.4420519866,7234.366650141161,8867.771817413202,18497.084287332546,-119098.30031520984,-14870.281832732662,18732.146373284595,7661.131192554979,-26418.565594288775,-18050.89563909618,-17439.662556291994,-22704.378850693338,8461.583563785214,2441.3880797924994,1678.9167455229822,-1299.4351057587987,11714.663618144816,-4836.980523772387,-3365.1227829986797,7914.562068060945,17575.718619486623,9399.043281880531,3863.4360347504085,135.46088013197578,-403.37707336054274,1388.7958911663122,-68.97650509186451,1332.9064178200647,29147.76532699428,1627.6922111006525,-3147.978168197029,-1556.6975000516445,-27678.944238913056,-16255.550599113478,34218.730347867175,-46807.15783730896,-5707.189227705475,-8890.076295431538,-11966.119287019454,20616.00671893425,3683.295194428736,9671.44234622702,-9495.533195972885,-9760.398140883057,5423.746381003684,7867.43450995772,53740.673143740314,-20053.869263360386,4132.670486387962,8227.810782038967,934.3736373120112,2161.411604169054
2022-12-22,-22922.180325821508,-73.13901062193727,19439.170604826286,-705606.5232313349,-237832.72091070603,-128196.80630106962,-9361.748053139896,-337295.0403708014,9415.91107500869,8005.229039284166,19042.90988682328,-120567.58408422682,-18198.496266904032,41808.654881348215,6949.830248421348,-23637.90381144837,-19103.594595293333,-15733.769102325865,-20741.751745453257,10673.312353521691,782.3069115475663,546.471639874308,-2858.920565908121,13240.597889063929,-9506.453533537799,936.1349334431566,2805.9157275695156,16479.76564243186,9540.23544912873,3814.838922730473,159.825871178138,-403.37707336054274,1388.7958911663122,-68.97650509186451,1326.9741921054465,8974.913510879884,-29730.560473845577,-3138.603419656638,-827.4538085993545,-27385.857407367344,-14551.848132905836,26548.33620394644,-47678.644703099126,-5983.240874508176,-8374.67018986331,-19453.59840885395,21669.173816349128,1148.9229369715147,12894.323143592188,-1944.7232242214902,-4670.016729231069,17521.95888434306,-20212.478061635884,69524.31326592198,-31490.82220100648,3617.004190368354,8444.248751842628,949.3472870530956,1865.5005187177255
2022-12-23,-9330.87674498803,347.5896959864265,15038.826546803853,-686619.1754721235,-227434.96796938012,-128691.09086201701,-12203.960138760234,-330788.42321138596,11606.341193859675,5531.157346996613,21594.365626358493,-119249.14480090316,-19110.78380040317,43987.2557648949,12667.437659840749,-26345.314665859463,-17619.44331465408,-17289.128151931254,-19431.296254011042,15153.0301448663,2738.5237362669454,1231.3992573266191,-1808.636602290742,16784.327044324258,-7283.771073527561,8812.956764931809,-34525.1561930319,12709.175843376419,2971.3928208359775,3779.989835985304,197.40003404237396,-1044.6023860561236,1355.8332446819372,-135.25353603668873,1393.2332588777042,-13134.186971700747,-32383.005996363026,-1299.4187898107662,-1846.2861783979847,-25408.004732422232,-13052.119638661987,7709.327588625789,-63382.596785216025,-5758.655242463282,-4789.66877729983,-16061.293703837368,-18181.06946263834,-2697.4248407094315,-19728.331391029285,-17003.035611414947,-7249.022329775395,9131.470536071567,7107.983405727558,-2587.3516970312503,-41990.21416811975,5226.804793583164,8109.828929087652,904.8795451438845,1543.311438649038
2022-12-24,-12609.971141704382,181.04307436235388,16747.750368815978,-847401.1874748187,-229163.12221036432,-126187.22807589559,-10427.523214676577,-323734.1843865597,11849.598479825221,4232.97308054064,18370.000123424754,-115469.1521948573,-17345.274881116464,38203.555203997035,11341.445807930515,-24185.251992275844,-15394.13986550823,-20551.385510834516,-22770.132073435772,15352.431778166607,1275.4626235717164,152.48576170162892,-4310.793235067711,10552.603622804263,-16101.432489385257,8684.64158123301,-32617.333260200212,6332.093646425643,1333.1080684759884,4098.189652766045,-165.2923155062135,681.8951660473638,1277.929804323042,-159.01179104157154,1362.9786535547091,-14428.012632504528,-20086.405920445257,-1289.8108636973222,-1980.362813640783,-26929.57412818173,-10049.234325360994,10165.760584447917,-70890.564298557,-5796.151884460057,-2864.299020172214,-14331.652386398111,-54750.21935256479,-3382.6025101859373,-18405.689718655412,-14723.452607014086,-35371.140283816414,11560.043905540313,26750.434747060386,14619.980049811613,-25495.580016957443,6594.092911929885,10207.357261347956,892.4480934974414,18936.023119558144
2022-12-25,-16119.695668319815,-304.9782500701089,12408.008164637497,-878043.84471808,-152168.90239868173,-130976.18870351747,-18464.935194483893,-325655.7842442683,12763.21705658801,-655.2463261509636,19331.886776819367,-115110.19726877722,-15221.609961039272,22945.99706963476,8277.52068505025,-24305.896203944103,-11478.881186010824,-18734.084617125707,-21447.716258770775,8344.098841728188,3438.030968937929,-1380.5821342732092,-3818.4556742644145,10599.131369640607,-26024.65634876092,4059.600533192999,-3957.7227792276835,23802.807681111888,1299.2157421068803,2493.999193328029,165.20924622906642,660.0957660977206,1373.3276596534156,-92.73475246735279,1364.6075771734822,-15144.902520362384,26105.495739520375,-1366.2925276268231,-1762.2861711865226,-29031.09832568905,-11287.92243780601,32503.268210970684,-60729.16033612563,-5133.829005308851,-3897.9161782476385,-15245.001751556118,-65434.07895610643,-2203.3284120349567,-18445.511222612746,-31308.68779770494,-5560.334841588496,13799.114248617092,6262.468867624069,-57706.4305235699,-39446.674717126865,7047.7937155943855,10146.149426583705,889.9888361918366,12819.978709315894
2022-12-26,-1763.8234384434206,-698.3619735166303,13174.881457698128,-911135.7391513214,-152004.6801928298,-115404.38690023802,4086.0385637317986,-286579.7817996781,16201.57201375803,3784.936344994746,23499.51085576046,-103081.1907636758,-13543.78709301501,25431.367858781603,14528.782041520302,-17676.35065421083,-11226.866082849308,-18038.318765024014,-22248.903313876806,11571.756810622674,4815.244648847324,1102.2323858506047,-1569.2190796028065,10811.866699143704,70166.41524134087,7163.54041164736,52880.85406912112,43704.38204327945,2615.449360260796,4742.3968035906055,165.20924622906642,-356.0506877909226,1416.5177236050818,-159.01179104157154,1368.9562770957668,-10600.295561400206,35848.44864319193,-1546.4556472343697,-1591.2101916352053,-25302.500913621785,-14229.86491784063,34402.84329194935,-58863.10013734169,-5297.047573667722,-6638.485200447671,-17261.28025072188,-52416.215273547845,-91.25596747511895,-1618.4864989094744,-22887.414848374785,-7586.600427796379,15736.233310624279,1467.8635279861765,23330.239736838666,-14582.172957443388,17683.565293100626,15997.452264480708,718.0810878995217,5267.840827389261
2022-12-27,17032.660500106034,-973.5946205629293,8699.949994902885,-658248.8137612945,-200690.3656228003,-159133.60725838167,13667.6007520793,-224032.08000894412,12905.986522668614,7450.529083892882,23559.028762678674,-110999.19591684878,-18882.027096807957,11505.784814854964,14511.75197750801,-24004.870949602508,-20236.852972857014,-10670.963248747228,-21948.43677004204,14132.204717681312,3302.4556672651856,1480.2060038590407,-471.97230836589637,11433.157457382093,65187.907481997485,4116.782558297512,9688.296504373198,65584.65348314508,314.0833484640266,5724.3116950691365,63.10658903024006,-396.0840835581345,1462.050447317858,-159.01179104157154,1369.2991195747845,10374.78307708297,30263.78166804395,-1906.9389858951304,-1802.188551889887,-31416.67601124275,-13776.559563967214,35942.46344574746,-64388.721506460686,-5342.832771003504,-5840.327393640449,-13746.930643261503,-56584.97911410056,-1811.439146670794,13479.028832609536,-23383.16048715323,-16509.900858034853,8928.578843978892,-39799.02370202533,10614.148271926591,-22539.892383452527,4478.557672376931,13649.537342589465,728.5123698972454,5529.941624369361
2022-12-28,-17178.666393684267,-1861.4087489069523,21988.3009307202,-656366.8744130546,-210811.13705791452,-151203.4290554821,-15282.138098785643,-216638.13242682605,15500.658701743632,9848.792995196574,19366.036130019354,-135999.70334860566,-11932.847946042031,37530.260336997075,5615.942825931329,-30662.07235085313,-24274.516743788427,10708.310153810431,-22539.82631254483,6746.996565007403,1186.2118380337292,-1274.90289693072,-1599.7713647811743,7576.038892636797,36247.62171952408,3656.47978689766,5487.441379500525,369386.410115244,9106.455328603959,3918.0932360873603,130.2658629246577,-399.4646682749314,1387.8500292988294,-72.73815878724429,1412.811600866146,28235.785751479296,10916.414337864866,-2455.812859367399,-3765.6995415691654,-21618.648992320494,-10462.032212232894,184023.4189240902,140632.88987188353,-4855.0198094550215,-10196.548734058859,-12894.250288784297,-47704.3156210982,5100.7510986148845,347930.1641793422,-18525.368526249375,-28184.387273667697,38575.397758064486,-184212.55197045184,103905.18752123263,-5685.941740799792,13868.99594105306,15345.964312023436,729.8617531824766,5355.676051676138
2022-12-29,5713.84661355541,-1663.1237457795517,7774.33996172414,-194722.19027230446,-277466.18864217895,-174872.52443406108,-23262.61011657828,-342279.671916421,14505.48963359948,2527.979972430651,9412.683384509102,-141655.01892873633,-16116.424091421428,19626.984972457234,-821.1401703743359,-25162.32737218417,-12749.191471382916,-6873.516767072731,-35165.68972446366,10425.537069338374,1481.9936170991334,-214.79832475776414,-2537.8395336147605,8869.465299729216,-21439.18831437949,3167.2946871123695,2858.6499167603924,287301.68768333306,3563.586949014691,4121.982155391315,145.21626338825914,-1023.4242477427049,1756.9518435628956,-139.01519736146304,1537.5128083764935,9435.686139798576,-35213.81484908195,-1293.4817615797494,-3424.5761685652656,-18928.146185443595,-17986.273470212895,127955.62251412438,140852.78887644212,-4264.494570280778,-10132.486120905414,-21181.269639827355,-27081.480193635394,-6477.602242343796,336030.7645773288,-48272.16229420172,-14010.657827366886,-26497.405556057587,-11417.084414603132,-31959.103281174877,-25788.470927310336,2606.790269187259,11582.359181026299,788.2152813655227,4746.77824876806
2022-12-30,-301.4458565245509,1392.8213988039763,15423.55038381216,-366621.27124882845,-367513.7604074195,-178594.2490403978,-31227.155795520935,-207959.3411491228,-2276.4616846410636,-13967.867035638594,7874.396882150965,-174171.15632049786,-24979.698891831253,-35939.57896898974,-3627.872968596953,-46408.81805138817,-20310.63986853034,-13239.56189131234,-34311.412951996725,10289.992981869187,-514.8874965469877,-1423.3525927312155,-2752.8567469519435,10666.459890671409,-39377.910835751914,14971.167390312228,-30989.239180823075,259782.0267432676,1523.6381531588943,448.26669153078467,139.5358970461198,-1703.4292006360397,2096.041189860128,-106.84146101377766,1522.7569929832077,-11035.060759029247,-30039.654007075456,-3766.9679210484946,-3907.4741750421167,-20216.70590297859,-11571.831983313703,29069.288018281186,223228.00884976418,-4237.205720420785,-7623.42381952156,-21597.187646408292,50963.044446598135,-7887.821030960949,263228.1903287436,-32671.8793797893,-40048.25212831861,-28668.573066709127,21097.166512114767,63783.9457137431,87695.87331961724,11135.435515214154,13140.304702114336,910.2604782878873,3940.7151929497304
2022-12-31,-20111.609242614482,827.5529622440947,12180.822840002107,-330307.5520980081,-359678.2972997433,-162043.25240705424,-26597.803112519738,-125448.34239501799,1417.2759362073502,-14121.5492239453,9507.564047235865,-162922.02093249458,-21396.341797037912,-25592.959128793947,-5777.250009793071,-31241.565658921147,-14776.15420199484,-13011.494735707,-29665.398107768655,6505.343297523669,-2220.192861592049,-3633.573685027119,-3864.318791252721,959.5456677545244,-76591.33013857444,25285.722437658096,-35333.42038533671,294496.84185333026,2725.969283646815,-948.0059923231819,308.6970451115623,2001.8294658963046,-59300.603284194585,-164.77617154786634,-140647.21327044396,-8393.899345342155,-28581.889490440444,-2846.146122852611,-5403.144685508871,-22951.846146877564,-15579.040288154352,338.2650306385058,173689.75855340046,-5060.392807525045,-6216.909672141876,-16604.76197713465,40234.173822138604,-4073.087494131715,262323.1678850432,-43885.97955995782,-39120.389928858145,-46920.95056453168,-23335.959070225403,-26232.116050771496,24499.11772998785,7482.863258667729,9706.554276517829,804.9469084198051,20482.795503817048
